{
"type": "FeatureCollection",
"name": "telangana-districts",
"crs": { "type": "name", "properties": { "name": "urn:ogc:def:crs:OGC:1.3:CRS84" } },
"features": [
{ "type": "Feature", "properties": { "DISTRICT": "ADILABAD", "Dist_LGD": "532" }, "geometry": { "type": "Polygon", "coordinates": [ [ [ 78.350721831414162, 19.205396633508773, 0.0 ], [ 78.347243917933781, 19.207425518957383, 0.0 ], [ 78.344329004747905, 19.207540852489849, 0.0 ], [ 78.341667411250214, 19.205807339368771, 0.0 ], [ 78.340075155165025, 19.205804957525686, 0.0 ], [ 78.338187973314888, 19.207962530072162, 0.0 ], [ 78.329759770190421, 19.207186916743336, 0.0 ], [ 78.326696874930718, 19.211183842879521, 0.0 ], [ 78.324413993109459, 19.212867940454277, 0.0 ], [ 78.319474066242492, 19.214249396675239, 0.0 ], [ 78.317216365338069, 19.215933399896425, 0.0 ], [ 78.313417604553891, 19.221507675424281, 0.0 ], [ 78.310023060525054, 19.223247713323584, 0.0 ], [ 78.308143832708637, 19.229712811129602, 0.0 ], [ 78.309310314677631, 19.231661814841271, 0.0 ], [ 78.307485806814029, 19.234528607649178, 0.0 ], [ 78.303995019509017, 19.235919877519411, 0.0 ], [ 78.305315218507133, 19.241518823458406, 0.0 ], [ 78.304453229814314, 19.243334245123656, 0.0 ], [ 78.301030977778055, 19.246640782019927, 0.0 ], [ 78.301057018137698, 19.252800976438117, 0.0 ], [ 78.299458990189976, 19.259571196159275, 0.0 ], [ 78.295728521618031, 19.262770570461146, 0.0 ], [ 78.292829046646304, 19.263964563334003, 0.0 ], [ 78.288070654392527, 19.265139364904865, 0.0 ], [ 78.281119736815953, 19.264702164892512, 0.0 ], [ 78.275507722851415, 19.266089277501109, 0.0 ], [ 78.273816405456785, 19.267638553349357, 0.0 ], [ 78.272385058237532, 19.272215781431509, 0.0 ], [ 78.271687283475316, 19.279581894837477, 0.0 ], [ 78.27038120090937, 19.281934412354275, 0.0 ], [ 78.261594095603229, 19.288950239140508, 0.0 ], [ 78.2524192061409, 19.290787271580765, 0.0 ], [ 78.248537357057003, 19.290516430478782, 0.0 ], [ 78.247859792670312, 19.292767011809111, 0.0 ], [ 78.242166051587816, 19.301922796600344, 0.0 ], [ 78.237491306472194, 19.305612253372701, 0.0 ], [ 78.230308212154469, 19.309058549289357, 0.0 ], [ 78.220981077967608, 19.310793258457075, 0.0 ], [ 78.21820064535757, 19.31267370538168, 0.0 ], [ 78.215754928196034, 19.310760565918908, 0.0 ], [ 78.212555555460739, 19.310252513556986, 0.0 ], [ 78.20760143681386, 19.307323793238439, 0.0 ], [ 78.203999496157607, 19.307082349086723, 0.0 ], [ 78.197430477158747, 19.309220126931439, 0.0 ], [ 78.196150933905287, 19.315663049201419, 0.0 ], [ 78.191726078589184, 19.318174256728739, 0.0 ], [ 78.190206484599216, 19.320776815989451, 0.0 ], [ 78.192277302625186, 19.325828856565089, 0.0 ], [ 78.189509855123589, 19.328968856631793, 0.0 ], [ 78.183238414930798, 19.329980769547877, 0.0 ], [ 78.175750259817562, 19.335688597281781, 0.0 ], [ 78.17214822758821, 19.349298865102451, 0.0 ], [ 78.172652148341868, 19.350518900787726, 0.0 ], [ 78.171744873058202, 19.354378489946072, 0.0 ], [ 78.172061483390578, 19.359718670625131, 0.0 ], [ 78.179226350383189, 19.362843528207211, 0.0 ], [ 78.176788558457204, 19.367400017774884, 0.0 ], [ 78.187672988010988, 19.39459295034051, 0.0 ], [ 78.176190019525876, 19.412262465767167, 0.0 ], [ 78.183818445650132, 19.412199969798049, 0.0 ], [ 78.192444187587171, 19.406694104074845, 0.0 ], [ 78.195065244615265, 19.406753716974929, 0.0 ], [ 78.198812502768362, 19.410157232535475, 0.0 ], [ 78.199185225533256, 19.414843027803567, 0.0 ], [ 78.200734774315492, 19.41619587918677, 0.0 ], [ 78.202530024799444, 19.419704918904301, 0.0 ], [ 78.205936440355387, 19.422179119071476, 0.0 ], [ 78.211586880005896, 19.428478454118654, 0.0 ], [ 78.219961331424116, 19.433018558038992, 0.0 ], [ 78.225011442237289, 19.430087733163518, 0.0 ], [ 78.22960259614203, 19.429774917032532, 0.0 ], [ 78.235610122450794, 19.426754482268905, 0.0 ], [ 78.23742863751778, 19.428732932411918, 0.0 ], [ 78.244508873154658, 19.428802531506324, 0.0 ], [ 78.246720712580924, 19.432171051965085, 0.0 ], [ 78.246480979574955, 19.435197868925719, 0.0 ], [ 78.253382281373774, 19.436768687388561, 0.0 ], [ 78.258306830639555, 19.441794959292732, 0.0 ], [ 78.262646867758107, 19.443059004144597, 0.0 ], [ 78.2637404289801, 19.448930275638766, 0.0 ], [ 78.268681131264685, 19.448466739038686, 0.0 ], [ 78.270439434603631, 19.456155143858393, 0.0 ], [ 78.274547764180284, 19.455240431517424, 0.0 ], [ 78.2869701131158, 19.448528638511661, 0.0 ], [ 78.291256294093145, 19.450369376319475, 0.0 ], [ 78.298653416063615, 19.451948308951057, 0.0 ], [ 78.302840080475107, 19.455020201823224, 0.0 ], [ 78.304508017274003, 19.456517957157406, 0.0 ], [ 78.306075088012221, 19.462723245620804, 0.0 ], [ 78.309223512829021, 19.481083899497484, 0.0 ], [ 78.298663504082597, 19.496812836663018, 0.0 ], [ 78.299011769512163, 19.498843382490666, 0.0 ], [ 78.294954934941643, 19.513170921147282, 0.0 ], [ 78.297012640467443, 19.513083539598735, 0.0 ], [ 78.295997496122908, 19.517370758984942, 0.0 ], [ 78.294671949393987, 19.51838645396321, 0.0 ], [ 78.291514525121016, 19.523906705104192, 0.0 ], [ 78.29039624889991, 19.527623931091167, 0.0 ], [ 78.292438584220221, 19.52931053314337, 0.0 ], [ 78.294109352843208, 19.534794247434217, 0.0 ], [ 78.292732159081936, 19.539086684684758, 0.0 ], [ 78.293229658914157, 19.542233590260611, 0.0 ], [ 78.284905638004844, 19.542310867414312, 0.0 ], [ 78.28393498678922, 19.541411590832826, 0.0 ], [ 78.275009010537829, 19.552045285573389, 0.0 ], [ 78.274310764800916, 19.553974587329638, 0.0 ], [ 78.275452765431837, 19.55612157196374, 0.0 ], [ 78.275251520885305, 19.562461674228903, 0.0 ], [ 78.293562938322253, 19.558984157340706, 0.0 ], [ 78.298148521711411, 19.564036955513437, 0.0 ], [ 78.297479649945544, 19.564648587529245, 0.0 ], [ 78.297285604988787, 19.567896703974974, 0.0 ], [ 78.303688912945404, 19.569320561416816, 0.0 ], [ 78.30424600053712, 19.572689169722057, 0.0 ], [ 78.300901995974442, 19.579069430239024, 0.0 ], [ 78.302373954426358, 19.583241660243694, 0.0 ], [ 78.303818647105047, 19.584782107158567, 0.0 ], [ 78.305455931977363, 19.602556209600738, 0.0 ], [ 78.304508924121023, 19.605430886490421, 0.0 ], [ 78.305566912100502, 19.607066537481661, 0.0 ], [ 78.297545649767955, 19.614206909692928, 0.0 ], [ 78.293899413560368, 19.619441785007631, 0.0 ], [ 78.292198629798534, 19.627413616212802, 0.0 ], [ 78.292082396055179, 19.642226160204217, 0.0 ], [ 78.290462494881083, 19.646001012025458, 0.0 ], [ 78.286703018600392, 19.64731204618435, 0.0 ], [ 78.284085903341193, 19.65037249367413, 0.0 ], [ 78.280882770205451, 19.650926384965391, 0.0 ], [ 78.279009729584331, 19.657641311997882, 0.0 ], [ 78.271047669883032, 19.658538811824982, 0.0 ], [ 78.27161880579304, 19.661911745335011, 0.0 ], [ 78.268911553154581, 19.66407289824194, 0.0 ], [ 78.262649047737995, 19.66506424239773, 0.0 ], [ 78.265791686601276, 19.673090137107241, 0.0 ], [ 78.269717638742122, 19.676010266372923, 0.0 ], [ 78.271082730595595, 19.678705316429902, 0.0 ], [ 78.273852291873766, 19.68441616169979, 0.0 ], [ 78.276185875024638, 19.692415346199965, 0.0 ], [ 78.287848782861872, 19.688035233916754, 0.0 ], [ 78.300186129113712, 19.687985104899585, 0.0 ], [ 78.303409047536732, 19.691204341700534, 0.0 ], [ 78.311821294927128, 19.691050463532378, 0.0 ], [ 78.31345166340941, 19.693107009319739, 0.0 ], [ 78.315732121000551, 19.702594372681787, 0.0 ], [ 78.318653771547474, 19.705525901293342, 0.0 ], [ 78.322047565813435, 19.707577579404443, 0.0 ], [ 78.33371184214306, 19.709450404601682, 0.0 ], [ 78.343134145777753, 19.713250020146472, 0.0 ], [ 78.343495478942302, 19.715469577620649, 0.0 ], [ 78.342185712547987, 19.71667964276509, 0.0 ], [ 78.339285748476087, 19.724156040938588, 0.0 ], [ 78.339816930734059, 19.726955038258101, 0.0 ], [ 78.342854841924037, 19.729783443898601, 0.0 ], [ 78.340818326802633, 19.733333049074513, 0.0 ], [ 78.341234596472162, 19.735756163865094, 0.0 ], [ 78.344635419382016, 19.738105365486359, 0.0 ], [ 78.349288731724172, 19.737975656891511, 0.0 ], [ 78.355545188751606, 19.752006520988889, 0.0 ], [ 78.358930903106099, 19.767933401348248, 0.0 ], [ 78.363653847292255, 19.775775000858708, 0.0 ], [ 78.36467465027448, 19.781231544851977, 0.0 ], [ 78.362326307123524, 19.790768542333232, 0.0 ], [ 78.360287821729827, 19.795137024419802, 0.0 ], [ 78.358890826670589, 19.802885237243522, 0.0 ], [ 78.357441718285656, 19.80543413041168, 0.0 ], [ 78.352375385280908, 19.807401042478272, 0.0 ], [ 78.350196917730358, 19.809933538322596, 0.0 ], [ 78.344799381032971, 19.813372655221293, 0.0 ], [ 78.334024560707292, 19.814591720856502, 0.0 ], [ 78.336773334703793, 19.833568800909315, 0.0 ], [ 78.336478881443242, 19.838089863702066, 0.0 ], [ 78.323224529600324, 19.841694256917151, 0.0 ], [ 78.313570401001897, 19.842711573464779, 0.0 ], [ 78.303854574726273, 19.840320778577979, 0.0 ], [ 78.301464306173699, 19.840418338603726, 0.0 ], [ 78.286075134138017, 19.847937142524181, 0.0 ], [ 78.285313280861743, 19.8566169836112, 0.0 ], [ 78.29188421991698, 19.861724508705588, 0.0 ], [ 78.298749406253506, 19.874970658846273, 0.0 ], [ 78.299089925145523, 19.879423277545417, 0.0 ], [ 78.302757227912707, 19.890420906775102, 0.0 ], [ 78.304005104117778, 19.900256669782628, 0.0 ], [ 78.306343456086751, 19.908176742053723, 0.0 ], [ 78.307027909007317, 19.914297558982842, 0.0 ], [ 78.319814822819652, 19.916705388404107, 0.0 ], [ 78.324317950149876, 19.916746259122476, 0.0 ], [ 78.329215315646564, 19.915662805911136, 0.0 ], [ 78.331778926793419, 19.913373836239561, 0.0 ], [ 78.333701296333942, 19.90912006950207, 0.0 ], [ 78.334092188789427, 19.905296588846575, 0.0 ], [ 78.325118159001292, 19.898149523007248, 0.0 ], [ 78.32436354248037, 19.894834479934399, 0.0 ], [ 78.327396353866163, 19.888571425928006, 0.0 ], [ 78.332088171139574, 19.884900375288268, 0.0 ], [ 78.3368794223706, 19.883003478323491, 0.0 ], [ 78.352664235384793, 19.88245686039404, 0.0 ], [ 78.36043355392475, 19.883395696286229, 0.0 ], [ 78.364858546597048, 19.880930514791352, 0.0 ], [ 78.369636348171724, 19.879772888264927, 0.0 ], [ 78.376756527039575, 19.88117844151763, 0.0 ], [ 78.380671277857616, 19.880436197043519, 0.0 ], [ 78.382375152739513, 19.877280773707163, 0.0 ], [ 78.383036374107007, 19.87390548461839, 0.0 ], [ 78.381594487252457, 19.867958539322156, 0.0 ], [ 78.382887674499628, 19.862600934798497, 0.0 ], [ 78.381824438829028, 19.861760778205845, 0.0 ], [ 78.381790392768281, 19.857041598923932, 0.0 ], [ 78.384419911714431, 19.852094509933792, 0.0 ], [ 78.386458311821386, 19.845359360758927, 0.0 ], [ 78.391758391045727, 19.842125975315909, 0.0 ], [ 78.402990451207529, 19.831865333663266, 0.0 ], [ 78.415310297406876, 19.824096384064099, 0.0 ], [ 78.422951936927006, 19.817626700970784, 0.0 ], [ 78.437370746089229, 19.813635592868899, 0.0 ], [ 78.451959778013233, 19.812880680295482, 0.0 ], [ 78.455527464969563, 19.813230349019221, 0.0 ], [ 78.469227046527308, 19.817718612154341, 0.0 ], [ 78.472459038635037, 19.817338268708273, 0.0 ], [ 78.475705821388985, 19.814633983731461, 0.0 ], [ 78.4831473325454, 19.80380993028929, 0.0 ], [ 78.483967828451554, 19.798267007324295, 0.0 ], [ 78.485035013589936, 19.796052130866684, 0.0 ], [ 78.487302055786927, 19.793979380049933, 0.0 ], [ 78.490238149453859, 19.792684456333323, 0.0 ], [ 78.495211321225057, 19.792631233066363, 0.0 ], [ 78.503663754429937, 19.795466752738918, 0.0 ], [ 78.507222882293874, 19.797548373533441, 0.0 ], [ 78.508461120029736, 19.80000568456763, 0.0 ], [ 78.508952329768718, 19.812050057164864, 0.0 ], [ 78.512152851635648, 19.814259046193389, 0.0 ], [ 78.515018324463526, 19.81893338497035, 0.0 ], [ 78.530777637146272, 19.818454691507835, 0.0 ], [ 78.537937625743041, 19.820054008334473, 0.0 ], [ 78.542286352635173, 19.823829875723334, 0.0 ], [ 78.552006507459737, 19.824084590915472, 0.0 ], [ 78.563227934906422, 19.821076182295752, 0.0 ], [ 78.5658759451956, 19.818527640156656, 0.0 ], [ 78.572287382169293, 19.815845730899103, 0.0 ], [ 78.579674984579071, 19.818086544613791, 0.0 ], [ 78.586119474918462, 19.818789010719577, 0.0 ], [ 78.592578625831166, 19.817519373619323, 0.0 ], [ 78.598842431511201, 19.817687329568763, 0.0 ], [ 78.600822585823607, 19.818530421371857, 0.0 ], [ 78.607311547943951, 19.817608063983535, 0.0 ], [ 78.611148275453971, 19.816319419848238, 0.0 ], [ 78.615191573660468, 19.811923375222197, 0.0 ], [ 78.618986679274144, 19.809979872730807, 0.0 ], [ 78.625517454232877, 19.808159326030779, 0.0 ], [ 78.640041609131174, 19.807070854339717, 0.0 ], [ 78.642742793787662, 19.807807023639953, 0.0 ], [ 78.655049996065515, 19.800191208762353, 0.0 ], [ 78.666353733355336, 19.799754773148756, 0.0 ], [ 78.67308660016505, 19.796639337102889, 0.0 ], [ 78.675134088517567, 19.79485970378439, 0.0 ], [ 78.692562543423008, 19.791026671887046, 0.0 ], [ 78.698954974374033, 19.78855740747349, 0.0 ], [ 78.701365191863715, 19.786736316058565, 0.0 ], [ 78.703213526178004, 19.782252468787547, 0.0 ], [ 78.704802000852581, 19.774436018704787, 0.0 ], [ 78.706094467123492, 19.772303117764569, 0.0 ], [ 78.711245399991711, 19.769457613667306, 0.0 ], [ 78.719160675532265, 19.76664824531213, 0.0 ], [ 78.722312953513409, 19.766507264553177, 0.0 ], [ 78.724146276722763, 19.767754287828719, 0.0 ], [ 78.728627783663356, 19.778653424603636, 0.0 ], [ 78.730024418450341, 19.780226177969624, 0.0 ], [ 78.735973936257579, 19.782851641400619, 0.0 ], [ 78.740057016942217, 19.783133152173392, 0.0 ], [ 78.746110266239498, 19.78116965646344, 0.0 ], [ 78.751710525091198, 19.774658574927994, 0.0 ], [ 78.756371012411989, 19.772505382982644, 0.0 ], [ 78.75897935492155, 19.772716159167228, 0.0 ], [ 78.765284499466318, 19.776879773045206, 0.0 ], [ 78.771122680890286, 19.779383344795306, 0.0 ], [ 78.777342610700444, 19.779859531128011, 0.0 ], [ 78.782365984598741, 19.778409699231339, 0.0 ], [ 78.786299896902278, 19.776526848292097, 0.0 ], [ 78.795629968469541, 19.767266379955512, 0.0 ], [ 78.796933615977849, 19.760009171865626, 0.0 ], [ 78.802160940232909, 19.756533796915516, 0.0 ], [ 78.806913529397875, 19.756888046145576, 0.0 ], [ 78.814719725535966, 19.76153150575114, 0.0 ], [ 78.816919006004582, 19.761832653590321, 0.0 ], [ 78.818499160496444, 19.761563934372919, 0.0 ], [ 78.825878265767287, 19.75514410568994, 0.0 ], [ 78.833513298425515, 19.760123084694285, 0.0 ], [ 78.840963453635908, 19.761890085002669, 0.0 ], [ 78.840395685452137, 19.756336258208975, 0.0 ], [ 78.845324069702031, 19.746881183046131, 0.0 ], [ 78.847952057492961, 19.735496983863523, 0.0 ], [ 78.851149598127392, 19.736126198951787, 0.0 ], [ 78.852368074036633, 19.727903728287028, 0.0 ], [ 78.849925792228589, 19.72423858929508, 0.0 ], [ 78.84942556016037, 19.72196916831993, 0.0 ], [ 78.854333105046919, 19.705845186896191, 0.0 ], [ 78.856220281926312, 19.703580410820582, 0.0 ], [ 78.859923086095634, 19.689491281114169, 0.0 ], [ 78.8571534633612, 19.689619159056033, 0.0 ], [ 78.855691920313859, 19.686660908740429, 0.0 ], [ 78.855837949296827, 19.677306054610078, 0.0 ], [ 78.85239394581663, 19.664863705171651, 0.0 ], [ 78.851920303911925, 19.658360820662729, 0.0 ], [ 78.861590337523154, 19.65740528009847, 0.0 ], [ 78.868094175897696, 19.659025143873873, 0.0 ], [ 78.874383669472252, 19.657235615364975, 0.0 ], [ 78.880019629627327, 19.657250854395258, 0.0 ], [ 78.883116059190357, 19.655012797010141, 0.0 ], [ 78.886726814480014, 19.655071367772862, 0.0 ], [ 78.888933713883759, 19.656654063010301, 0.0 ], [ 78.890478326181423, 19.659409637022531, 0.0 ], [ 78.886446186130314, 19.662453227982741, 0.0 ], [ 78.891757375381999, 19.663729439264934, 0.0 ], [ 78.892897706759939, 19.664681220935751, 0.0 ], [ 78.896005963604949, 19.664456063384147, 0.0 ], [ 78.901331132801928, 19.667519495405632, 0.0 ], [ 78.902315736007722, 19.670036190293462, 0.0 ], [ 78.903535715325049, 19.670009076726249, 0.0 ], [ 78.907683098555594, 19.667986130743028, 0.0 ], [ 78.911652266284406, 19.669107533673568, 0.0 ], [ 78.915824991856979, 19.66689510036726, 0.0 ], [ 78.919864599663839, 19.666974272961831, 0.0 ], [ 78.920578707601678, 19.666460444931204, 0.0 ], [ 78.919724115468711, 19.662004038098708, 0.0 ], [ 78.933739937559324, 19.662106134267361, 0.0 ], [ 78.936940644696975, 19.661032496869506, 0.0 ], [ 78.944233978392504, 19.661739584035956, 0.0 ], [ 78.947506321573485, 19.65945227627023, 0.0 ], [ 78.952803522864116, 19.65833936757382, 0.0 ], [ 78.955462084489923, 19.655934750927937, 0.0 ], [ 78.95738981456077, 19.647169929008399, 0.0 ], [ 78.961849800109547, 19.637443589987043, 0.0 ], [ 78.961190384350473, 19.631688674431309, 0.0 ], [ 78.955369323407993, 19.619117623887398, 0.0 ], [ 78.954913109972239, 19.610014918313333, 0.0 ], [ 78.955620220515726, 19.600171196595035, 0.0 ], [ 78.959143994741353, 19.595466035106686, 0.0 ], [ 78.966411710501973, 19.593071270820815, 0.0 ], [ 78.971784289030509, 19.590013014426845, 0.0 ], [ 78.972834916567123, 19.582387659125235, 0.0 ], [ 78.964868941654672, 19.5735835573721, 0.0 ], [ 78.952543196483262, 19.564977902381656, 0.0 ], [ 78.948603232285691, 19.563414944638833, 0.0 ], [ 78.946489171727109, 19.561607702113232, 0.0 ], [ 78.937672729495105, 19.561873677728705, 0.0 ], [ 78.940743733488105, 19.553626414512316, 0.0 ], [ 78.940473267369541, 19.552041287925906, 0.0 ], [ 78.935443441166413, 19.550122920938819, 0.0 ], [ 78.935611480258601, 19.547578324711509, 0.0 ], [ 78.936739187788049, 19.545311586356132, 0.0 ], [ 78.94480208083958, 19.537326229021936, 0.0 ], [ 78.950294163663301, 19.533434124396631, 0.0 ], [ 78.942185075261932, 19.513993211560635, 0.0 ], [ 78.948974132449422, 19.51034968694983, 0.0 ], [ 78.949106599797389, 19.50152126524365, 0.0 ], [ 78.952266828899653, 19.503976977561582, 0.0 ], [ 78.954621881931729, 19.503537957340111, 0.0 ], [ 78.955493805202934, 19.502244162943267, 0.0 ], [ 78.95881938959694, 19.503062398234242, 0.0 ], [ 78.96884621022302, 19.496809694369148, 0.0 ], [ 78.977605006227819, 19.492533606397089, 0.0 ], [ 78.975966379110631, 19.490256038062096, 0.0 ], [ 78.960568759053174, 19.478161897165851, 0.0 ], [ 78.957667734419744, 19.473672187532465, 0.0 ], [ 78.942520728288841, 19.468602400902824, 0.0 ], [ 78.926866130108522, 19.462259256421095, 0.0 ], [ 78.924148816194048, 19.462234927891025, 0.0 ], [ 78.921127550166361, 19.463300806858637, 0.0 ], [ 78.918128231304948, 19.46692629003951, 0.0 ], [ 78.914637385250586, 19.473604210551464, 0.0 ], [ 78.905834579878317, 19.475065139215285, 0.0 ], [ 78.903851014464962, 19.474341797833787, 0.0 ], [ 78.89331718039027, 19.454897727959025, 0.0 ], [ 78.887238171419398, 19.450518712637425, 0.0 ], [ 78.884542275483923, 19.445645683314368, 0.0 ], [ 78.865448354985702, 19.444684879583967, 0.0 ], [ 78.862106021900345, 19.445444994216434, 0.0 ], [ 78.859979892417357, 19.448132904309542, 0.0 ], [ 78.855058734538048, 19.448185725260501, 0.0 ], [ 78.853047454305369, 19.447430098058057, 0.0 ], [ 78.84541131788184, 19.439936584425386, 0.0 ], [ 78.841387587312425, 19.434122822817631, 0.0 ], [ 78.841272322070907, 19.431458544258053, 0.0 ], [ 78.844754904948374, 19.423716005672873, 0.0 ], [ 78.84454906719732, 19.422743869022831, 0.0 ], [ 78.834301114544118, 19.41258875893817, 0.0 ], [ 78.829450007949447, 19.409585231864092, 0.0 ], [ 78.829747692289956, 19.407059471343238, 0.0 ], [ 78.821820504363203, 19.397206015377005, 0.0 ], [ 78.821882844598306, 19.391644607003066, 0.0 ], [ 78.820906025943387, 19.387962068290264, 0.0 ], [ 78.819574121877835, 19.386841121842355, 0.0 ], [ 78.812022775474077, 19.388642193581777, 0.0 ], [ 78.809907600192034, 19.386779145698842, 0.0 ], [ 78.810514659172455, 19.384260289026066, 0.0 ], [ 78.809094196849841, 19.383450798465041, 0.0 ], [ 78.811489045883803, 19.38053437022937, 0.0 ], [ 78.813822988647203, 19.380200447651905, 0.0 ], [ 78.815557768089803, 19.380927346194433, 0.0 ], [ 78.817438219907004, 19.37913618243169, 0.0 ], [ 78.821144221962953, 19.379119902992983, 0.0 ], [ 78.821358817205734, 19.377401519564948, 0.0 ], [ 78.824816161311887, 19.374773709981106, 0.0 ], [ 78.828694204095271, 19.375210185197975, 0.0 ], [ 78.83470281754137, 19.372394324779506, 0.0 ], [ 78.840672831037665, 19.370742828854056, 0.0 ], [ 78.846092319533554, 19.37115018540544, 0.0 ], [ 78.853605482060743, 19.369252818904918, 0.0 ], [ 78.856603899648292, 19.35329078042874, 0.0 ], [ 78.857578471776321, 19.329007406013094, 0.0 ], [ 78.86554524135893, 19.330828294156312, 0.0 ], [ 78.869417448150557, 19.329597941630826, 0.0 ], [ 78.873860235559007, 19.329518652473464, 0.0 ], [ 78.875857903697039, 19.32608888689909, 0.0 ], [ 78.876506897847463, 19.32069845293443, 0.0 ], [ 78.878975964995078, 19.318893021174016, 0.0 ], [ 78.885114372769053, 19.321336462540511, 0.0 ], [ 78.888160813321647, 19.321011620932754, 0.0 ], [ 78.892086895186324, 19.319390638295314, 0.0 ], [ 78.888122082331165, 19.310004280105804, 0.0 ], [ 78.8885524569436, 19.306531984965908, 0.0 ], [ 78.88358512033976, 19.296006403475484, 0.0 ], [ 78.883108123881343, 19.291854147362663, 0.0 ], [ 78.88451622432548, 19.28536844645792, 0.0 ], [ 78.883079730492867, 19.278876365435437, 0.0 ], [ 78.883635164165085, 19.2746872071281, 0.0 ], [ 78.875101820266735, 19.277154397994614, 0.0 ], [ 78.868841236958858, 19.282656143573607, 0.0 ], [ 78.854721723225353, 19.279004567506913, 0.0 ], [ 78.847863640562565, 19.27193111400414, 0.0 ], [ 78.846704494656649, 19.267903722109715, 0.0 ], [ 78.8488772315511, 19.262867969938878, 0.0 ], [ 78.844782172107472, 19.260262890136453, 0.0 ], [ 78.844893291249093, 19.256696750975777, 0.0 ], [ 78.84327809319953, 19.254887317283778, 0.0 ], [ 78.82970321396509, 19.252863576444884, 0.0 ], [ 78.819713856310145, 19.246925172166645, 0.0 ], [ 78.818404748195491, 19.235581665750686, 0.0 ], [ 78.815131079041748, 19.231555540020093, 0.0 ], [ 78.812174260254807, 19.221702534838698, 0.0 ], [ 78.805367971060278, 19.217269179075256, 0.0 ], [ 78.802039633692218, 19.216854674141292, 0.0 ], [ 78.800586047577696, 19.214030159816829, 0.0 ], [ 78.794850593193431, 19.230646534292301, 0.0 ], [ 78.790146727272429, 19.240664838984358, 0.0 ], [ 78.786189752503333, 19.240868149804101, 0.0 ], [ 78.784252037476563, 19.246045274132744, 0.0 ], [ 78.780532271747305, 19.249514967015326, 0.0 ], [ 78.775961511047413, 19.250823968702541, 0.0 ], [ 78.767959917755945, 19.256742549081558, 0.0 ], [ 78.758890283611464, 19.278351187601853, 0.0 ], [ 78.736543356400517, 19.286147742177651, 0.0 ], [ 78.719985249673911, 19.296680715073506, 0.0 ], [ 78.722569570838061, 19.326591038677464, 0.0 ], [ 78.70398667752653, 19.321597088103172, 0.0 ], [ 78.69053029619981, 19.316712346406728, 0.0 ], [ 78.677450003261669, 19.31693628688954, 0.0 ], [ 78.673719107574726, 19.316177788960541, 0.0 ], [ 78.653231291439027, 19.301176095780086, 0.0 ], [ 78.651080911697605, 19.300281773832168, 0.0 ], [ 78.621159700118412, 19.274273552478085, 0.0 ], [ 78.617911988542829, 19.270375762467239, 0.0 ], [ 78.615428415586464, 19.261228783062634, 0.0 ], [ 78.610296730739122, 19.265319807914008, 0.0 ], [ 78.601163176333003, 19.27701509088552, 0.0 ], [ 78.587758691537161, 19.288211469269761, 0.0 ], [ 78.584536048493959, 19.289528405548985, 0.0 ], [ 78.570361160761834, 19.286652306264326, 0.0 ], [ 78.547388230767694, 19.262180944586824, 0.0 ], [ 78.525712813017947, 19.255165475981677, 0.0 ], [ 78.521891766968324, 19.250822945359062, 0.0 ], [ 78.51793206660615, 19.245639103770934, 0.0 ], [ 78.519098228959365, 19.22636933674627, 0.0 ], [ 78.509484749933179, 19.21493794907715, 0.0 ], [ 78.501053555766106, 19.218991596409793, 0.0 ], [ 78.500438485990344, 19.218249871277763, 0.0 ], [ 78.498689396740218, 19.21878321886561, 0.0 ], [ 78.483765761625165, 19.226848563216318, 0.0 ], [ 78.456701922426376, 19.227009106623619, 0.0 ], [ 78.458353831345349, 19.222708028333894, 0.0 ], [ 78.457214264897218, 19.213083852004917, 0.0 ], [ 78.454970195701065, 19.206352544931708, 0.0 ], [ 78.45504006593535, 19.202424739712402, 0.0 ], [ 78.456623161913868, 19.195603246447785, 0.0 ], [ 78.454383601351765, 19.190276159537163, 0.0 ], [ 78.449753116896289, 19.184095522692889, 0.0 ], [ 78.449403894496825, 19.180253896186688, 0.0 ], [ 78.448461262835053, 19.179057363584839, 0.0 ], [ 78.436220918156749, 19.184706869886568, 0.0 ], [ 78.433786027528384, 19.1763522124273, 0.0 ], [ 78.431353443453645, 19.174509039776112, 0.0 ], [ 78.431000110556099, 19.172880015730208, 0.0 ], [ 78.429664172986676, 19.174267035126444, 0.0 ], [ 78.425600576398551, 19.175645870467385, 0.0 ], [ 78.421105337710799, 19.176040564746248, 0.0 ], [ 78.41850157232534, 19.175550333913002, 0.0 ], [ 78.414655320616873, 19.17259603923408, 0.0 ], [ 78.40824417651335, 19.173518288056311, 0.0 ], [ 78.404257612966319, 19.175665066375888, 0.0 ], [ 78.404461231492917, 19.178380982786461, 0.0 ], [ 78.400771517949835, 19.180309407049172, 0.0 ], [ 78.398268301959291, 19.18018561972152, 0.0 ], [ 78.394313128836117, 19.176782805727015, 0.0 ], [ 78.388518753989942, 19.176017179867376, 0.0 ], [ 78.383601775000486, 19.179798166384334, 0.0 ], [ 78.380740389921215, 19.179399768954937, 0.0 ], [ 78.376173708198721, 19.181973884401053, 0.0 ], [ 78.369386443028745, 19.182471285653524, 0.0 ], [ 78.368371259973159, 19.184470717694804, 0.0 ], [ 78.365236085993871, 19.186498771738755, 0.0 ], [ 78.364257579516533, 19.188177951469186, 0.0 ], [ 78.365718164776126, 19.191935863684137, 0.0 ], [ 78.365182299055817, 19.195290088074866, 0.0 ], [ 78.363029284912884, 19.200050749101891, 0.0 ], [ 78.360191243427451, 19.200532877006957, 0.0 ], [ 78.356930093360319, 19.197994261226452, 0.0 ], [ 78.353391828166551, 19.199051849579902, 0.0 ], [ 78.350721831414162, 19.205396633508773, 0.0 ] ] ] } },
{ "type": "Feature", "properties": { "DISTRICT": "BHADRADRI KOTHAGUDEM", "Dist_LGD": "690" }, "geometry": { "type": "Polygon", "coordinates": [ [ [ 80.684973105488126, 17.29319376842211, 0.0 ], [ 80.677294904837765, 17.296405993011199, 0.0 ], [ 80.67260716399602, 17.296545488916848, 0.0 ], [ 80.669492443349, 17.297804941567772, 0.0 ], [ 80.665019782191777, 17.296176169090732, 0.0 ], [ 80.662290832726853, 17.297340348578448, 0.0 ], [ 80.660615088593886, 17.297124561779956, 0.0 ], [ 80.658286375523588, 17.286817477262147, 0.0 ], [ 80.656144319007481, 17.286041343555507, 0.0 ], [ 80.652153895763036, 17.286754101804597, 0.0 ], [ 80.649965032540933, 17.286262854749229, 0.0 ], [ 80.651666523321026, 17.283331741903506, 0.0 ], [ 80.649581943301271, 17.283830532376239, 0.0 ], [ 80.649581351575776, 17.283052850790398, 0.0 ], [ 80.651194460051656, 17.281559617679953, 0.0 ], [ 80.652850229452156, 17.274346756876412, 0.0 ], [ 80.65611332834203, 17.270740774482721, 0.0 ], [ 80.65574951885732, 17.268918885196332, 0.0 ], [ 80.654521402746099, 17.269073484602117, 0.0 ], [ 80.653119961654326, 17.264290857658278, 0.0 ], [ 80.652849928590314, 17.261971456389496, 0.0 ], [ 80.653690916052227, 17.26019849568797, 0.0 ], [ 80.653161728559866, 17.257495015930274, 0.0 ], [ 80.653852009887686, 17.255609060741151, 0.0 ], [ 80.649489936819435, 17.250118638931969, 0.0 ], [ 80.647514242531386, 17.249738295514081, 0.0 ], [ 80.632785628492201, 17.249705464089658, 0.0 ], [ 80.632000506530673, 17.251002714619339, 0.0 ], [ 80.633752013897379, 17.252516370230836, 0.0 ], [ 80.63432446081606, 17.257096262564808, 0.0 ], [ 80.632349791294615, 17.259575310549742, 0.0 ], [ 80.628146070489947, 17.257294509822064, 0.0 ], [ 80.626849252869377, 17.253072190166517, 0.0 ], [ 80.624010915011965, 17.251758134277953, 0.0 ], [ 80.622236977791289, 17.251885768725675, 0.0 ], [ 80.617529136203814, 17.255953244164594, 0.0 ], [ 80.615392404908974, 17.255267156297613, 0.0 ], [ 80.612951025096621, 17.256737943897097, 0.0 ], [ 80.608484760917975, 17.255885746263182, 0.0 ], [ 80.604970145790702, 17.256728473592684, 0.0 ], [ 80.60353593233215, 17.258673467522346, 0.0 ], [ 80.602195007644383, 17.259157877229001, 0.0 ], [ 80.600653083244765, 17.262111145689467, 0.0 ], [ 80.596487108441636, 17.288215451837768, 0.0 ], [ 80.577293751095581, 17.287025129918469, 0.0 ], [ 80.572141506801685, 17.265043649553864, 0.0 ], [ 80.561089802221559, 17.272873717101074, 0.0 ], [ 80.546995714116051, 17.275314406911235, 0.0 ], [ 80.515077414335266, 17.259218157878092, 0.0 ], [ 80.499341302205366, 17.266914248963076, 0.0 ], [ 80.4944472038665, 17.264757890612689, 0.0 ], [ 80.49440025194373, 17.26179179291799, 0.0 ], [ 80.492804957364953, 17.260661362187779, 0.0 ], [ 80.491539137971444, 17.26108638441994, 0.0 ], [ 80.489413238277805, 17.258104776834678, 0.0 ], [ 80.480273256847596, 17.263075121694644, 0.0 ], [ 80.478743660794677, 17.264784080683672, 0.0 ], [ 80.476531069892133, 17.271575112193968, 0.0 ], [ 80.473104216578207, 17.277533964764078, 0.0 ], [ 80.472942692799535, 17.288878297170761, 0.0 ], [ 80.468202067217121, 17.296668084029584, 0.0 ], [ 80.469350191377004, 17.298481331171235, 0.0 ], [ 80.467203131843121, 17.303106369994136, 0.0 ], [ 80.467988955177148, 17.304413224995134, 0.0 ], [ 80.472205981468974, 17.30657949672689, 0.0 ], [ 80.47262473372227, 17.307786826846588, 0.0 ], [ 80.471522284268474, 17.315029883467979, 0.0 ], [ 80.475589204301443, 17.315080171105294, 0.0 ], [ 80.479595111668559, 17.314049730904006, 0.0 ], [ 80.480169398298088, 17.313168057550389, 0.0 ], [ 80.483007816755645, 17.312991939474625, 0.0 ], [ 80.486015432814511, 17.315506118226548, 0.0 ], [ 80.489677469542826, 17.316537207848121, 0.0 ], [ 80.492021693137104, 17.316564411980291, 0.0 ], [ 80.492699509977314, 17.315632998053182, 0.0 ], [ 80.494036318154414, 17.316813120385451, 0.0 ], [ 80.494817688298511, 17.31548387819273, 0.0 ], [ 80.495523716869002, 17.31658711720263, 0.0 ], [ 80.497538367745676, 17.316763461074608, 0.0 ], [ 80.498465732892171, 17.315519658844842, 0.0 ], [ 80.500626249253926, 17.317540646309322, 0.0 ], [ 80.50308817554901, 17.318408716211554, 0.0 ], [ 80.506538639021812, 17.321926287445848, 0.0 ], [ 80.507324946788742, 17.326253223126109, 0.0 ], [ 80.498635055503257, 17.341910743171098, 0.0 ], [ 80.498597351313776, 17.352694148495193, 0.0 ], [ 80.49922814975865, 17.356776834054028, 0.0 ], [ 80.500866610955327, 17.360231106807916, 0.0 ], [ 80.501219768240176, 17.366565429910789, 0.0 ], [ 80.498460721529469, 17.366796025351501, 0.0 ], [ 80.496473763889, 17.367976616752642, 0.0 ], [ 80.490959992453185, 17.373505947802041, 0.0 ], [ 80.485870055631494, 17.374739986639518, 0.0 ], [ 80.479537124319393, 17.374816330598772, 0.0 ], [ 80.475149005505514, 17.372704461973672, 0.0 ], [ 80.473161974275683, 17.372803632593016, 0.0 ], [ 80.470464370716968, 17.370714452311955, 0.0 ], [ 80.465897274182552, 17.370311397604333, 0.0 ], [ 80.468434191041936, 17.376261763210149, 0.0 ], [ 80.467529976420948, 17.377066453159188, 0.0 ], [ 80.468631213739755, 17.380561563524545, 0.0 ], [ 80.471037312281069, 17.38106378902204, 0.0 ], [ 80.472722758197605, 17.382999074543427, 0.0 ], [ 80.4743708506209, 17.382321117254538, 0.0 ], [ 80.477255494722357, 17.385797322437551, 0.0 ], [ 80.472906426653211, 17.388490152104758, 0.0 ], [ 80.465492686514153, 17.395770285653391, 0.0 ], [ 80.457550170227179, 17.400312817689485, 0.0 ], [ 80.449641572250343, 17.402987958944667, 0.0 ], [ 80.449714990321056, 17.40524838518057, 0.0 ], [ 80.447438046859787, 17.411198261694846, 0.0 ], [ 80.444351268952587, 17.412479411348297, 0.0 ], [ 80.436750358026799, 17.412623348350191, 0.0 ], [ 80.433983374456815, 17.413364223660846, 0.0 ], [ 80.434087184840664, 17.412570769598613, 0.0 ], [ 80.429679669868918, 17.411124884897312, 0.0 ], [ 80.428318241461668, 17.412430990463289, 0.0 ], [ 80.411663331490075, 17.417587990905069, 0.0 ], [ 80.407997922639439, 17.420660855120644, 0.0 ], [ 80.406203456346574, 17.421059257071388, 0.0 ], [ 80.399319106940382, 17.418554578799455, 0.0 ], [ 80.391167319432157, 17.417673537169588, 0.0 ], [ 80.385084373326848, 17.414695359967876, 0.0 ], [ 80.3758900330741, 17.416892077980908, 0.0 ], [ 80.383948006052975, 17.424980487733027, 0.0 ], [ 80.393351918786806, 17.436301818977491, 0.0 ], [ 80.402011339564254, 17.450411824419035, 0.0 ], [ 80.402668143818673, 17.452876473412601, 0.0 ], [ 80.403442454804633, 17.452825604871059, 0.0 ], [ 80.401782544157655, 17.459661908432142, 0.0 ], [ 80.408141580951451, 17.465980714483248, 0.0 ], [ 80.414751937991156, 17.47412586041526, 0.0 ], [ 80.428580761372544, 17.493743256216874, 0.0 ], [ 80.430479159195642, 17.494548643781108, 0.0 ], [ 80.431316877072319, 17.497315741686261, 0.0 ], [ 80.423640461216536, 17.500979648761316, 0.0 ], [ 80.423992457318363, 17.50448812780342, 0.0 ], [ 80.415919015170587, 17.510109191256827, 0.0 ], [ 80.411715474398434, 17.511644654741502, 0.0 ], [ 80.407394527727433, 17.512036115409959, 0.0 ], [ 80.405796579268866, 17.513459573402358, 0.0 ], [ 80.403726603011705, 17.516465069853588, 0.0 ], [ 80.402009212866858, 17.521012442769702, 0.0 ], [ 80.400672191809448, 17.527883631243295, 0.0 ], [ 80.396812773623523, 17.528211806149493, 0.0 ], [ 80.37923660255494, 17.512198390327448, 0.0 ], [ 80.376812253534681, 17.508675228403501, 0.0 ], [ 80.371132200735104, 17.505149982390797, 0.0 ], [ 80.361019261074475, 17.500979781661346, 0.0 ], [ 80.359679264808662, 17.496986906207599, 0.0 ], [ 80.360473606532295, 17.486376564040768, 0.0 ], [ 80.346491732494343, 17.485159826945452, 0.0 ], [ 80.348117231841925, 17.500811966024248, 0.0 ], [ 80.347152748805243, 17.509245315485, 0.0 ], [ 80.339655497650213, 17.520233294697476, 0.0 ], [ 80.340211555089127, 17.522622495961194, 0.0 ], [ 80.342531610751678, 17.526324164269397, 0.0 ], [ 80.343390047064148, 17.534630776153474, 0.0 ], [ 80.355965186165648, 17.531239901749952, 0.0 ], [ 80.366599852780254, 17.560338858420902, 0.0 ], [ 80.368484739177347, 17.567840111203058, 0.0 ], [ 80.356428371828656, 17.568004178843992, 0.0 ], [ 80.348826664371956, 17.567262052879883, 0.0 ], [ 80.3461444201251, 17.567825232652133, 0.0 ], [ 80.339662987083685, 17.563127752764299, 0.0 ], [ 80.335775620460012, 17.562048899876732, 0.0 ], [ 80.323951652433479, 17.560904729734645, 0.0 ], [ 80.317349184841049, 17.5654833421269, 0.0 ], [ 80.304935319436453, 17.569825983972585, 0.0 ], [ 80.295974560184916, 17.570780516701564, 0.0 ], [ 80.288966376328347, 17.572486363833718, 0.0 ], [ 80.288060273937873, 17.571404846476394, 0.0 ], [ 80.286652439101928, 17.572205202454391, 0.0 ], [ 80.284798121748068, 17.568594262916072, 0.0 ], [ 80.285371014119733, 17.566424491795043, 0.0 ], [ 80.281676496191039, 17.563777928775778, 0.0 ], [ 80.286299574879095, 17.55940250686141, 0.0 ], [ 80.292959641319769, 17.554686453961583, 0.0 ], [ 80.281017634596878, 17.541107212067647, 0.0 ], [ 80.266429877622571, 17.55001915703917, 0.0 ], [ 80.265980124960507, 17.551385229741847, 0.0 ], [ 80.260622977067555, 17.553374709176524, 0.0 ], [ 80.25643338527739, 17.557045413715667, 0.0 ], [ 80.248010007015992, 17.561859413312852, 0.0 ], [ 80.242097994011672, 17.55974113639996, 0.0 ], [ 80.237951205080719, 17.559229765382096, 0.0 ], [ 80.233742430801428, 17.566281649496421, 0.0 ], [ 80.232509804759886, 17.564666087503497, 0.0 ], [ 80.231892213157082, 17.557865953180762, 0.0 ], [ 80.23021723736268, 17.552370929757497, 0.0 ], [ 80.218632831859651, 17.555932018008132, 0.0 ], [ 80.205713393722974, 17.556922777779668, 0.0 ], [ 80.201898831038321, 17.558101972339326, 0.0 ], [ 80.217881794906702, 17.589950500229953, 0.0 ], [ 80.22320893389697, 17.606218680255687, 0.0 ], [ 80.222623127720254, 17.607099467329615, 0.0 ], [ 80.213638962755979, 17.609727812092022, 0.0 ], [ 80.209776955395952, 17.613673768883157, 0.0 ], [ 80.20662547894544, 17.624681990170092, 0.0 ], [ 80.206805305814783, 17.652710561424616, 0.0 ], [ 80.208711523520677, 17.655018658121474, 0.0 ], [ 80.213892384994011, 17.655821359246605, 0.0 ], [ 80.21783290814686, 17.660112109120497, 0.0 ], [ 80.221174994832538, 17.660916643090953, 0.0 ], [ 80.22347736300857, 17.660024559797378, 0.0 ], [ 80.2302717635297, 17.660381345795031, 0.0 ], [ 80.230742841128489, 17.657231025263719, 0.0 ], [ 80.236724435568888, 17.655299136134087, 0.0 ], [ 80.237596654101225, 17.658894105902252, 0.0 ], [ 80.237904932827533, 17.671746714987236, 0.0 ], [ 80.239464392526074, 17.679403371886288, 0.0 ], [ 80.241891487131795, 17.68470305689376, 0.0 ], [ 80.241056297650218, 17.692183578526446, 0.0 ], [ 80.247685996107379, 17.70413480359235, 0.0 ], [ 80.247245361901847, 17.70937363006292, 0.0 ], [ 80.245056511211644, 17.713303905978478, 0.0 ], [ 80.247960678278915, 17.717995057768476, 0.0 ], [ 80.247850845073643, 17.719030130235286, 0.0 ], [ 80.244809417139848, 17.721969428161707, 0.0 ], [ 80.246922125605863, 17.725954501219036, 0.0 ], [ 80.248491841039439, 17.738197488609572, 0.0 ], [ 80.249896074443754, 17.742697279912811, 0.0 ], [ 80.252580072042448, 17.742813333326218, 0.0 ], [ 80.2532334779183, 17.744676586505996, 0.0 ], [ 80.258592437275453, 17.748520515812157, 0.0 ], [ 80.259425476788408, 17.75012170681606, 0.0 ], [ 80.258989607068116, 17.755491441886729, 0.0 ], [ 80.258041336673955, 17.755490364335852, 0.0 ], [ 80.256714755756803, 17.760063565901309, 0.0 ], [ 80.256707933331029, 17.76929869816534, 0.0 ], [ 80.258004778767685, 17.777527206161928, 0.0 ], [ 80.252424950951479, 17.779808096755669, 0.0 ], [ 80.253984812176341, 17.788868691533295, 0.0 ], [ 80.25584135572403, 17.790927525343282, 0.0 ], [ 80.253071204135679, 17.798730977483618, 0.0 ], [ 80.254115932297253, 17.800929064404865, 0.0 ], [ 80.254013692676651, 17.803464842072966, 0.0 ], [ 80.247847590780509, 17.824409017064482, 0.0 ], [ 80.257833242329937, 17.83625899574292, 0.0 ], [ 80.263112466542466, 17.84578897950065, 0.0 ], [ 80.266308397314646, 17.853264375529367, 0.0 ], [ 80.265954199011361, 17.861282677403722, 0.0 ], [ 80.272679448740817, 17.870289545367669, 0.0 ], [ 80.272752250948059, 17.876748818470606, 0.0 ], [ 80.276967264221426, 17.881282428887015, 0.0 ], [ 80.277003829969587, 17.899001087650824, 0.0 ], [ 80.277802222451371, 17.906862176174201, 0.0 ], [ 80.273809179121884, 17.909981408940965, 0.0 ], [ 80.272558774011316, 17.913379103109172, 0.0 ], [ 80.269950132788907, 17.91542837376344, 0.0 ], [ 80.267652480484017, 17.925925829884473, 0.0 ], [ 80.270259658034291, 17.945427616083258, 0.0 ], [ 80.268468665704205, 17.950524173860664, 0.0 ], [ 80.272074639431494, 17.960259276050429, 0.0 ], [ 80.275023949959078, 17.966359691824493, 0.0 ], [ 80.294318422260474, 17.964476263113799, 0.0 ], [ 80.309675495783139, 17.97529285079009, 0.0 ], [ 80.310468150833231, 17.976161375029541, 0.0 ], [ 80.311311679860793, 17.983077401250998, 0.0 ], [ 80.315028619201499, 17.988278419029243, 0.0 ], [ 80.316176096396632, 17.995964233529861, 0.0 ], [ 80.322009575865451, 17.998657247922871, 0.0 ], [ 80.331226378751026, 18.00824649225266, 0.0 ], [ 80.341221655587617, 18.014382916844919, 0.0 ], [ 80.346490253915604, 18.036623562980107, 0.0 ], [ 80.350682579903051, 18.040499902694176, 0.0 ], [ 80.356889762967754, 18.048237165317946, 0.0 ], [ 80.391924055601393, 18.081657259786667, 0.0 ], [ 80.431271553267223, 18.060042897618956, 0.0 ], [ 80.432513641600835, 18.061674852114212, 0.0 ], [ 80.433392791649894, 18.060848046646889, 0.0 ], [ 80.436053091630953, 18.060500852662685, 0.0 ], [ 80.436614706970317, 18.062485119585947, 0.0 ], [ 80.443181958129315, 18.064593033839557, 0.0 ], [ 80.445373769227984, 18.066988963893795, 0.0 ], [ 80.451054096190006, 18.064378079222649, 0.0 ], [ 80.455713982530142, 18.060230150754368, 0.0 ], [ 80.459186555209385, 18.061347150851148, 0.0 ], [ 80.45879417650869, 18.062454360523876, 0.0 ], [ 80.459531229176392, 18.062856745343971, 0.0 ], [ 80.469690329984886, 18.061222321379777, 0.0 ], [ 80.471972939848186, 18.058321091125318, 0.0 ], [ 80.474472244589649, 18.060242147214584, 0.0 ], [ 80.47712780826798, 18.059469654028394, 0.0 ], [ 80.4823346773249, 18.059782009745437, 0.0 ], [ 80.489431845864658, 18.05512273149148, 0.0 ], [ 80.491973874903351, 18.054707049160193, 0.0 ], [ 80.496429495574702, 18.050996573564447, 0.0 ], [ 80.499396626653933, 18.050670395309041, 0.0 ], [ 80.504693163603847, 18.05155168353437, 0.0 ], [ 80.50555306310207, 18.052188883106773, 0.0 ], [ 80.505940567243414, 18.054177492900706, 0.0 ], [ 80.513996282611927, 18.051831479526367, 0.0 ], [ 80.51679362652493, 18.055356554988698, 0.0 ], [ 80.517143543494299, 18.057891897795464, 0.0 ], [ 80.524949342742019, 18.059590547245595, 0.0 ], [ 80.526447838180928, 18.064453428155549, 0.0 ], [ 80.527241668554012, 18.064665716406704, 0.0 ], [ 80.534768093848541, 18.060872720500324, 0.0 ], [ 80.535853897343515, 18.055643359787059, 0.0 ], [ 80.543725166548725, 18.05395157190938, 0.0 ], [ 80.548900080811961, 18.058506224202382, 0.0 ], [ 80.558501250026822, 18.058883479767957, 0.0 ], [ 80.558618771078756, 18.056768230927343, 0.0 ], [ 80.559596489484491, 18.055665227751245, 0.0 ], [ 80.56583172243738, 18.050931366858414, 0.0 ], [ 80.57391254423689, 18.054738750478524, 0.0 ], [ 80.576887305204195, 18.061783644928958, 0.0 ], [ 80.582766132457692, 18.063801693559959, 0.0 ], [ 80.58565449316491, 18.062361865403535, 0.0 ], [ 80.588461090667209, 18.066466010770473, 0.0 ], [ 80.591750984417743, 18.069054291207461, 0.0 ], [ 80.59235703361594, 18.071666356355045, 0.0 ], [ 80.600322422032846, 18.077981049252298, 0.0 ], [ 80.604882145694177, 18.086217890206882, 0.0 ], [ 80.607813141158076, 18.088322555572233, 0.0 ], [ 80.608922008879119, 18.093641391299009, 0.0 ], [ 80.613671847851862, 18.10245187391979, 0.0 ], [ 80.615624949862834, 18.104651817304276, 0.0 ], [ 80.614340681568237, 18.114744348434193, 0.0 ], [ 80.616436579047772, 18.118399452992875, 0.0 ], [ 80.619472274662783, 18.112775593499169, 0.0 ], [ 80.623683175068322, 18.112511127367384, 0.0 ], [ 80.635080800446048, 18.109430978229653, 0.0 ], [ 80.643122279180787, 18.125383808114879, 0.0 ], [ 80.63104156125884, 18.125938363396184, 0.0 ], [ 80.623377080840001, 18.129296322846507, 0.0 ], [ 80.632266973686328, 18.142360125605045, 0.0 ], [ 80.638185937224065, 18.136247002942124, 0.0 ], [ 80.642356050310852, 18.137505230689559, 0.0 ], [ 80.650209656387545, 18.134385952474396, 0.0 ], [ 80.651241082462732, 18.135741086220897, 0.0 ], [ 80.654837513937352, 18.134875322917569, 0.0 ], [ 80.657141879376184, 18.143722463558042, 0.0 ], [ 80.647016781030899, 18.15645144195269, 0.0 ], [ 80.650142172303489, 18.157271881542126, 0.0 ], [ 80.655296945173646, 18.153810902583391, 0.0 ], [ 80.655357350263742, 18.158416073886524, 0.0 ], [ 80.659888549492436, 18.161413463773222, 0.0 ], [ 80.673361596119292, 18.18248527328047, 0.0 ], [ 80.678886160777694, 18.174626258706091, 0.0 ], [ 80.680043458818531, 18.168470118897751, 0.0 ], [ 80.68159611590707, 18.165526774753996, 0.0 ], [ 80.686127804825659, 18.163398796329048, 0.0 ], [ 80.692042020708072, 18.163542737584585, 0.0 ], [ 80.694044518868651, 18.161511738958044, 0.0 ], [ 80.696135600756293, 18.158319215371069, 0.0 ], [ 80.704247911332246, 18.135877769083219, 0.0 ], [ 80.707406186795538, 18.132087534758792, 0.0 ], [ 80.714546941778039, 18.12655326353245, 0.0 ], [ 80.722673510701753, 18.11137334820965, 0.0 ], [ 80.731108504220359, 18.102171862305259, 0.0 ], [ 80.738306308795771, 18.090657345219011, 0.0 ], [ 80.744749129499596, 18.095597834641183, 0.0 ], [ 80.749597949676001, 18.096658738732838, 0.0 ], [ 80.748640219510705, 18.098290879633549, 0.0 ], [ 80.749325241710977, 18.112315281587627, 0.0 ], [ 80.748693869353602, 18.126120183555184, 0.0 ], [ 80.749241136527374, 18.128516182258821, 0.0 ], [ 80.75215264318048, 18.133048205973939, 0.0 ], [ 80.752921726703946, 18.136858156794919, 0.0 ], [ 80.751954771443792, 18.145803257946788, 0.0 ], [ 80.752743783369468, 18.158530246137175, 0.0 ], [ 80.754281799068522, 18.166075213452245, 0.0 ], [ 80.756112177417592, 18.168321537534453, 0.0 ], [ 80.775442854548331, 18.166736032932867, 0.0 ], [ 80.790625766472402, 18.168373990863071, 0.0 ], [ 80.799113331985197, 18.168169757577555, 0.0 ], [ 80.806043324413196, 18.175066031887212, 0.0 ], [ 80.813258139368685, 18.180186750036352, 0.0 ], [ 80.814987162277035, 18.18221112094189, 0.0 ], [ 80.815590542899642, 18.18698628103126, 0.0 ], [ 80.817470860158636, 18.189105523229596, 0.0 ], [ 80.824068282944211, 18.191036339338137, 0.0 ], [ 80.823849474263213, 18.212105776506238, 0.0 ], [ 80.822597975343385, 18.224108310438488, 0.0 ], [ 80.823591929013531, 18.236075331385749, 0.0 ], [ 80.832039572310876, 18.238661348041578, 0.0 ], [ 80.836724581960496, 18.238919784843134, 0.0 ], [ 80.843429639584642, 18.232438505343104, 0.0 ], [ 80.860519550141234, 18.231993276266429, 0.0 ], [ 80.865937312791075, 18.230127864928491, 0.0 ], [ 80.86953998558073, 18.217695994105977, 0.0 ], [ 80.87260795213588, 18.210576536171772, 0.0 ], [ 80.87135063524029, 18.207098035265204, 0.0 ], [ 80.871945992413714, 18.205334233346978, 0.0 ], [ 80.87096781641624, 18.204794164039861, 0.0 ], [ 80.863906161360518, 18.202652571931921, 0.0 ], [ 80.857236677949757, 18.204332586358124, 0.0 ], [ 80.855213613798554, 18.204156210193176, 0.0 ], [ 80.853616037934216, 18.203636552128742, 0.0 ], [ 80.852911995546506, 18.202001142131092, 0.0 ], [ 80.854240924460299, 18.195491639647571, 0.0 ], [ 80.857616226296756, 18.189650845487233, 0.0 ], [ 80.85854284596202, 18.186452544603213, 0.0 ], [ 80.85708364930737, 18.174422394578585, 0.0 ], [ 80.857358146516646, 18.170704578270396, 0.0 ], [ 80.860402371720497, 18.161394220276364, 0.0 ], [ 80.860162454303676, 18.147864341438378, 0.0 ], [ 80.861325017207477, 18.145388819139058, 0.0 ], [ 80.865454985294761, 18.141454391858655, 0.0 ], [ 80.866669554399678, 18.136923397134076, 0.0 ], [ 80.881808138748255, 18.135554571907303, 0.0 ], [ 80.891083158421182, 18.135978646842791, 0.0 ], [ 80.900131482940665, 18.137120600137148, 0.0 ], [ 80.914170172033394, 18.141170465477643, 0.0 ], [ 80.921045939158788, 18.144285916510903, 0.0 ], [ 80.939903257776706, 18.155425150365289, 0.0 ], [ 80.941638027671232, 18.156617148197672, 0.0 ], [ 80.942357743912908, 18.160384431859104, 0.0 ], [ 80.951621259074855, 18.163656172549, 0.0 ], [ 80.954099990607219, 18.169152961986182, 0.0 ], [ 80.957655825714937, 18.173546910534775, 0.0 ], [ 80.979027546530816, 18.175411261215881, 0.0 ], [ 80.978738837236733, 18.150800198199782, 0.0 ], [ 80.955513419704204, 18.129055097101038, 0.0 ], [ 80.953978692635857, 18.120327926087246, 0.0 ], [ 80.951777982208228, 18.090120276077435, 0.0 ], [ 80.950000927309162, 18.08788022787979, 0.0 ], [ 80.949257224027647, 18.082861606745087, 0.0 ], [ 80.953435610048729, 18.078627049891381, 0.0 ], [ 80.962444717468472, 18.06298346103798, 0.0 ], [ 80.969052738773655, 18.046428119196797, 0.0 ], [ 80.969759707319625, 18.04384826145758, 0.0 ], [ 80.966504729298393, 18.041410339462868, 0.0 ], [ 80.964259927142166, 18.03814071524646, 0.0 ], [ 80.966609705328054, 18.034489457425003, 0.0 ], [ 80.96953594911227, 18.031745837915427, 0.0 ], [ 80.97272905802086, 18.024832456023521, 0.0 ], [ 80.979195666934501, 18.00444933412399, 0.0 ], [ 80.985809504674904, 17.954585090109425, 0.0 ], [ 80.98784307805812, 17.944445586128154, 0.0 ], [ 80.990718387272082, 17.934700607853568, 0.0 ], [ 80.993807736845312, 17.928809602953717, 0.0 ], [ 80.994731340264082, 17.924904469300124, 0.0 ], [ 80.998340184052111, 17.916786516629273, 0.0 ], [ 80.999335582564328, 17.903286770287401, 0.0 ], [ 80.997404384782342, 17.896758368277151, 0.0 ], [ 80.99665630695587, 17.887365913154611, 0.0 ], [ 80.994167633043475, 17.8809044607614, 0.0 ], [ 80.996551096757187, 17.871752910700472, 0.0 ], [ 80.995666882831074, 17.868587715117368, 0.0 ], [ 80.995601905405294, 17.859782640203925, 0.0 ], [ 80.996454458042223, 17.849070783853904, 0.0 ], [ 81.003234123055336, 17.830614891992244, 0.0 ], [ 81.003458649034684, 17.819519781273957, 0.0 ], [ 81.008219034685169, 17.799366257953643, 0.0 ], [ 81.00942510766366, 17.797251359894311, 0.0 ], [ 81.017667280689679, 17.791378564048809, 0.0 ], [ 81.024808105997138, 17.789209385049713, 0.0 ], [ 81.03176417587774, 17.788471909429028, 0.0 ], [ 81.038981206697258, 17.784151829246579, 0.0 ], [ 81.046616529473482, 17.782307305833491, 0.0 ], [ 81.066901769680342, 17.784893829542636, 0.0 ], [ 81.07326267351047, 17.786454263759758, 0.0 ], [ 81.085587499653514, 17.798023476705406, 0.0 ], [ 81.089780952464196, 17.791039750421739, 0.0 ], [ 81.095997585816903, 17.774493284315589, 0.0 ], [ 81.103875070215437, 17.773198021307426, 0.0 ], [ 81.10426226012035, 17.772006361560983, 0.0 ], [ 81.101498525130367, 17.767700071130491, 0.0 ], [ 81.095649716640949, 17.762204337002867, 0.0 ], [ 81.082579747663857, 17.753100477974158, 0.0 ], [ 81.06983274519618, 17.740712491035552, 0.0 ], [ 81.058165013225334, 17.73308576590567, 0.0 ], [ 81.050511564880736, 17.734005322803451, 0.0 ], [ 81.044160504561447, 17.740416480765678, 0.0 ], [ 81.040564428931731, 17.747608380418402, 0.0 ], [ 81.027632483706654, 17.748128515359053, 0.0 ], [ 81.015915908630603, 17.745029155968243, 0.0 ], [ 80.998406341559999, 17.749091512396749, 0.0 ], [ 80.991317969475205, 17.749917129242355, 0.0 ], [ 80.989262989335671, 17.752543644972505, 0.0 ], [ 80.984227592900297, 17.755656183810377, 0.0 ], [ 80.976875781661718, 17.776317306745014, 0.0 ], [ 80.976110829056282, 17.778005150755806, 0.0 ], [ 80.973421817398062, 17.780122160515081, 0.0 ], [ 80.972166255058028, 17.7779551639582, 0.0 ], [ 80.968095752912248, 17.778492993393069, 0.0 ], [ 80.965867065689096, 17.779781620592559, 0.0 ], [ 80.963426820407065, 17.777391178752566, 0.0 ], [ 80.960362978531577, 17.776665457527464, 0.0 ], [ 80.958467127139031, 17.775019635029867, 0.0 ], [ 80.955323913551851, 17.774619574515661, 0.0 ], [ 80.955621886815237, 17.772905662464698, 0.0 ], [ 80.946312478163875, 17.760186915366674, 0.0 ], [ 80.927850465645477, 17.761775184951368, 0.0 ], [ 80.926113707486238, 17.759328547641218, 0.0 ], [ 80.924041622473311, 17.75885355774551, 0.0 ], [ 80.923382432165013, 17.757286314342121, 0.0 ], [ 80.919459731967081, 17.756200080877402, 0.0 ], [ 80.917239515687143, 17.7504092562884, 0.0 ], [ 80.9175695834154, 17.748107685774762, 0.0 ], [ 80.914999050183596, 17.748356781585876, 0.0 ], [ 80.914437334753188, 17.750455398752699, 0.0 ], [ 80.912732319865114, 17.749477759834814, 0.0 ], [ 80.914584708520337, 17.746526814319648, 0.0 ], [ 80.913003125861039, 17.745924124083519, 0.0 ], [ 80.910733658087352, 17.745729605538354, 0.0 ], [ 80.906033018934707, 17.747040523938633, 0.0 ], [ 80.902370552910071, 17.746202172686996, 0.0 ], [ 80.885546322692178, 17.735677953808601, 0.0 ], [ 80.890764289197321, 17.721881007298208, 0.0 ], [ 80.890993297542636, 17.713684847369517, 0.0 ], [ 80.894749560467403, 17.702909979259097, 0.0 ], [ 80.891168982980673, 17.690661390086881, 0.0 ], [ 80.885765157227752, 17.681218776651495, 0.0 ], [ 80.891548467376566, 17.679955948674696, 0.0 ], [ 80.894546403159865, 17.681636584417998, 0.0 ], [ 80.897996769418242, 17.680784781329177, 0.0 ], [ 80.904956301735155, 17.677319503922401, 0.0 ], [ 80.903120597538887, 17.675074656341383, 0.0 ], [ 80.899508659045338, 17.672934199304031, 0.0 ], [ 80.897915924980879, 17.668864120078755, 0.0 ], [ 80.900538281267643, 17.664460580100485, 0.0 ], [ 80.904325888792599, 17.662703956488496, 0.0 ], [ 80.910104565957084, 17.66151309208583, 0.0 ], [ 80.912445037357898, 17.657806102835579, 0.0 ], [ 80.911768589446083, 17.654539035068339, 0.0 ], [ 80.912581532676114, 17.648714755665896, 0.0 ], [ 80.911054966864583, 17.638017213839479, 0.0 ], [ 80.899984501049701, 17.640131637896197, 0.0 ], [ 80.897476521468334, 17.638178604268639, 0.0 ], [ 80.892453206890011, 17.637197913825656, 0.0 ], [ 80.890715177124562, 17.63569567583524, 0.0 ], [ 80.889515421636233, 17.632198792740162, 0.0 ], [ 80.888524516819388, 17.631789227342381, 0.0 ], [ 80.884591017431475, 17.633455459489365, 0.0 ], [ 80.874878689604941, 17.633486359247328, 0.0 ], [ 80.868347526798118, 17.635351172507391, 0.0 ], [ 80.865735755499699, 17.635432544273105, 0.0 ], [ 80.86149487294928, 17.634214634769656, 0.0 ], [ 80.855149098334394, 17.6291576063721, 0.0 ], [ 80.854200361393396, 17.625926840439419, 0.0 ], [ 80.849648897747571, 17.622209281136897, 0.0 ], [ 80.851009333923813, 17.613174611734209, 0.0 ], [ 80.855401346601269, 17.601869877477771, 0.0 ], [ 80.860864360136432, 17.601616570016962, 0.0 ], [ 80.867139303285214, 17.599426916001409, 0.0 ], [ 80.881553028490032, 17.596264124129167, 0.0 ], [ 80.886146416908687, 17.597331779308554, 0.0 ], [ 80.893063610517544, 17.600664562750179, 0.0 ], [ 80.89990430145123, 17.60102257669854, 0.0 ], [ 80.917753749134263, 17.599921435792286, 0.0 ], [ 80.923904454075654, 17.601645317686163, 0.0 ], [ 80.934041648655054, 17.600503704720829, 0.0 ], [ 80.941016650777428, 17.601836671880669, 0.0 ], [ 80.948860415594325, 17.601716300240366, 0.0 ], [ 80.963766680573116, 17.599989078904695, 0.0 ], [ 80.969395205658245, 17.598055470219936, 0.0 ], [ 80.976727138905119, 17.587189235643823, 0.0 ], [ 80.979797671569997, 17.584112678662279, 0.0 ], [ 80.982829732104207, 17.582736001941253, 0.0 ], [ 80.988804388193657, 17.572419436893284, 0.0 ], [ 80.991591476412779, 17.571160753792281, 0.0 ], [ 80.99839982489847, 17.564684619085892, 0.0 ], [ 81.002808179767428, 17.550609753642764, 0.0 ], [ 81.006776625149286, 17.548909569208163, 0.0 ], [ 81.008425897716748, 17.547002326664671, 0.0 ], [ 81.013676859056105, 17.536618656830814, 0.0 ], [ 81.015138994547073, 17.524539677818744, 0.0 ], [ 81.014826399590277, 17.522126210193004, 0.0 ], [ 81.019895796642885, 17.520034335555902, 0.0 ], [ 81.047205180135251, 17.519513868512544, 0.0 ], [ 81.080067678328973, 17.515046115887021, 0.0 ], [ 81.091348036912265, 17.505652163336151, 0.0 ], [ 81.097563187675107, 17.504255902501427, 0.0 ], [ 81.101105767110241, 17.505602250918493, 0.0 ], [ 81.117464634633194, 17.522070751393017, 0.0 ], [ 81.124496818704657, 17.527059512542092, 0.0 ], [ 81.127279664309242, 17.526422939046814, 0.0 ], [ 81.131091622802487, 17.521953991853746, 0.0 ], [ 81.136480909790606, 17.518637635316743, 0.0 ], [ 81.138475728747906, 17.516235583359464, 0.0 ], [ 81.1405064597745, 17.504664675846318, 0.0 ], [ 81.144871018245752, 17.495076024537994, 0.0 ], [ 81.142331456936745, 17.490743444900616, 0.0 ], [ 81.142145378206479, 17.488587538909865, 0.0 ], [ 81.159680768072732, 17.484370095760458, 0.0 ], [ 81.15595921901965, 17.475994992702514, 0.0 ], [ 81.150374923543197, 17.468344294823492, 0.0 ], [ 81.148253674932775, 17.46365328524514, 0.0 ], [ 81.175547261252945, 17.463636376795542, 0.0 ], [ 81.172327070339662, 17.449043290295752, 0.0 ], [ 81.175165485653821, 17.445747479057765, 0.0 ], [ 81.18298419380352, 17.44024742602026, 0.0 ], [ 81.193297151106904, 17.435625158744589, 0.0 ], [ 81.202697073686636, 17.433953169831099, 0.0 ], [ 81.202297193244192, 17.440663965076279, 0.0 ], [ 81.203885432096399, 17.44750376301009, 0.0 ], [ 81.205263608920305, 17.449587930854392, 0.0 ], [ 81.208954668267694, 17.446465108041266, 0.0 ], [ 81.211759010573431, 17.441740190679187, 0.0 ], [ 81.219047634702648, 17.442276438319155, 0.0 ], [ 81.221425217171998, 17.439438118253538, 0.0 ], [ 81.224716711057582, 17.439209965589118, 0.0 ], [ 81.236327628996122, 17.435575811218325, 0.0 ], [ 81.242691691350927, 17.432063404462536, 0.0 ], [ 81.245507188917188, 17.433025571935019, 0.0 ], [ 81.259741259665901, 17.422219396110414, 0.0 ], [ 81.268542291173276, 17.418258960277551, 0.0 ], [ 81.300512046861314, 17.412706733142862, 0.0 ], [ 81.312382263061124, 17.408723800536524, 0.0 ], [ 81.313879322193031, 17.407452185656275, 0.0 ], [ 81.318593366178206, 17.398423293095231, 0.0 ], [ 81.321102092678146, 17.387974004109243, 0.0 ], [ 81.322639371845526, 17.374546056019952, 0.0 ], [ 81.320170820500977, 17.371330210880469, 0.0 ], [ 81.316469710577906, 17.369002326360629, 0.0 ], [ 81.316263742738272, 17.364748625350732, 0.0 ], [ 81.311939962198181, 17.36095812237809, 0.0 ], [ 81.31080476027951, 17.357404182313772, 0.0 ], [ 81.307550483855039, 17.352605867952402, 0.0 ], [ 81.305250120772243, 17.346171568865081, 0.0 ], [ 81.301057594383948, 17.340929042544683, 0.0 ], [ 81.297357306459006, 17.338605389521561, 0.0 ], [ 81.288470298749573, 17.328338792257814, 0.0 ], [ 81.278462701158205, 17.323677851241641, 0.0 ], [ 81.275632578743782, 17.318655836065496, 0.0 ], [ 81.273980327790525, 17.317459168348574, 0.0 ], [ 81.268206237443678, 17.320292358137038, 0.0 ], [ 81.245623880028703, 17.32605601820292, 0.0 ], [ 81.244582729498532, 17.323355862081783, 0.0 ], [ 81.239086134058681, 17.323759356940975, 0.0 ], [ 81.239085591259681, 17.321109786800235, 0.0 ], [ 81.233519802586059, 17.320627141107458, 0.0 ], [ 81.222000598255107, 17.321756144213055, 0.0 ], [ 81.210267646390534, 17.326317014792043, 0.0 ], [ 81.206837956628434, 17.325546192765554, 0.0 ], [ 81.190365158747525, 17.325080250231004, 0.0 ], [ 81.187613559696786, 17.318980731596753, 0.0 ], [ 81.186627199924544, 17.314218399694408, 0.0 ], [ 81.183710588750543, 17.310660377824288, 0.0 ], [ 81.181322312500996, 17.304717808096385, 0.0 ], [ 81.17661413594557, 17.287935710184243, 0.0 ], [ 81.176766737780014, 17.284403957331477, 0.0 ], [ 81.178888937710468, 17.282927702986456, 0.0 ], [ 81.179523556194027, 17.278639303783354, 0.0 ], [ 81.177905749789616, 17.272128995503987, 0.0 ], [ 81.178131302031787, 17.269311373448041, 0.0 ], [ 81.183891917261789, 17.258617697514101, 0.0 ], [ 81.187549490824708, 17.254920928515151, 0.0 ], [ 81.186045735431776, 17.248762930557877, 0.0 ], [ 81.183334895642631, 17.247288583810167, 0.0 ], [ 81.174971672379726, 17.237241231175567, 0.0 ], [ 81.172964408104775, 17.23229644064504, 0.0 ], [ 81.173932578814345, 17.230606851204822, 0.0 ], [ 81.171144537456755, 17.231203503719698, 0.0 ], [ 81.159428287460059, 17.231068229693971, 0.0 ], [ 81.145889560295188, 17.228984655743652, 0.0 ], [ 81.127558751903948, 17.224581165041101, 0.0 ], [ 81.109390252827225, 17.223738697272935, 0.0 ], [ 81.090328360086119, 17.219867727260453, 0.0 ], [ 81.08324646118227, 17.217893239870879, 0.0 ], [ 81.079565140926633, 17.215547527181531, 0.0 ], [ 81.076095297565487, 17.216307545675804, 0.0 ], [ 81.06271340173663, 17.222338935190574, 0.0 ], [ 81.058617535927866, 17.22306867275476, 0.0 ], [ 81.05460934514285, 17.224874201952701, 0.0 ], [ 81.055554859582799, 17.219830154905527, 0.0 ], [ 81.050859872959975, 17.211604044913241, 0.0 ], [ 81.049455396954926, 17.207339302959404, 0.0 ], [ 81.043528695537404, 17.202597818953066, 0.0 ], [ 81.041778307670228, 17.199048225584367, 0.0 ], [ 81.036826215928812, 17.192753183509506, 0.0 ], [ 81.03494181354948, 17.191722439863316, 0.0 ], [ 81.032821592658308, 17.192238663747105, 0.0 ], [ 81.031231866032797, 17.190601302953635, 0.0 ], [ 81.015389580633894, 17.194673551337825, 0.0 ], [ 81.012077189382879, 17.194410289006814, 0.0 ], [ 81.008580677935626, 17.192130733869405, 0.0 ], [ 81.002780123137896, 17.191986236852308, 0.0 ], [ 80.998439692853637, 17.190716845553919, 0.0 ], [ 80.994321068003188, 17.191594628935807, 0.0 ], [ 80.984101641342022, 17.196505928199617, 0.0 ], [ 80.98243149373684, 17.196464515299542, 0.0 ], [ 80.976250580220679, 17.200543412430495, 0.0 ], [ 80.969939347520352, 17.20141196731231, 0.0 ], [ 80.968009196051526, 17.202822463518043, 0.0 ], [ 80.960250416060148, 17.204336062166462, 0.0 ], [ 80.947406750086159, 17.214433004526843, 0.0 ], [ 80.945906718596234, 17.216837164019317, 0.0 ], [ 80.941245672435144, 17.219564337061129, 0.0 ], [ 80.938983963407097, 17.220156742899995, 0.0 ], [ 80.932555748654721, 17.219514295208061, 0.0 ], [ 80.927552093028766, 17.22055082770159, 0.0 ], [ 80.914714084316614, 17.21901174126393, 0.0 ], [ 80.910965922790027, 17.219756040268503, 0.0 ], [ 80.899647631811987, 17.222856760201868, 0.0 ], [ 80.889395071709487, 17.2273114238617, 0.0 ], [ 80.877921739894958, 17.230849950418534, 0.0 ], [ 80.875232608391002, 17.232003173673721, 0.0 ], [ 80.874558013014806, 17.233537172040165, 0.0 ], [ 80.871909348669419, 17.233740682952085, 0.0 ], [ 80.87123503794254, 17.2329596646486, 0.0 ], [ 80.867984621236545, 17.233399344712048, 0.0 ], [ 80.865255321693184, 17.235768845748886, 0.0 ], [ 80.866333514344163, 17.246211749975849, 0.0 ], [ 80.869770210767797, 17.257125257968799, 0.0 ], [ 80.872738054395128, 17.261347639509694, 0.0 ], [ 80.872981255344499, 17.263029196453971, 0.0 ], [ 80.875646252355793, 17.263788666107128, 0.0 ], [ 80.876193950237791, 17.264732663007386, 0.0 ], [ 80.868887434660508, 17.283197563878801, 0.0 ], [ 80.871993703348608, 17.323007739040001, 0.0 ], [ 80.86758598082686, 17.329697983719583, 0.0 ], [ 80.867933175604477, 17.334074130574741, 0.0 ], [ 80.865517717206956, 17.341416437761662, 0.0 ], [ 80.865447981321225, 17.344400617449423, 0.0 ], [ 80.862230170357037, 17.348208521235094, 0.0 ], [ 80.859932818711769, 17.364702565909411, 0.0 ], [ 80.858254936761398, 17.36534201129729, 0.0 ], [ 80.845136275488159, 17.367258112056518, 0.0 ], [ 80.833402261043545, 17.363980783837409, 0.0 ], [ 80.829731095524835, 17.361965454453379, 0.0 ], [ 80.826591414025941, 17.359573984033851, 0.0 ], [ 80.81928495588447, 17.351256831392863, 0.0 ], [ 80.812798330527698, 17.337078551932098, 0.0 ], [ 80.803728809297368, 17.338434457808876, 0.0 ], [ 80.778710796054767, 17.33732477562226, 0.0 ], [ 80.776231667964268, 17.328619895112887, 0.0 ], [ 80.777352261525834, 17.31542957021399, 0.0 ], [ 80.775390610964223, 17.308219779059176, 0.0 ], [ 80.761007144723663, 17.31389041686467, 0.0 ], [ 80.751272940429118, 17.302869899998214, 0.0 ], [ 80.749800771593272, 17.300000562310569, 0.0 ], [ 80.748519213291289, 17.291497219169006, 0.0 ], [ 80.747514021221932, 17.290537904429687, 0.0 ], [ 80.730759686722806, 17.287812955866894, 0.0 ], [ 80.727312507637123, 17.288373602483819, 0.0 ], [ 80.726786192525992, 17.289016145616316, 0.0 ], [ 80.727586967216766, 17.289657320993282, 0.0 ], [ 80.72745176366152, 17.298885692326195, 0.0 ], [ 80.725686613120857, 17.302825750277492, 0.0 ], [ 80.722422838535948, 17.305284322761775, 0.0 ], [ 80.708828463259678, 17.299917616360638, 0.0 ], [ 80.698364908560649, 17.290134272083453, 0.0 ], [ 80.695539488899314, 17.288599556571835, 0.0 ], [ 80.691172617496903, 17.28930885124246, 0.0 ], [ 80.684973105488126, 17.29319376842211, 0.0 ] ], [ [ 80.851797358540566, 17.722807886483434, 0.0 ], [ 80.851794813387002, 17.722806306929805, 0.0 ], [ 80.851797358540566, 17.722807886483434, 0.0 ], [ 80.851797358540566, 17.722807886483434, 0.0 ] ] ] } },
{ "type": "Feature", "properties": { "DISTRICT": "HANUMAKONDA", "Dist_LGD": "686" }, "geometry": { "type": "Polygon", "coordinates": [ [ [ 79.437356204883358, 17.913206488266241, 0.0 ], [ 79.428242364745898, 17.903085737049508, 0.0 ], [ 79.422651452871079, 17.898953382312328, 0.0 ], [ 79.420123209773649, 17.895961883404539, 0.0 ], [ 79.417921930039483, 17.897898914365133, 0.0 ], [ 79.414806204441931, 17.897015293770576, 0.0 ], [ 79.41168090065797, 17.89952614672276, 0.0 ], [ 79.409885547842691, 17.899779213974782, 0.0 ], [ 79.40854998931998, 17.898832201291427, 0.0 ], [ 79.404274661565381, 17.898466756752686, 0.0 ], [ 79.403202469275413, 17.900246673457261, 0.0 ], [ 79.399878328388283, 17.90282869459628, 0.0 ], [ 79.397362115089422, 17.902793131655844, 0.0 ], [ 79.395490100385288, 17.907412057355909, 0.0 ], [ 79.394386324777557, 17.908039277067029, 0.0 ], [ 79.390180098585901, 17.900455242867565, 0.0 ], [ 79.381797691500253, 17.904163315664444, 0.0 ], [ 79.372193796144828, 17.910038661021975, 0.0 ], [ 79.368677328022244, 17.909866383140191, 0.0 ], [ 79.363425047806075, 17.914286334107391, 0.0 ], [ 79.353608835264055, 17.920760907913245, 0.0 ], [ 79.35199935315633, 17.923871075486687, 0.0 ], [ 79.342770105832059, 17.921159058991918, 0.0 ], [ 79.336047652501932, 17.938438721735952, 0.0 ], [ 79.324087393685375, 17.943801835677355, 0.0 ], [ 79.307791011311849, 17.949189821643916, 0.0 ], [ 79.304419881569444, 17.947534791566742, 0.0 ], [ 79.299047761475151, 17.950298078091897, 0.0 ], [ 79.287082835960746, 17.951550369554909, 0.0 ], [ 79.286190021460655, 17.953113729924901, 0.0 ], [ 79.27328328565342, 17.954649208192912, 0.0 ], [ 79.267505807081676, 17.95267698141646, 0.0 ], [ 79.271064717869862, 17.978596547324031, 0.0 ], [ 79.263348157497774, 17.983628269631307, 0.0 ], [ 79.24860142252173, 17.985279146687667, 0.0 ], [ 79.235349367909592, 17.985779764720693, 0.0 ], [ 79.228653010074026, 17.987755476150685, 0.0 ], [ 79.232851162287872, 17.994484188861392, 0.0 ], [ 79.230302977182888, 18.001703602225945, 0.0 ], [ 79.236523852212002, 18.003513665735227, 0.0 ], [ 79.244115662001278, 18.003181787593181, 0.0 ], [ 79.248614266098826, 18.003812910531376, 0.0 ], [ 79.255300180605815, 18.002233842716485, 0.0 ], [ 79.260774410476856, 18.002985277962164, 0.0 ], [ 79.260878170459861, 18.011252417537893, 0.0 ], [ 79.259535632971861, 18.024883731487893, 0.0 ], [ 79.261577428947959, 18.034538330215323, 0.0 ], [ 79.266180271852534, 18.039533596869713, 0.0 ], [ 79.273206894430359, 18.051138410622983, 0.0 ], [ 79.278628794100698, 18.062065123475779, 0.0 ], [ 79.281823189226429, 18.065733830964774, 0.0 ], [ 79.279780102117712, 18.067626324888209, 0.0 ], [ 79.283166024501867, 18.070974416653581, 0.0 ], [ 79.290881466642404, 18.089296194655571, 0.0 ], [ 79.293173396370221, 18.102794743102958, 0.0 ], [ 79.290544552645713, 18.120948098804188, 0.0 ], [ 79.29384885187558, 18.125909441662589, 0.0 ], [ 79.299955161349644, 18.129557851357987, 0.0 ], [ 79.313923935233873, 18.134152478690311, 0.0 ], [ 79.317358994274798, 18.139882870800683, 0.0 ], [ 79.327341335721002, 18.148151641286372, 0.0 ], [ 79.336347393584205, 18.146569605642714, 0.0 ], [ 79.346296266748794, 18.146793894028175, 0.0 ], [ 79.353869120062967, 18.139914570285598, 0.0 ], [ 79.365603656559657, 18.13977390365584, 0.0 ], [ 79.379370997715753, 18.156698061598568, 0.0 ], [ 79.382294525641541, 18.153886807853464, 0.0 ], [ 79.386302311914136, 18.151574976472979, 0.0 ], [ 79.396916180390093, 18.148042504692935, 0.0 ], [ 79.400035640552659, 18.155379526003166, 0.0 ], [ 79.400922862148462, 18.161078517126988, 0.0 ], [ 79.397616979037693, 18.162760618284064, 0.0 ], [ 79.399057514503994, 18.16620099349884, 0.0 ], [ 79.406006996303006, 18.164643668195296, 0.0 ], [ 79.410096838722751, 18.165782755389799, 0.0 ], [ 79.413178155576361, 18.16488862965457, 0.0 ], [ 79.41518153790949, 18.167346385749102, 0.0 ], [ 79.416443438830413, 18.166083940693468, 0.0 ], [ 79.419181719679983, 18.169187671603311, 0.0 ], [ 79.424479554722438, 18.165630622296899, 0.0 ], [ 79.427672161867974, 18.157246377305238, 0.0 ], [ 79.431166683367678, 18.156826355606288, 0.0 ], [ 79.437671269486543, 18.15925686918338, 0.0 ], [ 79.447486168964829, 18.158901940047219, 0.0 ], [ 79.447212413475953, 18.16364306711537, 0.0 ], [ 79.462020325866305, 18.164411959545891, 0.0 ], [ 79.462609688624539, 18.17149977073748, 0.0 ], [ 79.461478620463524, 18.177273316778535, 0.0 ], [ 79.46288504709365, 18.180478227396645, 0.0 ], [ 79.461052262916112, 18.187335986983246, 0.0 ], [ 79.466632026283733, 18.18946518557507, 0.0 ], [ 79.468121455512943, 18.192896036091717, 0.0 ], [ 79.473521937964932, 18.195628160158765, 0.0 ], [ 79.465390855531041, 18.200707086051267, 0.0 ], [ 79.468070087081131, 18.21022045139938, 0.0 ], [ 79.473255139665568, 18.219724263011447, 0.0 ], [ 79.473836354892427, 18.229949501447628, 0.0 ], [ 79.48131328607387, 18.231829409131603, 0.0 ], [ 79.482357352091853, 18.229145826529479, 0.0 ], [ 79.486274609691975, 18.231236397622077, 0.0 ], [ 79.49152150560775, 18.229403132798282, 0.0 ], [ 79.497884105911069, 18.23465729993346, 0.0 ], [ 79.513233784336038, 18.238695464225856, 0.0 ], [ 79.519509135018509, 18.241219928933379, 0.0 ], [ 79.532350400521224, 18.236790730742076, 0.0 ], [ 79.534671922952626, 18.235196468273024, 0.0 ], [ 79.540455756096023, 18.237887273646372, 0.0 ], [ 79.544535297018399, 18.242527134166483, 0.0 ], [ 79.54771449453375, 18.244431557536988, 0.0 ], [ 79.55025431556281, 18.247771198190083, 0.0 ], [ 79.548722993014493, 18.25263826449391, 0.0 ], [ 79.550490312606058, 18.258814503890346, 0.0 ], [ 79.550027558424375, 18.262549687767446, 0.0 ], [ 79.551829392743628, 18.264550556487972, 0.0 ], [ 79.551889263823668, 18.267818085646116, 0.0 ], [ 79.559101536898851, 18.264112611917678, 0.0 ], [ 79.571871296871194, 18.261380094568747, 0.0 ], [ 79.57795307754968, 18.257538057132773, 0.0 ], [ 79.582086860127831, 18.256557171462795, 0.0 ], [ 79.585912929997619, 18.259664521929178, 0.0 ], [ 79.593848856102667, 18.260864051274961, 0.0 ], [ 79.597392106510142, 18.262781569287121, 0.0 ], [ 79.606684117144553, 18.259178207666466, 0.0 ], [ 79.609990579291974, 18.262215158872689, 0.0 ], [ 79.620419240025456, 18.262398290484153, 0.0 ], [ 79.621547442430895, 18.26815556598519, 0.0 ], [ 79.623331284788534, 18.268036340744636, 0.0 ], [ 79.627400626686622, 18.27300574809863, 0.0 ], [ 79.628322274125779, 18.281654200605534, 0.0 ], [ 79.631169734782929, 18.284892364839962, 0.0 ], [ 79.632942095079343, 18.285260988563884, 0.0 ], [ 79.636447416843993, 18.283106035901369, 0.0 ], [ 79.636396600550782, 18.281768277901122, 0.0 ], [ 79.637265823237001, 18.280953788405764, 0.0 ], [ 79.635052735573296, 18.276511838948625, 0.0 ], [ 79.652507544067234, 18.252468236740405, 0.0 ], [ 79.67069526099165, 18.25532311974154, 0.0 ], [ 79.679424890534222, 18.262437973503378, 0.0 ], [ 79.682710152873355, 18.266363952243921, 0.0 ], [ 79.68544776884346, 18.266586838704033, 0.0 ], [ 79.691129757218647, 18.273151785911754, 0.0 ], [ 79.697071023600429, 18.277729199513299, 0.0 ], [ 79.704394872626409, 18.271579152263428, 0.0 ], [ 79.70166521824261, 18.2670454564539, 0.0 ], [ 79.700198268221328, 18.257925280178586, 0.0 ], [ 79.695969433648685, 18.254565366993766, 0.0 ], [ 79.695322327209709, 18.250916070906325, 0.0 ], [ 79.705520517324203, 18.246552816199952, 0.0 ], [ 79.710798460793981, 18.240927985216146, 0.0 ], [ 79.714858401593915, 18.233500766887939, 0.0 ], [ 79.714060923010038, 18.227720786280273, 0.0 ], [ 79.716364775580971, 18.223754138288758, 0.0 ], [ 79.716704724616918, 18.220910351527426, 0.0 ], [ 79.722890011634007, 18.219770884097244, 0.0 ], [ 79.722027849327077, 18.210706754234238, 0.0 ], [ 79.722483711250987, 18.209455309498548, 0.0 ], [ 79.728885614636496, 18.206691582057871, 0.0 ], [ 79.735819395152475, 18.204995908313133, 0.0 ], [ 79.736135472270888, 18.202843312316027, 0.0 ], [ 79.73471744361305, 18.202800708167782, 0.0 ], [ 79.733147552865589, 18.200384261101473, 0.0 ], [ 79.729666203486929, 18.199700680545021, 0.0 ], [ 79.728212529419537, 18.198607735390983, 0.0 ], [ 79.726933965081415, 18.198499577678898, 0.0 ], [ 79.722798710742012, 18.200555817972344, 0.0 ], [ 79.722216635222892, 18.197707733693569, 0.0 ], [ 79.724000237444869, 18.194436681100196, 0.0 ], [ 79.733841958407353, 18.190025552489441, 0.0 ], [ 79.734753236451326, 18.186634937246037, 0.0 ], [ 79.740049659368751, 18.18111534884542, 0.0 ], [ 79.742542619139556, 18.180518482334218, 0.0 ], [ 79.743798714593609, 18.177473266779653, 0.0 ], [ 79.74733175811545, 18.178658060737263, 0.0 ], [ 79.750707253389663, 18.175389592211896, 0.0 ], [ 79.753724573184201, 18.17427269521103, 0.0 ], [ 79.763352295601294, 18.182167184398125, 0.0 ], [ 79.779757504472229, 18.190052322851471, 0.0 ], [ 79.788627401535749, 18.189992404979691, 0.0 ], [ 79.803457587767923, 18.183092303406749, 0.0 ], [ 79.80370101412835, 18.179464066486879, 0.0 ], [ 79.803041976962177, 18.177310854070353, 0.0 ], [ 79.806284887865104, 18.170759437789972, 0.0 ], [ 79.807954969258233, 18.162404089549025, 0.0 ], [ 79.809081734121079, 18.161969353777696, 0.0 ], [ 79.809223219206444, 18.156713862103672, 0.0 ], [ 79.817462258326302, 18.144660099430531, 0.0 ], [ 79.818270637367803, 18.14062692581097, 0.0 ], [ 79.827809373465129, 18.136571560733532, 0.0 ], [ 79.83418257040951, 18.137535991576041, 0.0 ], [ 79.835217310059946, 18.13629187095739, 0.0 ], [ 79.840946940479355, 18.134687096409198, 0.0 ], [ 79.841996942473401, 18.132452622076745, 0.0 ], [ 79.829469509268691, 18.122467217079691, 0.0 ], [ 79.824101343938182, 18.11255275621615, 0.0 ], [ 79.81976074769878, 18.113099466790619, 0.0 ], [ 79.8158494673646, 18.100292331818135, 0.0 ], [ 79.815946437706472, 18.095529099662532, 0.0 ], [ 79.809326812743052, 18.07634599018165, 0.0 ], [ 79.795013388122229, 18.076191628806185, 0.0 ], [ 79.790436866320789, 18.078255154686222, 0.0 ], [ 79.788225695069869, 18.081708270324466, 0.0 ], [ 79.785375885831741, 18.082586988694182, 0.0 ], [ 79.784559325430635, 18.078636662108725, 0.0 ], [ 79.785611191779296, 18.073456126715833, 0.0 ], [ 79.789162723039638, 18.071411660915253, 0.0 ], [ 79.791376187441401, 18.068205434874329, 0.0 ], [ 79.792445835102754, 18.063797835465891, 0.0 ], [ 79.79211276418313, 18.061844343311051, 0.0 ], [ 79.790268076463036, 18.059741146361258, 0.0 ], [ 79.792009467124714, 18.059037271322325, 0.0 ], [ 79.791153200425398, 18.05802211528156, 0.0 ], [ 79.792238711724849, 18.058332999385573, 0.0 ], [ 79.792252633068571, 18.057130801922579, 0.0 ], [ 79.793742184533144, 18.056783204881391, 0.0 ], [ 79.792558729989565, 18.056110413057695, 0.0 ], [ 79.79199225729819, 18.052036255950277, 0.0 ], [ 79.793587943627102, 18.051110625280707, 0.0 ], [ 79.79364437924275, 18.047219411562526, 0.0 ], [ 79.792105535088439, 18.04499879655069, 0.0 ], [ 79.785540150446579, 18.048887336396312, 0.0 ], [ 79.779254755729866, 18.049273037427746, 0.0 ], [ 79.777029774661628, 18.054304916218591, 0.0 ], [ 79.769054712350297, 18.054146741651746, 0.0 ], [ 79.762428221455664, 18.055981622295722, 0.0 ], [ 79.749602742104159, 18.057744877109833, 0.0 ], [ 79.748567761041002, 18.057163183852687, 0.0 ], [ 79.746545646260401, 18.054771798575583, 0.0 ], [ 79.744635177233775, 18.054489952521433, 0.0 ], [ 79.744294870187787, 18.05375150217677, 0.0 ], [ 79.745906525092494, 18.050175347042497, 0.0 ], [ 79.749881102748475, 18.045118988921146, 0.0 ], [ 79.749334589696844, 18.042110480318872, 0.0 ], [ 79.747858288042607, 18.040414588606502, 0.0 ], [ 79.748150893110378, 18.033066748396557, 0.0 ], [ 79.746991241697003, 18.0319377566451, 0.0 ], [ 79.744964967188082, 18.023284989487124, 0.0 ], [ 79.742760869279934, 18.018860747427322, 0.0 ], [ 79.736762072591532, 18.011112478784245, 0.0 ], [ 79.731328979409213, 18.007427406303936, 0.0 ], [ 79.730806640299662, 18.005166577699352, 0.0 ], [ 79.719241183623055, 18.002548618071948, 0.0 ], [ 79.716379781671861, 18.000897905437547, 0.0 ], [ 79.714819348701312, 17.998782727688969, 0.0 ], [ 79.713392982586655, 17.999468968838027, 0.0 ], [ 79.711438463171774, 17.996506415817258, 0.0 ], [ 79.70884269144203, 17.996850494033726, 0.0 ], [ 79.707954098037078, 17.995257991079978, 0.0 ], [ 79.701849020484744, 17.996506710321501, 0.0 ], [ 79.699778310290853, 17.999825555910995, 0.0 ], [ 79.692455787319176, 18.001381800895665, 0.0 ], [ 79.686034691654513, 18.00385890692742, 0.0 ], [ 79.686912117862647, 18.005153029976224, 0.0 ], [ 79.684485960718376, 18.005255492543331, 0.0 ], [ 79.68422883738161, 18.004456432436168, 0.0 ], [ 79.683315743915145, 18.004764864734188, 0.0 ], [ 79.683696329506276, 18.005547980779397, 0.0 ], [ 79.678573433673762, 18.007452268659659, 0.0 ], [ 79.676644851470186, 18.010174365428547, 0.0 ], [ 79.676382534109891, 18.015349193906214, 0.0 ], [ 79.670559909829905, 18.023360671261923, 0.0 ], [ 79.671659781662001, 18.027112567119094, 0.0 ], [ 79.670911372401747, 18.02706965467598, 0.0 ], [ 79.670899472494213, 18.028178664493872, 0.0 ], [ 79.665997400751536, 18.032808669425084, 0.0 ], [ 79.66662304772251, 18.033886225944972, 0.0 ], [ 79.661746944167348, 18.037072770858607, 0.0 ], [ 79.650990911658511, 18.042239126846848, 0.0 ], [ 79.646047347831768, 18.038919967715643, 0.0 ], [ 79.642660466785173, 18.042874361571215, 0.0 ], [ 79.641865963509801, 18.038180467255032, 0.0 ], [ 79.629417978889919, 18.038339734030401, 0.0 ], [ 79.620839862541061, 18.039705361646604, 0.0 ], [ 79.611924586625065, 18.032872774581918, 0.0 ], [ 79.604016707721982, 18.030193536189927, 0.0 ], [ 79.601006622495078, 18.031508761264877, 0.0 ], [ 79.599704029770947, 18.034547047923052, 0.0 ], [ 79.597631349617288, 18.036169241352354, 0.0 ], [ 79.595938759779926, 18.034847569268255, 0.0 ], [ 79.595495332793448, 18.032147431499155, 0.0 ], [ 79.594280169000342, 18.030331095661833, 0.0 ], [ 79.596688654358346, 18.025212954982486, 0.0 ], [ 79.594064740853128, 18.020477885053747, 0.0 ], [ 79.592686169950611, 18.00998382512449, 0.0 ], [ 79.594991854219529, 18.00142157175241, 0.0 ], [ 79.593894006073199, 17.99617755402722, 0.0 ], [ 79.592714065540221, 17.993730277953183, 0.0 ], [ 79.589580203846467, 17.990651344375728, 0.0 ], [ 79.588242027868688, 17.985366821121524, 0.0 ], [ 79.582146199821494, 17.987189297985417, 0.0 ], [ 79.581880962804163, 17.982859855959376, 0.0 ], [ 79.581092586427076, 17.981467374674434, 0.0 ], [ 79.582359095579591, 17.979300932249487, 0.0 ], [ 79.582196623919046, 17.977745667935384, 0.0 ], [ 79.581150040776379, 17.977403288887661, 0.0 ], [ 79.580193505848371, 17.975172765424034, 0.0 ], [ 79.575271305666675, 17.97523230825464, 0.0 ], [ 79.573046925469555, 17.968316674952757, 0.0 ], [ 79.571501325157939, 17.966596929536117, 0.0 ], [ 79.569002363457216, 17.960741883874732, 0.0 ], [ 79.570863907035417, 17.956665826395302, 0.0 ], [ 79.569111085041001, 17.953458697168745, 0.0 ], [ 79.567149717378484, 17.941413318576881, 0.0 ], [ 79.566167119966806, 17.939359474014481, 0.0 ], [ 79.568860578676933, 17.934936875945112, 0.0 ], [ 79.569395959364229, 17.929587593675944, 0.0 ], [ 79.564953375229891, 17.931407829209231, 0.0 ], [ 79.559576330190637, 17.932125542283345, 0.0 ], [ 79.554170469593856, 17.930040583993353, 0.0 ], [ 79.555589431225471, 17.926584513426302, 0.0 ], [ 79.558081464300784, 17.923856360373982, 0.0 ], [ 79.559047674417059, 17.921275193391732, 0.0 ], [ 79.559074403020688, 17.917690890974121, 0.0 ], [ 79.559957028400078, 17.916741123734312, 0.0 ], [ 79.566453070410262, 17.912977255602886, 0.0 ], [ 79.583909998758656, 17.899497050182973, 0.0 ], [ 79.588025955099425, 17.897674973861619, 0.0 ], [ 79.593621861953622, 17.897382336188439, 0.0 ], [ 79.59354851896363, 17.890773669068587, 0.0 ], [ 79.589807413334142, 17.883087197147848, 0.0 ], [ 79.593778972153459, 17.880748990927039, 0.0 ], [ 79.604280405228863, 17.87708676781676, 0.0 ], [ 79.607380511287445, 17.872213441231128, 0.0 ], [ 79.614160828899699, 17.868715900209626, 0.0 ], [ 79.617173500694818, 17.868470762411697, 0.0 ], [ 79.618537222022141, 17.859137695965888, 0.0 ], [ 79.616330585933397, 17.854404989316702, 0.0 ], [ 79.616195138178909, 17.85199965355455, 0.0 ], [ 79.614533169330329, 17.850026493592779, 0.0 ], [ 79.616470774757161, 17.847385693614228, 0.0 ], [ 79.616785395457256, 17.8456512644687, 0.0 ], [ 79.620901708696849, 17.841319783379429, 0.0 ], [ 79.621576071258062, 17.828787905566713, 0.0 ], [ 79.613616155008728, 17.821088665417467, 0.0 ], [ 79.60003694795769, 17.822496516535089, 0.0 ], [ 79.596770883509947, 17.823585637481639, 0.0 ], [ 79.594082760891425, 17.823171994747248, 0.0 ], [ 79.5862790783615, 17.815644119067528, 0.0 ], [ 79.577748997026475, 17.811195643785744, 0.0 ], [ 79.574194556117178, 17.813372624952514, 0.0 ], [ 79.55916254646786, 17.807828417758138, 0.0 ], [ 79.560067945854328, 17.805979084667428, 0.0 ], [ 79.564095144080241, 17.80260198759315, 0.0 ], [ 79.564648551847725, 17.795412524810487, 0.0 ], [ 79.554245596573466, 17.787225562772182, 0.0 ], [ 79.550365416792104, 17.786575463234801, 0.0 ], [ 79.53581873874802, 17.790339109490585, 0.0 ], [ 79.525219796341631, 17.790557734118202, 0.0 ], [ 79.521853218509577, 17.793855768694929, 0.0 ], [ 79.51424126507429, 17.794946420948037, 0.0 ], [ 79.513438597987374, 17.804421829837072, 0.0 ], [ 79.515151083186282, 17.812968665465267, 0.0 ], [ 79.514583588616887, 17.818851477598134, 0.0 ], [ 79.508475382324988, 17.818217526658611, 0.0 ], [ 79.501657658976313, 17.819763489844064, 0.0 ], [ 79.495056874360586, 17.81855713870538, 0.0 ], [ 79.493361416350865, 17.818775152394231, 0.0 ], [ 79.490936007493346, 17.821123905168573, 0.0 ], [ 79.493305581585119, 17.830604522795806, 0.0 ], [ 79.492820600298643, 17.841401025738872, 0.0 ], [ 79.500408361619137, 17.853767901339655, 0.0 ], [ 79.502286287301203, 17.853898690165597, 0.0 ], [ 79.502342746105114, 17.855792951586352, 0.0 ], [ 79.505140866492155, 17.859688856030775, 0.0 ], [ 79.504525490749529, 17.861887288874797, 0.0 ], [ 79.503330100030325, 17.863052469526302, 0.0 ], [ 79.503416954618189, 17.864544511777133, 0.0 ], [ 79.502751424029825, 17.865459034824728, 0.0 ], [ 79.497428144459732, 17.867052306010738, 0.0 ], [ 79.495877864236448, 17.868360453517052, 0.0 ], [ 79.492803738045822, 17.868576507825193, 0.0 ], [ 79.491581061382746, 17.873185868675577, 0.0 ], [ 79.491805489406858, 17.878190702897978, 0.0 ], [ 79.489600869026759, 17.881868666433885, 0.0 ], [ 79.487747908584112, 17.883256718480119, 0.0 ], [ 79.487479471660279, 17.887694180262624, 0.0 ], [ 79.482923457928933, 17.890488609215897, 0.0 ], [ 79.483192073446062, 17.891497812165088, 0.0 ], [ 79.481655102895928, 17.891996773539212, 0.0 ], [ 79.477982754013354, 17.89279743811489, 0.0 ], [ 79.477099772458999, 17.891925238652696, 0.0 ], [ 79.476356064390302, 17.889693390952633, 0.0 ], [ 79.471870042327353, 17.883592302825559, 0.0 ], [ 79.470033389328975, 17.882747165868402, 0.0 ], [ 79.464007054091368, 17.875201084597329, 0.0 ], [ 79.464080877698294, 17.872850979611275, 0.0 ], [ 79.458422010992564, 17.874419100237262, 0.0 ], [ 79.455339765460067, 17.877025776773497, 0.0 ], [ 79.449093465002719, 17.878956810684073, 0.0 ], [ 79.449935489984242, 17.884791986653571, 0.0 ], [ 79.449145382646932, 17.892155919917819, 0.0 ], [ 79.447635972451749, 17.8963205174271, 0.0 ], [ 79.449178967155845, 17.902624653779899, 0.0 ], [ 79.448626940826514, 17.908728577569633, 0.0 ], [ 79.437356204883358, 17.913206488266241, 0.0 ] ], [ [ 79.70439498724771, 18.027952682519793, 0.0 ], [ 79.704115116307335, 18.027033100230234, 0.0 ], [ 79.704106067873738, 18.027003368464054, 0.0 ], [ 79.70439498724771, 18.027952682519793, 0.0 ] ] ] } },
{ "type": "Feature", "properties": { "DISTRICT": "HYDERABAD", "Dist_LGD": "536" }, "geometry": { "type": "Polygon", "coordinates": [ [ [ 78.453446167684888, 17.31938224761949, 0.0 ], [ 78.451722845070918, 17.323936999006879, 0.0 ], [ 78.448332596099945, 17.325826055932065, 0.0 ], [ 78.444676334997425, 17.326577585318336, 0.0 ], [ 78.442623592565397, 17.328398114450682, 0.0 ], [ 78.442210688488629, 17.333666258865428, 0.0 ], [ 78.440094695160184, 17.336571236853679, 0.0 ], [ 78.431936015264043, 17.339698035991798, 0.0 ], [ 78.426936286729287, 17.339242535275197, 0.0 ], [ 78.423481814113899, 17.340927150477807, 0.0 ], [ 78.423274321400669, 17.343633523462049, 0.0 ], [ 78.429183345265713, 17.34582067714366, 0.0 ], [ 78.425973431609066, 17.348850588068313, 0.0 ], [ 78.427201739972389, 17.351132218027463, 0.0 ], [ 78.429692491230767, 17.35157251886767, 0.0 ], [ 78.438807250426592, 17.346212394946459, 0.0 ], [ 78.441111322184412, 17.346939996145288, 0.0 ], [ 78.442325871727505, 17.349203490267598, 0.0 ], [ 78.441956104655546, 17.351686741535254, 0.0 ], [ 78.436643182380024, 17.355031123038049, 0.0 ], [ 78.432851133951615, 17.359235517939531, 0.0 ], [ 78.428287528989628, 17.359344922395191, 0.0 ], [ 78.426958157251818, 17.360394620026263, 0.0 ], [ 78.428628938860541, 17.372976142485182, 0.0 ], [ 78.41474050390616, 17.370973358471005, 0.0 ], [ 78.410701100130311, 17.372249535820352, 0.0 ], [ 78.406245528735354, 17.371468782446559, 0.0 ], [ 78.40229095283344, 17.37272312944452, 0.0 ], [ 78.397825141962969, 17.370707749890233, 0.0 ], [ 78.388096936869246, 17.371145077027283, 0.0 ], [ 78.380220839046018, 17.373630533341743, 0.0 ], [ 78.378661232698434, 17.373719153197769, 0.0 ], [ 78.376863258186717, 17.372344806688201, 0.0 ], [ 78.373284673789911, 17.373213421227707, 0.0 ], [ 78.371779575522865, 17.374794475910623, 0.0 ], [ 78.367952696323698, 17.376406579025637, 0.0 ], [ 78.367884944361776, 17.378743540185553, 0.0 ], [ 78.379388541822181, 17.379197399359665, 0.0 ], [ 78.385157809692487, 17.383052726860548, 0.0 ], [ 78.389444194190688, 17.382936938942816, 0.0 ], [ 78.395104047401688, 17.386044957142577, 0.0 ], [ 78.395461442580853, 17.390049955821897, 0.0 ], [ 78.392300367308678, 17.390606563149525, 0.0 ], [ 78.391868097405847, 17.391393627557651, 0.0 ], [ 78.392205314044901, 17.392884420803487, 0.0 ], [ 78.395526576554388, 17.39673338085889, 0.0 ], [ 78.394899372887437, 17.398558361208536, 0.0 ], [ 78.392717659942036, 17.399558680333953, 0.0 ], [ 78.392740587660171, 17.40181955645026, 0.0 ], [ 78.39460327900801, 17.403782214300396, 0.0 ], [ 78.397870383832327, 17.403904887849794, 0.0 ], [ 78.399222717549989, 17.405161572971821, 0.0 ], [ 78.40293311174598, 17.406102396098063, 0.0 ], [ 78.403999078033294, 17.407718050382609, 0.0 ], [ 78.400153542685374, 17.419413309703696, 0.0 ], [ 78.395705601058538, 17.421788373893968, 0.0 ], [ 78.394961613559289, 17.423092262033808, 0.0 ], [ 78.395681641978015, 17.424026212472903, 0.0 ], [ 78.401303062871591, 17.424239892764238, 0.0 ], [ 78.401420881766271, 17.426433960735981, 0.0 ], [ 78.405051611998758, 17.432686506573958, 0.0 ], [ 78.40978225245442, 17.434744939354037, 0.0 ], [ 78.408644231107743, 17.439888165494587, 0.0 ], [ 78.408963351639812, 17.441767648572061, 0.0 ], [ 78.414531732335675, 17.446140066397437, 0.0 ], [ 78.424978806654991, 17.443981342007582, 0.0 ], [ 78.427869912431689, 17.444529405603344, 0.0 ], [ 78.428851332121369, 17.445262377903148, 0.0 ], [ 78.431221041954601, 17.450598019696969, 0.0 ], [ 78.433943937911323, 17.451483341231938, 0.0 ], [ 78.447600933615448, 17.450937009987246, 0.0 ], [ 78.453004112698409, 17.445043399303657, 0.0 ], [ 78.45469808667157, 17.445217907938151, 0.0 ], [ 78.457631090657841, 17.448094483813108, 0.0 ], [ 78.460471593226572, 17.446720008332417, 0.0 ], [ 78.463765449454087, 17.449328659358173, 0.0 ], [ 78.46408033336111, 17.457583120725314, 0.0 ], [ 78.462933867364043, 17.467749621009759, 0.0 ], [ 78.463709682394779, 17.472906900669283, 0.0 ], [ 78.46549715891409, 17.474981017041472, 0.0 ], [ 78.471899604965543, 17.477709510607905, 0.0 ], [ 78.474969624761201, 17.481536574806277, 0.0 ], [ 78.477189134677317, 17.482868921574493, 0.0 ], [ 78.480132732202037, 17.482964520799886, 0.0 ], [ 78.482817078428852, 17.476185378407656, 0.0 ], [ 78.479565835285911, 17.471655934205906, 0.0 ], [ 78.477023313623889, 17.471518879443238, 0.0 ], [ 78.476465676505924, 17.4707675205198, 0.0 ], [ 78.475905260762815, 17.463437677202652, 0.0 ], [ 78.476430445520677, 17.462289708343302, 0.0 ], [ 78.485443041265981, 17.45625775250425, 0.0 ], [ 78.488386154771092, 17.456362339328287, 0.0 ], [ 78.493889688538758, 17.458991249849802, 0.0 ], [ 78.495773184061022, 17.465994509431905, 0.0 ], [ 78.497165041716713, 17.467635238521758, 0.0 ], [ 78.500444325606693, 17.466666790940199, 0.0 ], [ 78.503166901579945, 17.467166978414891, 0.0 ], [ 78.504721759190247, 17.468528909726341, 0.0 ], [ 78.503931864548221, 17.471157475370827, 0.0 ], [ 78.499553008148808, 17.47323689926283, 0.0 ], [ 78.498090446984861, 17.474828214090824, 0.0 ], [ 78.497719213696186, 17.479825284480185, 0.0 ], [ 78.500369384310147, 17.483281784569733, 0.0 ], [ 78.501551107536685, 17.481972624064632, 0.0 ], [ 78.505076777622605, 17.48042772479781, 0.0 ], [ 78.507881740346974, 17.480250392199476, 0.0 ], [ 78.513118557605594, 17.480927754011631, 0.0 ], [ 78.518338432139473, 17.482825520044639, 0.0 ], [ 78.522373415737434, 17.482614250621342, 0.0 ], [ 78.52314269786558, 17.481540876138471, 0.0 ], [ 78.522888836295976, 17.475873368498309, 0.0 ], [ 78.517702876086005, 17.473903695273957, 0.0 ], [ 78.51955560519643, 17.471443264485625, 0.0 ], [ 78.52026723843214, 17.468605962696923, 0.0 ], [ 78.518611006130371, 17.462337572839495, 0.0 ], [ 78.520605938041967, 17.457902644231218, 0.0 ], [ 78.51779261879922, 17.44072264607702, 0.0 ], [ 78.531372254906898, 17.4369871378406, 0.0 ], [ 78.541643339832532, 17.442855503872494, 0.0 ], [ 78.543853876681268, 17.443187759616187, 0.0 ], [ 78.54548587598758, 17.440598416535163, 0.0 ], [ 78.54737803528127, 17.441208022221129, 0.0 ], [ 78.548982509990125, 17.437592111949918, 0.0 ], [ 78.545866465595964, 17.433589374341526, 0.0 ], [ 78.545226056500397, 17.429310724836053, 0.0 ], [ 78.543495694746952, 17.427120117260834, 0.0 ], [ 78.536883900686377, 17.42230288396668, 0.0 ], [ 78.530285876945172, 17.425542605361173, 0.0 ], [ 78.526260100472868, 17.422132449203268, 0.0 ], [ 78.527793422340082, 17.41999445664673, 0.0 ], [ 78.527053476341919, 17.413011106189444, 0.0 ], [ 78.533412684284414, 17.411482789737885, 0.0 ], [ 78.535134992230169, 17.405503311399983, 0.0 ], [ 78.53483230173056, 17.40421643609373, 0.0 ], [ 78.523149328682493, 17.406441486295385, 0.0 ], [ 78.523345350991391, 17.403807349927146, 0.0 ], [ 78.522213389692382, 17.402571529899692, 0.0 ], [ 78.523179754185236, 17.402010746218657, 0.0 ], [ 78.525373808960751, 17.403939166388877, 0.0 ], [ 78.527850993169253, 17.401588327351028, 0.0 ], [ 78.528124870131592, 17.396355085186112, 0.0 ], [ 78.526811579404722, 17.38081168578821, 0.0 ], [ 78.529130570747199, 17.37965753199628, 0.0 ], [ 78.530363613885044, 17.377842340136308, 0.0 ], [ 78.529596073568513, 17.375488550662421, 0.0 ], [ 78.527891119418413, 17.374125420895862, 0.0 ], [ 78.529203345866961, 17.371451813668873, 0.0 ], [ 78.532578504786059, 17.3691950916816, 0.0 ], [ 78.535424666773352, 17.37133741155251, 0.0 ], [ 78.536271885843021, 17.370897612309864, 0.0 ], [ 78.537042879839319, 17.372437461509033, 0.0 ], [ 78.540854918640676, 17.371690325048679, 0.0 ], [ 78.537366296461713, 17.367398985257534, 0.0 ], [ 78.535601005766438, 17.362644236471088, 0.0 ], [ 78.52975654316289, 17.359013796217653, 0.0 ], [ 78.531934150557689, 17.34607973557738, 0.0 ], [ 78.529579647137837, 17.349417434984108, 0.0 ], [ 78.528827072011651, 17.349351758638736, 0.0 ], [ 78.527549714332636, 17.344325478145198, 0.0 ], [ 78.522341263291779, 17.343047371790512, 0.0 ], [ 78.520032971224211, 17.34412920949562, 0.0 ], [ 78.518988988371106, 17.345887422448389, 0.0 ], [ 78.517565344220216, 17.352131998413828, 0.0 ], [ 78.51590549990641, 17.352378800104404, 0.0 ], [ 78.515069336629779, 17.351267700511883, 0.0 ], [ 78.510663247891088, 17.351199619010373, 0.0 ], [ 78.50666371952471, 17.34955253477095, 0.0 ], [ 78.505621579102879, 17.348326501066957, 0.0 ], [ 78.507370507574834, 17.339747402693593, 0.0 ], [ 78.504868872335919, 17.333420924928582, 0.0 ], [ 78.507215470777837, 17.318815641336712, 0.0 ], [ 78.505713603784343, 17.318367527782527, 0.0 ], [ 78.503107434280267, 17.319125328165338, 0.0 ], [ 78.501959467728213, 17.322302247077726, 0.0 ], [ 78.494937000374733, 17.318506030307049, 0.0 ], [ 78.493343412915735, 17.318287543931788, 0.0 ], [ 78.489592606583358, 17.320490390139728, 0.0 ], [ 78.477351045541042, 17.317955491651158, 0.0 ], [ 78.47365287758447, 17.315035590210588, 0.0 ], [ 78.472672022243856, 17.310640301500772, 0.0 ], [ 78.468928192514156, 17.305784608886626, 0.0 ], [ 78.469079072217895, 17.298922202364302, 0.0 ], [ 78.467593999928184, 17.297786680638893, 0.0 ], [ 78.460201097842017, 17.298982176780761, 0.0 ], [ 78.45887155101039, 17.301912962700619, 0.0 ], [ 78.456204048321567, 17.304953082228696, 0.0 ], [ 78.454096449541126, 17.310268361469568, 0.0 ], [ 78.453446167684888, 17.31938224761949, 0.0 ] ] ] } },
{ "type": "Feature", "properties": { "DISTRICT": "JAGTIAL", "Dist_LGD": "681" }, "geometry": { "type": "Polygon", "coordinates": [ [ [ 78.696296613284531, 18.641366141390005, 0.0 ], [ 78.690053335232832, 18.632856216353634, 0.0 ], [ 78.688152079277117, 18.63397418338225, 0.0 ], [ 78.688009118408999, 18.633042321591894, 0.0 ], [ 78.684561036285274, 18.634359455188612, 0.0 ], [ 78.68337114961777, 18.631851043324573, 0.0 ], [ 78.669892122154394, 18.623325722435315, 0.0 ], [ 78.664299072571836, 18.63354346323861, 0.0 ], [ 78.652782731608596, 18.638668483551779, 0.0 ], [ 78.637900837785523, 18.672242838814427, 0.0 ], [ 78.636825128945759, 18.673316366110683, 0.0 ], [ 78.633660262876958, 18.67260275582111, 0.0 ], [ 78.631609482584722, 18.677485877754396, 0.0 ], [ 78.635699458609665, 18.689752957973958, 0.0 ], [ 78.637203954327006, 18.690506422119093, 0.0 ], [ 78.639920318431948, 18.697464774712781, 0.0 ], [ 78.640810885395737, 18.701854799665018, 0.0 ], [ 78.639975464148634, 18.707105592970301, 0.0 ], [ 78.64095694992092, 18.715350279751398, 0.0 ], [ 78.639548078957262, 18.720357010165539, 0.0 ], [ 78.637182505636815, 18.723328268639637, 0.0 ], [ 78.628636840664655, 18.727820041012016, 0.0 ], [ 78.617471431813499, 18.729785001619486, 0.0 ], [ 78.617395785953718, 18.728755426689158, 0.0 ], [ 78.61470987694041, 18.729982744078821, 0.0 ], [ 78.612937636386974, 18.728246388554318, 0.0 ], [ 78.611247567551501, 18.728591947574767, 0.0 ], [ 78.590644419183107, 18.725632952851864, 0.0 ], [ 78.58168583614956, 18.723044296140152, 0.0 ], [ 78.580486261974102, 18.726324235129223, 0.0 ], [ 78.576752706319297, 18.729904841921574, 0.0 ], [ 78.571223440210417, 18.738468979516924, 0.0 ], [ 78.558334680279629, 18.740245172845746, 0.0 ], [ 78.552768458342143, 18.742740825756584, 0.0 ], [ 78.551395255893567, 18.747479717490577, 0.0 ], [ 78.551631418300914, 18.750879157982222, 0.0 ], [ 78.55363943841256, 18.753530753415767, 0.0 ], [ 78.556515220767608, 18.75427054573171, 0.0 ], [ 78.557455643281926, 18.756022728379069, 0.0 ], [ 78.554311277837485, 18.765092293005484, 0.0 ], [ 78.556995301764289, 18.767483665486104, 0.0 ], [ 78.559063284170179, 18.773171601343915, 0.0 ], [ 78.563596646008989, 18.778944926112317, 0.0 ], [ 78.559304341533505, 18.785641517638503, 0.0 ], [ 78.552527363828901, 18.791290031792677, 0.0 ], [ 78.554304576418247, 18.800932342073082, 0.0 ], [ 78.552778718435235, 18.802214922937903, 0.0 ], [ 78.552191429549865, 18.805452982124653, 0.0 ], [ 78.548964164092283, 18.808951640525159, 0.0 ], [ 78.550920610493691, 18.813477491753385, 0.0 ], [ 78.543110843093061, 18.814151881911158, 0.0 ], [ 78.541661954733272, 18.815308630993925, 0.0 ], [ 78.541904587868501, 18.818070817918091, 0.0 ], [ 78.548139652468606, 18.830662529607704, 0.0 ], [ 78.548276247853096, 18.834548476458469, 0.0 ], [ 78.541442911553261, 18.839468628936224, 0.0 ], [ 78.540084669952776, 18.845744001280384, 0.0 ], [ 78.537353053664276, 18.844223935428655, 0.0 ], [ 78.543363957794412, 18.859821710487655, 0.0 ], [ 78.541202480768334, 18.861030684376964, 0.0 ], [ 78.541756904581362, 18.86346578899553, 0.0 ], [ 78.540489058236261, 18.864506758550725, 0.0 ], [ 78.538863807955494, 18.875603562759537, 0.0 ], [ 78.536121849539455, 18.884490411728894, 0.0 ], [ 78.532741559844396, 18.88559774009854, 0.0 ], [ 78.526398799878521, 18.889654491034651, 0.0 ], [ 78.520933467927904, 18.889997234957658, 0.0 ], [ 78.519866724812346, 18.889431843173202, 0.0 ], [ 78.514174106100697, 18.892518570784944, 0.0 ], [ 78.518931288828298, 18.900692735346322, 0.0 ], [ 78.517936504866256, 18.903316882617442, 0.0 ], [ 78.519163750850524, 18.904434799942464, 0.0 ], [ 78.520973295123454, 18.922983647658786, 0.0 ], [ 78.523083304353591, 18.925523449013586, 0.0 ], [ 78.524998689314032, 18.929940281135153, 0.0 ], [ 78.526798245984537, 18.928931526140374, 0.0 ], [ 78.528032175374875, 18.93035202507069, 0.0 ], [ 78.525960450635822, 18.932455858384557, 0.0 ], [ 78.525932352492362, 18.938973175169334, 0.0 ], [ 78.52801611144676, 18.942723023486614, 0.0 ], [ 78.532623701707905, 18.943329771288415, 0.0 ], [ 78.536512338516943, 18.9422722751656, 0.0 ], [ 78.536968269336313, 18.94601620068843, 0.0 ], [ 78.546079217444287, 18.945814603414874, 0.0 ], [ 78.548298517354226, 18.946503207687304, 0.0 ], [ 78.55148724998574, 18.954201293705264, 0.0 ], [ 78.5539599440431, 18.971824643762968, 0.0 ], [ 78.55619987013948, 18.977138222465175, 0.0 ], [ 78.566592198434947, 18.988121024226967, 0.0 ], [ 78.575014676964855, 18.993882720704871, 0.0 ], [ 78.579666399709339, 18.999298758012298, 0.0 ], [ 78.588447749729937, 19.005356676391923, 0.0 ], [ 78.596131480500844, 18.997941107588971, 0.0 ], [ 78.597241250078881, 18.995155259861956, 0.0 ], [ 78.606389347880949, 18.985498556273825, 0.0 ], [ 78.613378862629276, 18.982949456639808, 0.0 ], [ 78.620329683720115, 18.98193087768831, 0.0 ], [ 78.63602605430853, 18.977862556645476, 0.0 ], [ 78.638312685411563, 18.979521825811666, 0.0 ], [ 78.640804371278065, 18.983084263792861, 0.0 ], [ 78.643160073931966, 18.983985319543351, 0.0 ], [ 78.648033288464703, 18.988746981423965, 0.0 ], [ 78.656165369717371, 18.997854125205201, 0.0 ], [ 78.660267721020077, 19.000861045669303, 0.0 ], [ 78.660005810688574, 19.004955081332714, 0.0 ], [ 78.665548676470834, 19.014848033873022, 0.0 ], [ 78.686397996776975, 19.030212910631025, 0.0 ], [ 78.691812085362486, 19.033221057239412, 0.0 ], [ 78.70053884306121, 19.035958737803277, 0.0 ], [ 78.703925578417724, 19.035359285587493, 0.0 ], [ 78.716679529884601, 19.027738084687279, 0.0 ], [ 78.723681322168531, 19.025406912065758, 0.0 ], [ 78.726884134604234, 19.023075789575763, 0.0 ], [ 78.740238983496582, 19.017079380983084, 0.0 ], [ 78.756639149922862, 19.011337175104579, 0.0 ], [ 78.761582366439896, 19.011304943167595, 0.0 ], [ 78.765132063294729, 19.013126526765852, 0.0 ], [ 78.767395183770219, 19.015457089921458, 0.0 ], [ 78.770059635671018, 19.01432240020122, 0.0 ], [ 78.769443276043106, 19.020098219481405, 0.0 ], [ 78.768326812626967, 19.021227330222285, 0.0 ], [ 78.770827944496929, 19.029927630584723, 0.0 ], [ 78.772467825564206, 19.032433749027671, 0.0 ], [ 78.778798953492853, 19.037682633175653, 0.0 ], [ 78.78878747624114, 19.043443623313536, 0.0 ], [ 78.790607978837045, 19.043254874493442, 0.0 ], [ 78.798827675081441, 19.048251593700744, 0.0 ], [ 78.805333513101459, 19.049391276570358, 0.0 ], [ 78.811098473194377, 19.047815316333988, 0.0 ], [ 78.813789959357266, 19.049055720364692, 0.0 ], [ 78.821307938652751, 19.049046745991216, 0.0 ], [ 78.825718509734145, 19.055290737747615, 0.0 ], [ 78.828710825425148, 19.061347464590916, 0.0 ], [ 78.836071312915465, 19.068702393460399, 0.0 ], [ 78.841976945318407, 19.069046082697451, 0.0 ], [ 78.845190858294416, 19.070348780259973, 0.0 ], [ 78.862040847804238, 19.059282338829615, 0.0 ], [ 78.866453117833942, 19.059275288731111, 0.0 ], [ 78.869414810571413, 19.056095855262811, 0.0 ], [ 78.872403634257807, 19.05535519718914, 0.0 ], [ 78.873852733483389, 19.0558493632773, 0.0 ], [ 78.899942490281333, 19.035415174528303, 0.0 ], [ 78.911807614291803, 19.030440428764773, 0.0 ], [ 78.914330072029841, 19.030906166079596, 0.0 ], [ 78.915656309995455, 19.0330791948377, 0.0 ], [ 78.917594337206538, 19.034181815296694, 0.0 ], [ 78.91866678184445, 19.037780080990508, 0.0 ], [ 78.920472227122829, 19.040602297344648, 0.0 ], [ 78.922455654707093, 19.041971689671762, 0.0 ], [ 78.92481173550722, 19.048361186175164, 0.0 ], [ 78.931375818578232, 19.05709806575312, 0.0 ], [ 78.935771900790371, 19.061465483581745, 0.0 ], [ 78.939900779709902, 19.063030912781617, 0.0 ], [ 78.941152751738798, 19.065641261846505, 0.0 ], [ 78.946466580359541, 19.071704044811401, 0.0 ], [ 78.952310962515497, 19.076794926125935, 0.0 ], [ 78.956918459251497, 19.076177715024258, 0.0 ], [ 78.962212466526722, 19.077638188613225, 0.0 ], [ 78.966770397106586, 19.077273243226223, 0.0 ], [ 78.974554191157935, 19.076213055882864, 0.0 ], [ 78.978794998231848, 19.07387673104709, 0.0 ], [ 78.988109129763842, 19.072054582005933, 0.0 ], [ 79.000519255772232, 19.074620654501192, 0.0 ], [ 79.005144097994446, 19.074187690080908, 0.0 ], [ 79.009603385333776, 19.072425729207584, 0.0 ], [ 79.012943166035853, 19.073568822265038, 0.0 ], [ 79.016971369507246, 19.072892095342858, 0.0 ], [ 79.018685560796087, 19.07544190054605, 0.0 ], [ 79.022878928911283, 19.075529448109481, 0.0 ], [ 79.025622014741529, 19.073958568880311, 0.0 ], [ 79.027106690284711, 19.071078543194307, 0.0 ], [ 79.037075064732406, 19.063017647382928, 0.0 ], [ 79.046819226526935, 19.058161156257547, 0.0 ], [ 79.049246808914845, 19.058705884654771, 0.0 ], [ 79.057639611975247, 19.053478533950351, 0.0 ], [ 79.063899301325179, 19.050873972644727, 0.0 ], [ 79.075247888961641, 19.040761056691455, 0.0 ], [ 79.081219411975894, 19.031994002157596, 0.0 ], [ 79.083021319276668, 19.025827754630253, 0.0 ], [ 79.085476418249769, 19.023192933898404, 0.0 ], [ 79.090371401340036, 19.010832556993979, 0.0 ], [ 79.090430324501114, 19.004663683319894, 0.0 ], [ 79.08952735962454, 19.00083702970927, 0.0 ], [ 79.090802024226136, 18.993976066299233, 0.0 ], [ 79.095027577161787, 18.983435463405048, 0.0 ], [ 79.101337775815381, 18.974737382854684, 0.0 ], [ 79.10417106332585, 18.968229565668118, 0.0 ], [ 79.103082144973826, 18.957893410635965, 0.0 ], [ 79.104287539743311, 18.951980121816053, 0.0 ], [ 79.106786533562627, 18.947023651179599, 0.0 ], [ 79.113046179023186, 18.939851184146157, 0.0 ], [ 79.118285879770923, 18.935887759792514, 0.0 ], [ 79.124110386492831, 18.929732880076404, 0.0 ], [ 79.130507156530257, 18.921788321579477, 0.0 ], [ 79.152407369168131, 18.904320750381178, 0.0 ], [ 79.160836687559595, 18.893790767615467, 0.0 ], [ 79.173512981320101, 18.881019157965579, 0.0 ], [ 79.178787255798341, 18.871539257720706, 0.0 ], [ 79.182103878053127, 18.868727575299296, 0.0 ], [ 79.188527422185061, 18.866725218361921, 0.0 ], [ 79.195745391432268, 18.866525219916088, 0.0 ], [ 79.202979393333635, 18.864626741716972, 0.0 ], [ 79.220366915319559, 18.863398399463247, 0.0 ], [ 79.234338074793769, 18.860721304099282, 0.0 ], [ 79.249056177288011, 18.853219101670085, 0.0 ], [ 79.2632922476446, 18.835536399998745, 0.0 ], [ 79.271350526376409, 18.828247050032033, 0.0 ], [ 79.28295754832385, 18.822301008072351, 0.0 ], [ 79.291854369147515, 18.820350120338063, 0.0 ], [ 79.297836809069949, 18.817899272067809, 0.0 ], [ 79.3074955591389, 18.815391920703458, 0.0 ], [ 79.296691846245864, 18.7805274946206, 0.0 ], [ 79.291343238229373, 18.777303918029769, 0.0 ], [ 79.289874090880886, 18.763391663582937, 0.0 ], [ 79.293984723171363, 18.751254332631454, 0.0 ], [ 79.294830902955539, 18.744763180719506, 0.0 ], [ 79.281545067740851, 18.743193033913133, 0.0 ], [ 79.275524032691564, 18.746835899336102, 0.0 ], [ 79.278271369609044, 18.751075231960613, 0.0 ], [ 79.272246335786249, 18.752287621383356, 0.0 ], [ 79.264728791987523, 18.757805318638226, 0.0 ], [ 79.261872677596614, 18.762509402715313, 0.0 ], [ 79.257154781220677, 18.764659466145627, 0.0 ], [ 79.253325070256935, 18.763611910736344, 0.0 ], [ 79.252687580048331, 18.761719953727965, 0.0 ], [ 79.250206164512079, 18.759695436363486, 0.0 ], [ 79.246008640517985, 18.759824531319115, 0.0 ], [ 79.243087109677333, 18.757684354622619, 0.0 ], [ 79.236290657976539, 18.754938655246626, 0.0 ], [ 79.23049692806579, 18.749700596928289, 0.0 ], [ 79.227993355661809, 18.748958508333537, 0.0 ], [ 79.217604132977954, 18.748955489093412, 0.0 ], [ 79.215993936648374, 18.749370500200339, 0.0 ], [ 79.215047668378048, 18.751212417213171, 0.0 ], [ 79.209776278845212, 18.752414055165275, 0.0 ], [ 79.202380848028724, 18.752843843728222, 0.0 ], [ 79.187965786915697, 18.752101315286129, 0.0 ], [ 79.175628896513928, 18.753285965255706, 0.0 ], [ 79.162929815764812, 18.755659804616954, 0.0 ], [ 79.160049390473603, 18.750872020708162, 0.0 ], [ 79.150285079616779, 18.725644755509979, 0.0 ], [ 79.140642301952681, 18.724838596474473, 0.0 ], [ 79.134473893578246, 18.713338769610477, 0.0 ], [ 79.130086537791968, 18.708897283461262, 0.0 ], [ 79.129498992376909, 18.710876701233463, 0.0 ], [ 79.128150709055376, 18.711143661934805, 0.0 ], [ 79.125477105942835, 18.709754164018925, 0.0 ], [ 79.121691598702128, 18.709178951479263, 0.0 ], [ 79.120378673580745, 18.707396618832774, 0.0 ], [ 79.117004818893804, 18.706289619337436, 0.0 ], [ 79.112222367399099, 18.710336645644571, 0.0 ], [ 79.113421137147569, 18.707096335175788, 0.0 ], [ 79.119171098738889, 18.699141874899798, 0.0 ], [ 79.123866614849419, 18.690742377322781, 0.0 ], [ 79.125500454163159, 18.683569937071507, 0.0 ], [ 79.124199681057988, 18.677797123042733, 0.0 ], [ 79.118360222344265, 18.663027715370234, 0.0 ], [ 79.115341931018747, 18.664237073355682, 0.0 ], [ 79.115941464837007, 18.659230858055967, 0.0 ], [ 79.112501353034773, 18.65844518432101, 0.0 ], [ 79.110397078538426, 18.663089282824014, 0.0 ], [ 79.106704881210945, 18.663747528026356, 0.0 ], [ 79.106799686840986, 18.657771285931723, 0.0 ], [ 79.103223285472538, 18.649548463548012, 0.0 ], [ 79.097236102891017, 18.648416158051511, 0.0 ], [ 79.095159732318663, 18.651781822665946, 0.0 ], [ 79.091891943686491, 18.650789119864331, 0.0 ], [ 79.089171690487262, 18.646831831289258, 0.0 ], [ 79.085552472433918, 18.645954176407241, 0.0 ], [ 79.077240276148729, 18.651731631107289, 0.0 ], [ 79.071514403836673, 18.65311217790606, 0.0 ], [ 79.065222173582384, 18.653512970227801, 0.0 ], [ 79.064117633825504, 18.654833788616063, 0.0 ], [ 79.064827546836796, 18.65948270385373, 0.0 ], [ 79.062872417030135, 18.661095989075125, 0.0 ], [ 79.06207647838491, 18.665554101488539, 0.0 ], [ 79.060067651283944, 18.666082762362375, 0.0 ], [ 79.058848715369166, 18.665550541223933, 0.0 ], [ 79.058962824446809, 18.663577093755389, 0.0 ], [ 79.057299518137782, 18.659043749309475, 0.0 ], [ 79.052608993089251, 18.655619417190319, 0.0 ], [ 79.049780463594644, 18.647197415174269, 0.0 ], [ 79.047921798716544, 18.646037357546632, 0.0 ], [ 79.041909305758011, 18.645811393593998, 0.0 ], [ 79.039085794861109, 18.644396228862355, 0.0 ], [ 79.035927671524803, 18.644632232901948, 0.0 ], [ 79.035571933335376, 18.648460835427603, 0.0 ], [ 79.036262944947836, 18.651112921348606, 0.0 ], [ 79.033513278774166, 18.650588182513953, 0.0 ], [ 79.027540009666438, 18.651428265242348, 0.0 ], [ 79.022563265904864, 18.654601652681201, 0.0 ], [ 79.017931587492839, 18.654131525098261, 0.0 ], [ 79.017505779232906, 18.661519511115731, 0.0 ], [ 79.015466344006967, 18.667929530319388, 0.0 ], [ 79.011193991923818, 18.676234981189456, 0.0 ], [ 79.004290759796888, 18.678314816550134, 0.0 ], [ 78.99865366804886, 18.672913066631921, 0.0 ], [ 78.993120543653191, 18.674966040922442, 0.0 ], [ 78.989227099016517, 18.672761129535356, 0.0 ], [ 78.984462109700019, 18.664988870535481, 0.0 ], [ 78.983215308467322, 18.664419895894298, 0.0 ], [ 78.981942492660849, 18.661085853256342, 0.0 ], [ 78.986347959526796, 18.655903565745803, 0.0 ], [ 78.985984627272828, 18.655083317563104, 0.0 ], [ 78.988413160121667, 18.649950204470219, 0.0 ], [ 78.987338205380397, 18.647999994933514, 0.0 ], [ 78.985053563787773, 18.647423755939467, 0.0 ], [ 78.980800408832366, 18.643404503529741, 0.0 ], [ 78.981875809026207, 18.642851978155349, 0.0 ], [ 78.981806256896363, 18.642047245264671, 0.0 ], [ 78.979799123639367, 18.639923328063389, 0.0 ], [ 78.977047487228063, 18.628157544065338, 0.0 ], [ 78.972646070718412, 18.620757738981737, 0.0 ], [ 78.970749695751152, 18.613014238278865, 0.0 ], [ 78.968520522211662, 18.612067696513456, 0.0 ], [ 78.967724880036243, 18.608994359601905, 0.0 ], [ 78.970987510751613, 18.60564282136761, 0.0 ], [ 78.975029816971713, 18.595867694990336, 0.0 ], [ 78.980966745068017, 18.595855524169412, 0.0 ], [ 78.980001924163247, 18.591976877040501, 0.0 ], [ 78.982991223851712, 18.583495235993475, 0.0 ], [ 78.989486220477559, 18.576217398908899, 0.0 ], [ 78.988396485676375, 18.575617870210468, 0.0 ], [ 78.989395403002291, 18.573876456697288, 0.0 ], [ 78.983202192314408, 18.568537632262508, 0.0 ], [ 78.980877059961543, 18.570857062239885, 0.0 ], [ 78.976728604347514, 18.573082116814941, 0.0 ], [ 78.975744968893721, 18.574665484301708, 0.0 ], [ 78.969072677553569, 18.576108927225032, 0.0 ], [ 78.967716602365741, 18.577459205929237, 0.0 ], [ 78.957086417114454, 18.576709860927352, 0.0 ], [ 78.953267681714635, 18.579126595943265, 0.0 ], [ 78.953728235831065, 18.580196132877006, 0.0 ], [ 78.948546190893737, 18.580664755580177, 0.0 ], [ 78.939154762230459, 18.583786415807523, 0.0 ], [ 78.930624457338453, 18.571688240861395, 0.0 ], [ 78.928811721352375, 18.566176573312713, 0.0 ], [ 78.926610393864394, 18.565984287260047, 0.0 ], [ 78.924222363934632, 18.570132340004733, 0.0 ], [ 78.919394603674363, 18.572514044144796, 0.0 ], [ 78.916301737225169, 18.575342066931256, 0.0 ], [ 78.9125316077496, 18.572305193629475, 0.0 ], [ 78.910772825904331, 18.570114486473798, 0.0 ], [ 78.907172550471529, 18.560794242449656, 0.0 ], [ 78.904460985249997, 18.551168639231847, 0.0 ], [ 78.90282687977809, 18.549990844403951, 0.0 ], [ 78.90084074830483, 18.552465496417259, 0.0 ], [ 78.901396592005483, 18.554005825573082, 0.0 ], [ 78.899942204239863, 18.554595874296734, 0.0 ], [ 78.900389026886756, 18.557870304587915, 0.0 ], [ 78.89712262034385, 18.559332365086625, 0.0 ], [ 78.898974163900704, 18.562883792872039, 0.0 ], [ 78.897243724402813, 18.564773052528206, 0.0 ], [ 78.900110121098351, 18.571106110122226, 0.0 ], [ 78.901496019718749, 18.577730821586361, 0.0 ], [ 78.893311183931957, 18.597074318993464, 0.0 ], [ 78.886127164728251, 18.59663193544284, 0.0 ], [ 78.87997212255199, 18.590942638869819, 0.0 ], [ 78.873681842645496, 18.586747642009271, 0.0 ], [ 78.871535624786475, 18.587305108011133, 0.0 ], [ 78.862778737889329, 18.592538121706983, 0.0 ], [ 78.855184629354, 18.587361218019531, 0.0 ], [ 78.850746530664509, 18.588330145497768, 0.0 ], [ 78.839691563053464, 18.591832220879901, 0.0 ], [ 78.83292221211569, 18.595561236561693, 0.0 ], [ 78.824580740881544, 18.604667699276366, 0.0 ], [ 78.815227423906492, 18.605746613698166, 0.0 ], [ 78.812403396686847, 18.604644602701089, 0.0 ], [ 78.800591429409437, 18.612186691518758, 0.0 ], [ 78.791555271822006, 18.620825436840661, 0.0 ], [ 78.769343807313206, 18.620394610735261, 0.0 ], [ 78.760547959308369, 18.618882299502747, 0.0 ], [ 78.754682660805585, 18.626704870442317, 0.0 ], [ 78.754468645920554, 18.630493566110278, 0.0 ], [ 78.748650953402603, 18.631354297685792, 0.0 ], [ 78.745347266071533, 18.62984092356448, 0.0 ], [ 78.730594805508929, 18.630365949735662, 0.0 ], [ 78.7271157760796, 18.631995282209211, 0.0 ], [ 78.725507745661417, 18.631647654477149, 0.0 ], [ 78.723500942963923, 18.632927737308165, 0.0 ], [ 78.722327528632292, 18.632195186634188, 0.0 ], [ 78.721149660853953, 18.632488135498555, 0.0 ], [ 78.717380398172025, 18.634751920885517, 0.0 ], [ 78.715346127224279, 18.637472833351321, 0.0 ], [ 78.709103514466079, 18.639146629018008, 0.0 ], [ 78.706123816709464, 18.641073444947128, 0.0 ], [ 78.696296613284531, 18.641366141390005, 0.0 ] ] ] } },
{ "type": "Feature", "properties": { "DISTRICT": "JANGOAN", "Dist_LGD": "689" }, "geometry": { "type": "Polygon", "coordinates": [ [ [ 79.126805389246698, 17.673383921000269, 0.0 ], [ 79.123330527291145, 17.668583097773862, 0.0 ], [ 79.119167595414524, 17.669107790682034, 0.0 ], [ 79.10415711914699, 17.675135757410516, 0.0 ], [ 79.09856253839871, 17.678656924293499, 0.0 ], [ 79.09798387069813, 17.684407963509322, 0.0 ], [ 79.094380324438873, 17.686445709960957, 0.0 ], [ 79.089413139535722, 17.695788840790602, 0.0 ], [ 79.090389166532717, 17.698448965925621, 0.0 ], [ 79.089565491512545, 17.701503966798565, 0.0 ], [ 79.083923004069149, 17.706941150602734, 0.0 ], [ 79.082707939032517, 17.710612898917788, 0.0 ], [ 79.075513282104694, 17.714091103637131, 0.0 ], [ 79.068839586955733, 17.719190919284507, 0.0 ], [ 79.054689274394789, 17.72425824756289, 0.0 ], [ 79.046100747038835, 17.726003637088738, 0.0 ], [ 79.040439211952048, 17.720445397513327, 0.0 ], [ 79.040144544967191, 17.714399297988397, 0.0 ], [ 79.037504613948002, 17.70977022158057, 0.0 ], [ 79.03337507345951, 17.708204867494079, 0.0 ], [ 79.026858916683153, 17.712933853107796, 0.0 ], [ 79.025022833759422, 17.713097491051041, 0.0 ], [ 79.022376157521919, 17.718815828595481, 0.0 ], [ 79.008217334055473, 17.73353145167972, 0.0 ], [ 79.008856865199391, 17.73503219461087, 0.0 ], [ 79.004760585087013, 17.737105711449662, 0.0 ], [ 79.004026974593927, 17.742380572275284, 0.0 ], [ 79.000605573763607, 17.746248745290249, 0.0 ], [ 78.997712666695278, 17.748226525736225, 0.0 ], [ 78.995732030118276, 17.75120065631322, 0.0 ], [ 78.995206035420622, 17.753353310725082, 0.0 ], [ 78.996903011027598, 17.75661548946222, 0.0 ], [ 78.997514359624162, 17.761795770425998, 0.0 ], [ 79.001333073576021, 17.770818437341308, 0.0 ], [ 78.991901274490544, 17.785570190597614, 0.0 ], [ 78.993984178261286, 17.789603558554749, 0.0 ], [ 78.990693793106203, 17.791022316902058, 0.0 ], [ 78.990601674282161, 17.793801748498495, 0.0 ], [ 78.97978529634554, 17.798200323578723, 0.0 ], [ 78.978194062053859, 17.795901665642358, 0.0 ], [ 78.976085347695147, 17.794602838296949, 0.0 ], [ 78.970795507693978, 17.794018041801568, 0.0 ], [ 78.965010747072299, 17.792163917115314, 0.0 ], [ 78.960548660665012, 17.79193291623719, 0.0 ], [ 78.957472329698163, 17.788303394090114, 0.0 ], [ 78.950935419721063, 17.787917025245566, 0.0 ], [ 78.946491739557061, 17.788951654832186, 0.0 ], [ 78.937831217060733, 17.79807401190061, 0.0 ], [ 78.921271295374012, 17.802373349359041, 0.0 ], [ 78.907135722647212, 17.812543316355832, 0.0 ], [ 78.900777630497132, 17.808074899899992, 0.0 ], [ 78.899693089582939, 17.805087826617203, 0.0 ], [ 78.891749419864027, 17.805850910145253, 0.0 ], [ 78.880759408249034, 17.809786560436493, 0.0 ], [ 78.875879930086342, 17.80977218456718, 0.0 ], [ 78.871275658841469, 17.807879258899384, 0.0 ], [ 78.868140792956879, 17.808610257603959, 0.0 ], [ 78.865957919654832, 17.811197333669089, 0.0 ], [ 78.868136259581334, 17.816534507178606, 0.0 ], [ 78.867670870141339, 17.825377270833268, 0.0 ], [ 78.874660284749169, 17.825403480427799, 0.0 ], [ 78.878196947925645, 17.826325309622263, 0.0 ], [ 78.877484369458827, 17.833733295813325, 0.0 ], [ 78.882395996122284, 17.834672478262725, 0.0 ], [ 78.888711250302052, 17.841623438896011, 0.0 ], [ 78.895409249949367, 17.839587270420168, 0.0 ], [ 78.898892715971527, 17.839891556789023, 0.0 ], [ 78.900572331826638, 17.843207904159662, 0.0 ], [ 78.902595524789533, 17.844474939266188, 0.0 ], [ 78.905645042186109, 17.844567189278905, 0.0 ], [ 78.912197145913225, 17.842598709578162, 0.0 ], [ 78.922171535234781, 17.836526887963892, 0.0 ], [ 78.922396701698418, 17.838570115925609, 0.0 ], [ 78.917376697169729, 17.848757599097691, 0.0 ], [ 78.91645841240468, 17.854593417159784, 0.0 ], [ 78.917932791493485, 17.860933830606651, 0.0 ], [ 78.917700425688267, 17.862740491468053, 0.0 ], [ 78.920285600173344, 17.866445961470454, 0.0 ], [ 78.921060200449702, 17.873142192621895, 0.0 ], [ 78.923137110962301, 17.873213844646056, 0.0 ], [ 78.931525487935531, 17.878004869005583, 0.0 ], [ 78.936842464624974, 17.876234852903121, 0.0 ], [ 78.945590619595777, 17.879428655691274, 0.0 ], [ 78.950098328247336, 17.871739188554312, 0.0 ], [ 78.960095004465501, 17.865897852659188, 0.0 ], [ 78.962202415594447, 17.86577362381739, 0.0 ], [ 78.968063790788861, 17.868666632823683, 0.0 ], [ 78.971369526870149, 17.868087918370158, 0.0 ], [ 78.973706379440429, 17.862167794155681, 0.0 ], [ 78.981868827973358, 17.858538019684506, 0.0 ], [ 78.987611141263599, 17.857951592289076, 0.0 ], [ 78.989096575945013, 17.853579900158696, 0.0 ], [ 78.992469629120436, 17.84929070435188, 0.0 ], [ 78.998651130028804, 17.844797294322849, 0.0 ], [ 79.001097699026275, 17.845840717025229, 0.0 ], [ 79.001428976157015, 17.847801368603793, 0.0 ], [ 79.000270595238305, 17.848059967150586, 0.0 ], [ 79.003104338064844, 17.858345317127451, 0.0 ], [ 79.005723124762056, 17.861573074153078, 0.0 ], [ 79.010917393466627, 17.864429879507401, 0.0 ], [ 79.016202196051324, 17.872187212888388, 0.0 ], [ 79.019899768257304, 17.875128398805693, 0.0 ], [ 79.020170990614332, 17.876102077083072, 0.0 ], [ 79.039148086504682, 17.872295493590482, 0.0 ], [ 79.03930405471597, 17.869742686477434, 0.0 ], [ 79.043757541899794, 17.863123724114025, 0.0 ], [ 79.043760120958837, 17.860868218474248, 0.0 ], [ 79.048348212562303, 17.860872289717328, 0.0 ], [ 79.054692126402117, 17.869218907526683, 0.0 ], [ 79.059350321722889, 17.870642573345549, 0.0 ], [ 79.064955610533957, 17.873586816578364, 0.0 ], [ 79.068079623782978, 17.873738850279786, 0.0 ], [ 79.068796163784754, 17.874521079199123, 0.0 ], [ 79.071615658934107, 17.873690171608771, 0.0 ], [ 79.072741182813331, 17.875356569883937, 0.0 ], [ 79.080398164689882, 17.873400558446217, 0.0 ], [ 79.092135224069409, 17.873170820177393, 0.0 ], [ 79.093195727018767, 17.87537913053254, 0.0 ], [ 79.103295123238183, 17.88568812026967, 0.0 ], [ 79.111694077133166, 17.898968771100698, 0.0 ], [ 79.118385703493274, 17.900074360767842, 0.0 ], [ 79.124291094881968, 17.902218822234506, 0.0 ], [ 79.113301161429973, 17.906044118261754, 0.0 ], [ 79.102236548665289, 17.914325244314622, 0.0 ], [ 79.105952751663438, 17.92158616931345, 0.0 ], [ 79.115137419833601, 17.929483596650051, 0.0 ], [ 79.121349136386897, 17.941235162398595, 0.0 ], [ 79.126077933909741, 17.945021628488252, 0.0 ], [ 79.131472657835332, 17.946782963460429, 0.0 ], [ 79.137290797996428, 17.95764097042764, 0.0 ], [ 79.143788488337989, 17.965913102643132, 0.0 ], [ 79.139004850412462, 17.978063881680697, 0.0 ], [ 79.153465995506551, 17.991982638325641, 0.0 ], [ 79.162895158744519, 17.991129144497236, 0.0 ], [ 79.174287516219295, 17.994002361159346, 0.0 ], [ 79.184236112755599, 17.993873929667778, 0.0 ], [ 79.189110689375809, 17.999526546840606, 0.0 ], [ 79.1923228690966, 18.00163439632685, 0.0 ], [ 79.192997314234461, 17.999672399361852, 0.0 ], [ 79.20346449815429, 17.999017407624404, 0.0 ], [ 79.213803925920658, 17.996223317481054, 0.0 ], [ 79.226480121376198, 17.994328447041887, 0.0 ], [ 79.232851162287872, 17.994484188861392, 0.0 ], [ 79.228653010074026, 17.987755476150685, 0.0 ], [ 79.231992200079958, 17.986333878468084, 0.0 ], [ 79.263348157497774, 17.983628269631307, 0.0 ], [ 79.271064717869862, 17.978596547324031, 0.0 ], [ 79.267505807081676, 17.95267698141646, 0.0 ], [ 79.27328328565342, 17.954649208192912, 0.0 ], [ 79.286190021460655, 17.953113729924901, 0.0 ], [ 79.287082835960746, 17.951550369554909, 0.0 ], [ 79.299047761475151, 17.950298078091897, 0.0 ], [ 79.304419881569444, 17.947534791566742, 0.0 ], [ 79.307791011311849, 17.949189821643916, 0.0 ], [ 79.324087393685375, 17.943801835677355, 0.0 ], [ 79.336047652501932, 17.938438721735952, 0.0 ], [ 79.342770105832059, 17.921159058991918, 0.0 ], [ 79.35199935315633, 17.923871075486687, 0.0 ], [ 79.353608835264055, 17.920760907913245, 0.0 ], [ 79.363425047806075, 17.914286334107391, 0.0 ], [ 79.368677328022244, 17.909866383140191, 0.0 ], [ 79.372193796144828, 17.910038661021975, 0.0 ], [ 79.386305808192233, 17.901795655921042, 0.0 ], [ 79.3903780736144, 17.900510402297989, 0.0 ], [ 79.394386324777557, 17.908039277067029, 0.0 ], [ 79.395490100385288, 17.907412057355909, 0.0 ], [ 79.397362115089422, 17.902793131655844, 0.0 ], [ 79.399878328388283, 17.90282869459628, 0.0 ], [ 79.403202469275413, 17.900246673457261, 0.0 ], [ 79.404274661565381, 17.898466756752686, 0.0 ], [ 79.40854998931998, 17.898832201291427, 0.0 ], [ 79.409885547842691, 17.899779213974782, 0.0 ], [ 79.41168090065797, 17.89952614672276, 0.0 ], [ 79.414806204441931, 17.897015293770576, 0.0 ], [ 79.417921930039483, 17.897898914365133, 0.0 ], [ 79.420123209773649, 17.895961883404539, 0.0 ], [ 79.422651452871079, 17.898953382312328, 0.0 ], [ 79.428242364745898, 17.903085737049508, 0.0 ], [ 79.437356204883358, 17.913206488266241, 0.0 ], [ 79.448626940826514, 17.908728577569633, 0.0 ], [ 79.449178967155845, 17.902624653779899, 0.0 ], [ 79.447635972451749, 17.8963205174271, 0.0 ], [ 79.449145382646932, 17.892155919917819, 0.0 ], [ 79.449935489984242, 17.884791986653571, 0.0 ], [ 79.449093465002719, 17.878956810684073, 0.0 ], [ 79.455339765460067, 17.877025776773497, 0.0 ], [ 79.458422010992564, 17.874419100237262, 0.0 ], [ 79.464080877698294, 17.872850979611275, 0.0 ], [ 79.464007054091368, 17.875201084597329, 0.0 ], [ 79.470033389328975, 17.882747165868402, 0.0 ], [ 79.471870042327353, 17.883592302825559, 0.0 ], [ 79.477982754013354, 17.89279743811489, 0.0 ], [ 79.483192073446062, 17.891497812165088, 0.0 ], [ 79.482923457928933, 17.890488609215897, 0.0 ], [ 79.487479471660279, 17.887694180262624, 0.0 ], [ 79.487747908584112, 17.883256718480119, 0.0 ], [ 79.489600869026759, 17.881868666433885, 0.0 ], [ 79.491805489406858, 17.878190702897978, 0.0 ], [ 79.491581061382746, 17.873185868675577, 0.0 ], [ 79.492803738045822, 17.868576507825193, 0.0 ], [ 79.495877864236448, 17.868360453517052, 0.0 ], [ 79.497428144459732, 17.867052306010738, 0.0 ], [ 79.502751424029825, 17.865459034824728, 0.0 ], [ 79.505140866492155, 17.859688856030775, 0.0 ], [ 79.502342746105114, 17.855792951586352, 0.0 ], [ 79.502286287301203, 17.853898690165597, 0.0 ], [ 79.500408361619137, 17.853767901339655, 0.0 ], [ 79.492820600298643, 17.841401025738872, 0.0 ], [ 79.493305581585119, 17.830604522795806, 0.0 ], [ 79.490936007493346, 17.821123905168573, 0.0 ], [ 79.493361416350865, 17.818775152394231, 0.0 ], [ 79.495056874360586, 17.81855713870538, 0.0 ], [ 79.501657658976313, 17.819763489844064, 0.0 ], [ 79.508475382324988, 17.818217526658611, 0.0 ], [ 79.514583588616887, 17.818851477598134, 0.0 ], [ 79.515151083186282, 17.812968665465267, 0.0 ], [ 79.513424663953927, 17.802500670837698, 0.0 ], [ 79.514927948933916, 17.792576284614537, 0.0 ], [ 79.514591433549825, 17.774086391933377, 0.0 ], [ 79.510872170958251, 17.766859146934671, 0.0 ], [ 79.505376314502882, 17.750930718764224, 0.0 ], [ 79.505340900416456, 17.748616006913881, 0.0 ], [ 79.493074221763052, 17.754326750362782, 0.0 ], [ 79.490483488621891, 17.754472725567478, 0.0 ], [ 79.486435666545248, 17.752649849429638, 0.0 ], [ 79.481001663776723, 17.745242057921104, 0.0 ], [ 79.490822300583957, 17.741789702358041, 0.0 ], [ 79.495335641104788, 17.738334831107025, 0.0 ], [ 79.504186357297442, 17.724190874795713, 0.0 ], [ 79.502289515594498, 17.715406247230749, 0.0 ], [ 79.498941934871056, 17.716639648927639, 0.0 ], [ 79.495009158938586, 17.715509151725904, 0.0 ], [ 79.486884078949032, 17.711492675266516, 0.0 ], [ 79.480996745900384, 17.70531217083153, 0.0 ], [ 79.490220981664478, 17.698231466938616, 0.0 ], [ 79.490594663860705, 17.696176337871314, 0.0 ], [ 79.489730283577074, 17.690010625751814, 0.0 ], [ 79.483938434754577, 17.678252173446065, 0.0 ], [ 79.481319988124753, 17.674840087927699, 0.0 ], [ 79.491113601921839, 17.665881557546633, 0.0 ], [ 79.489822736880967, 17.662896186365607, 0.0 ], [ 79.503544574267551, 17.661089165635524, 0.0 ], [ 79.508879398615747, 17.661692562791561, 0.0 ], [ 79.52222111022725, 17.661360745220403, 0.0 ], [ 79.524459875185329, 17.633107429438059, 0.0 ], [ 79.536449337656222, 17.630268554269367, 0.0 ], [ 79.540472172240058, 17.637890601315672, 0.0 ], [ 79.545832464084583, 17.630084675755835, 0.0 ], [ 79.550448855994148, 17.627012904222877, 0.0 ], [ 79.551890976095322, 17.627141502227733, 0.0 ], [ 79.563161046373452, 17.61873473461138, 0.0 ], [ 79.562201397278741, 17.605514324906622, 0.0 ], [ 79.56131275314462, 17.603060118459943, 0.0 ], [ 79.559694317833547, 17.601398448148988, 0.0 ], [ 79.554127785368081, 17.597341277181755, 0.0 ], [ 79.545983132284505, 17.59714226081902, 0.0 ], [ 79.541007824459982, 17.598548541897593, 0.0 ], [ 79.537210499899999, 17.600740898283778, 0.0 ], [ 79.532241270069576, 17.593472807571072, 0.0 ], [ 79.530672324878523, 17.592380672049959, 0.0 ], [ 79.528399406649044, 17.591592716582792, 0.0 ], [ 79.520832720548754, 17.591815824687217, 0.0 ], [ 79.512955208429048, 17.588208093758912, 0.0 ], [ 79.512188129865251, 17.587038194458493, 0.0 ], [ 79.510871165639657, 17.587390732384819, 0.0 ], [ 79.511045226612055, 17.585599796177359, 0.0 ], [ 79.514900624106758, 17.580020720615142, 0.0 ], [ 79.514879483153805, 17.577660695157743, 0.0 ], [ 79.515880858396059, 17.575359730381127, 0.0 ], [ 79.514787763908956, 17.573388079704095, 0.0 ], [ 79.515312148164966, 17.568431021856732, 0.0 ], [ 79.514385810491817, 17.56332269291158, 0.0 ], [ 79.516382434526619, 17.559756477491423, 0.0 ], [ 79.517337360370874, 17.55932625049013, 0.0 ], [ 79.523651407439488, 17.557705147174662, 0.0 ], [ 79.526624185769435, 17.558880483219799, 0.0 ], [ 79.528830284693086, 17.55879113133069, 0.0 ], [ 79.532059112446319, 17.55775237468465, 0.0 ], [ 79.533026142793901, 17.55661746038799, 0.0 ], [ 79.531844214076884, 17.555459325494546, 0.0 ], [ 79.533064860822805, 17.552589497372864, 0.0 ], [ 79.532300288438222, 17.546116584649152, 0.0 ], [ 79.533358015523859, 17.544733344448534, 0.0 ], [ 79.537506087385779, 17.543572220892287, 0.0 ], [ 79.535453560448204, 17.541211996488759, 0.0 ], [ 79.53565447623005, 17.534847412919426, 0.0 ], [ 79.533735871441181, 17.529237197914316, 0.0 ], [ 79.539200046142753, 17.529664225812176, 0.0 ], [ 79.541550461626386, 17.526962255416155, 0.0 ], [ 79.540461263788657, 17.524204054396396, 0.0 ], [ 79.530724145317734, 17.517880399009432, 0.0 ], [ 79.526081831615869, 17.512388826059357, 0.0 ], [ 79.523340416499977, 17.505563076991887, 0.0 ], [ 79.523295821876431, 17.504107113570107, 0.0 ], [ 79.524719158140755, 17.502137882843972, 0.0 ], [ 79.524662642987579, 17.499280295504224, 0.0 ], [ 79.522091519310038, 17.496167053982035, 0.0 ], [ 79.521806421213185, 17.494764267609401, 0.0 ], [ 79.516786937472858, 17.494157958533975, 0.0 ], [ 79.509405120687774, 17.495832792283412, 0.0 ], [ 79.500856533083507, 17.496217920261813, 0.0 ], [ 79.494894605819937, 17.500277020127854, 0.0 ], [ 79.489011541896247, 17.507265868275589, 0.0 ], [ 79.485104943455894, 17.510109139170336, 0.0 ], [ 79.472400819177452, 17.514564902069747, 0.0 ], [ 79.462393914704037, 17.513684556871826, 0.0 ], [ 79.453366786902052, 17.511746115930716, 0.0 ], [ 79.44928979266011, 17.51285638762764, 0.0 ], [ 79.444083173023174, 17.512853283824331, 0.0 ], [ 79.444315127926856, 17.514405150446358, 0.0 ], [ 79.430212854691305, 17.516902818613794, 0.0 ], [ 79.429350174899398, 17.511780746048942, 0.0 ], [ 79.424579428537271, 17.50274174118886, 0.0 ], [ 79.421597316933983, 17.500984488145694, 0.0 ], [ 79.417730237995031, 17.500744915971168, 0.0 ], [ 79.412124242002719, 17.498894484678338, 0.0 ], [ 79.407558861737471, 17.501421055452919, 0.0 ], [ 79.402097182569889, 17.502419240223858, 0.0 ], [ 79.383728863820522, 17.511940249091236, 0.0 ], [ 79.377327251647742, 17.510803579137288, 0.0 ], [ 79.362168146955412, 17.520750902250118, 0.0 ], [ 79.355833558368317, 17.5218247052611, 0.0 ], [ 79.346293675511859, 17.521452323449743, 0.0 ], [ 79.343199482507686, 17.522773797450427, 0.0 ], [ 79.341747245850797, 17.521323700568473, 0.0 ], [ 79.337065064709279, 17.523423189606245, 0.0 ], [ 79.328597692942054, 17.524945659540379, 0.0 ], [ 79.322679756141881, 17.527987358932851, 0.0 ], [ 79.322581171981753, 17.532647991685138, 0.0 ], [ 79.319690280205791, 17.539286957779371, 0.0 ], [ 79.32036445046711, 17.540023078920218, 0.0 ], [ 79.311593470680023, 17.544843506412693, 0.0 ], [ 79.312516652490672, 17.546485253055934, 0.0 ], [ 79.312759584688919, 17.550736339585484, 0.0 ], [ 79.308051219449425, 17.554661408558228, 0.0 ], [ 79.304021060752419, 17.556311636503835, 0.0 ], [ 79.297101761261786, 17.554884779563679, 0.0 ], [ 79.29539563088899, 17.555657314581058, 0.0 ], [ 79.288167156031193, 17.565399735700968, 0.0 ], [ 79.28921843144883, 17.566120048158204, 0.0 ], [ 79.288187707684727, 17.568175718052991, 0.0 ], [ 79.289057838122289, 17.569238550051789, 0.0 ], [ 79.280797000356614, 17.574304672817046, 0.0 ], [ 79.275460372712075, 17.579767011842645, 0.0 ], [ 79.267437820161845, 17.571519928120225, 0.0 ], [ 79.262705133964147, 17.569363185538602, 0.0 ], [ 79.260455167447873, 17.562175403707965, 0.0 ], [ 79.257843013857965, 17.559366245860229, 0.0 ], [ 79.254941804841053, 17.559050999707608, 0.0 ], [ 79.245285309114479, 17.562656343644282, 0.0 ], [ 79.231177569521762, 17.563189532963975, 0.0 ], [ 79.230325111207577, 17.56912476070795, 0.0 ], [ 79.223413748787053, 17.583267052089635, 0.0 ], [ 79.218812514986297, 17.586374214573976, 0.0 ], [ 79.212787790799752, 17.594380590843333, 0.0 ], [ 79.214290972490971, 17.59950276091833, 0.0 ], [ 79.215852174297765, 17.602242754510684, 0.0 ], [ 79.218641824711199, 17.604583245157418, 0.0 ], [ 79.219532353529331, 17.607540729549278, 0.0 ], [ 79.218314886387176, 17.612782134739206, 0.0 ], [ 79.215290019328151, 17.61756056692829, 0.0 ], [ 79.208813377932117, 17.623859626275873, 0.0 ], [ 79.20536230875058, 17.623865908522458, 0.0 ], [ 79.202429460651601, 17.620344500606247, 0.0 ], [ 79.189690252234854, 17.599253748958766, 0.0 ], [ 79.184188428081981, 17.599328377360809, 0.0 ], [ 79.182927158494337, 17.594804215692129, 0.0 ], [ 79.177841787451541, 17.583475070095833, 0.0 ], [ 79.167380125407576, 17.575444164534282, 0.0 ], [ 79.163210730431658, 17.580694008409726, 0.0 ], [ 79.158135568213297, 17.584631541873801, 0.0 ], [ 79.155582243531057, 17.586487119001276, 0.0 ], [ 79.151261626794835, 17.587590068164111, 0.0 ], [ 79.153745003676931, 17.593885286986399, 0.0 ], [ 79.152071334365047, 17.598725683737666, 0.0 ], [ 79.153548570337108, 17.60328300057326, 0.0 ], [ 79.153732188590027, 17.613632380080226, 0.0 ], [ 79.157257059107309, 17.618672749632527, 0.0 ], [ 79.157694888813722, 17.622206260852462, 0.0 ], [ 79.14419176505487, 17.628441023097398, 0.0 ], [ 79.140456487214976, 17.638833214267695, 0.0 ], [ 79.138418575980722, 17.641017347908697, 0.0 ], [ 79.134806833763548, 17.643060312072425, 0.0 ], [ 79.129557019925528, 17.658193843941962, 0.0 ], [ 79.130573875358735, 17.671952446236819, 0.0 ], [ 79.126805389246698, 17.673383921000269, 0.0 ] ] ] } },
{ "type": "Feature", "properties": { "DISTRICT": "JAYASHANKAR BHUPALPALLI", "Dist_LGD": "687" }, "geometry": { "type": "Polygon", "coordinates": [ [ [ 79.59501551951422, 18.261198901077638, 0.0 ], [ 79.585912929997619, 18.259664521929178, 0.0 ], [ 79.582086860127831, 18.256557171462795, 0.0 ], [ 79.57795307754968, 18.257538057132773, 0.0 ], [ 79.571871296871194, 18.261380094568747, 0.0 ], [ 79.563085582995001, 18.26282866844231, 0.0 ], [ 79.567185492391005, 18.274934805356914, 0.0 ], [ 79.567398455737148, 18.279874910032898, 0.0 ], [ 79.566556271470603, 18.280897028627454, 0.0 ], [ 79.567182579990643, 18.281491758338227, 0.0 ], [ 79.566689951052624, 18.283622571021947, 0.0 ], [ 79.561005512136205, 18.287226440665837, 0.0 ], [ 79.560912228448345, 18.295825462571969, 0.0 ], [ 79.56286432767439, 18.298152177466935, 0.0 ], [ 79.559770893399943, 18.300013969229649, 0.0 ], [ 79.565025329876306, 18.309241917863606, 0.0 ], [ 79.565869525883556, 18.308816262424276, 0.0 ], [ 79.566947736396031, 18.309896421019221, 0.0 ], [ 79.570770487174343, 18.308896330476738, 0.0 ], [ 79.572531741869724, 18.307638664656356, 0.0 ], [ 79.576522200279399, 18.30917426870192, 0.0 ], [ 79.573916007351372, 18.31702571644249, 0.0 ], [ 79.575411622274004, 18.318925631065817, 0.0 ], [ 79.575007876022951, 18.322249686377042, 0.0 ], [ 79.576169102029354, 18.328834088297082, 0.0 ], [ 79.574611207515815, 18.331082293920144, 0.0 ], [ 79.576448343811123, 18.335839319016983, 0.0 ], [ 79.579501046912981, 18.348744396160139, 0.0 ], [ 79.579425732243706, 18.350660060614562, 0.0 ], [ 79.576708847623806, 18.35380243812671, 0.0 ], [ 79.577764454329937, 18.35675312321548, 0.0 ], [ 79.576590816588833, 18.358754347941868, 0.0 ], [ 79.575462869294427, 18.359106468759375, 0.0 ], [ 79.576808270040047, 18.366821140141045, 0.0 ], [ 79.574795026130943, 18.369234489008655, 0.0 ], [ 79.57560047275409, 18.3780492431334, 0.0 ], [ 79.579312326756252, 18.387816379237677, 0.0 ], [ 79.580399757484699, 18.388055988604524, 0.0 ], [ 79.579411293471395, 18.3909164772802, 0.0 ], [ 79.575804796211571, 18.390887431884479, 0.0 ], [ 79.578256286401484, 18.409003824725279, 0.0 ], [ 79.580479935613795, 18.413269749907997, 0.0 ], [ 79.568784503316834, 18.41598006644611, 0.0 ], [ 79.570951239863248, 18.420227857411479, 0.0 ], [ 79.567061663682267, 18.423875460935314, 0.0 ], [ 79.588016287759956, 18.445622255280767, 0.0 ], [ 79.590470471773713, 18.450322832140529, 0.0 ], [ 79.587864631224932, 18.46189219708204, 0.0 ], [ 79.591031797162799, 18.46197794343308, 0.0 ], [ 79.596801660993449, 18.472615869003604, 0.0 ], [ 79.602569569023544, 18.474519662011161, 0.0 ], [ 79.606347849891876, 18.467355885833847, 0.0 ], [ 79.612051325091201, 18.46363380826082, 0.0 ], [ 79.615648591163662, 18.473308833263484, 0.0 ], [ 79.622891133230496, 18.486436994945031, 0.0 ], [ 79.625896130375637, 18.484763888582822, 0.0 ], [ 79.6328421630581, 18.478498153987307, 0.0 ], [ 79.642178685583062, 18.475549102244457, 0.0 ], [ 79.653730038432499, 18.476064919527495, 0.0 ], [ 79.668139275400463, 18.479338300826537, 0.0 ], [ 79.6721188249889, 18.482209189132021, 0.0 ], [ 79.673953919415879, 18.486097435783776, 0.0 ], [ 79.677232007758647, 18.490298405605571, 0.0 ], [ 79.684909137372543, 18.496883601495274, 0.0 ], [ 79.690642663615677, 18.504034946153503, 0.0 ], [ 79.695726235569111, 18.506981906455998, 0.0 ], [ 79.696222012297099, 18.510796999743388, 0.0 ], [ 79.705734163457109, 18.520704513999494, 0.0 ], [ 79.70847317927408, 18.528512916420542, 0.0 ], [ 79.707050547004528, 18.533608522430978, 0.0 ], [ 79.707374927501192, 18.535371755304954, 0.0 ], [ 79.709025509285127, 18.537157968126266, 0.0 ], [ 79.707909013156424, 18.539150815093805, 0.0 ], [ 79.710477085214592, 18.543633153090799, 0.0 ], [ 79.708171289932224, 18.548061276470992, 0.0 ], [ 79.710365555971393, 18.556007499283687, 0.0 ], [ 79.712011294133347, 18.557856928968942, 0.0 ], [ 79.712041996656467, 18.560816307967997, 0.0 ], [ 79.716728590772917, 18.565152527202208, 0.0 ], [ 79.719533281017803, 18.566278675607794, 0.0 ], [ 79.720814350018003, 18.569323930809631, 0.0 ], [ 79.723892816667245, 18.570735630679437, 0.0 ], [ 79.724805388583846, 18.573558093255361, 0.0 ], [ 79.729482998109461, 18.57431591472637, 0.0 ], [ 79.732760408825698, 18.573351763565565, 0.0 ], [ 79.736514534817587, 18.574042835270284, 0.0 ], [ 79.7413041037358, 18.570391229459535, 0.0 ], [ 79.748554807427837, 18.570949906355683, 0.0 ], [ 79.750258460729711, 18.57265906059714, 0.0 ], [ 79.753050199664671, 18.573531739987789, 0.0 ], [ 79.758010877998942, 18.572143900222496, 0.0 ], [ 79.764793541524639, 18.572501491088509, 0.0 ], [ 79.770150477211843, 18.570260831143102, 0.0 ], [ 79.780238099943205, 18.5697979235708, 0.0 ], [ 79.784325795144269, 18.568668529314838, 0.0 ], [ 79.788961468116412, 18.570572460913219, 0.0 ], [ 79.792268651787083, 18.573045631456964, 0.0 ], [ 79.792826993926823, 18.579779168228772, 0.0 ], [ 79.79106783302619, 18.584119500856147, 0.0 ], [ 79.791266080075616, 18.585624631772671, 0.0 ], [ 79.794481971426407, 18.592466222235554, 0.0 ], [ 79.797999721416076, 18.597122092847123, 0.0 ], [ 79.802195649204762, 18.606948338723175, 0.0 ], [ 79.801513952320263, 18.610736569561674, 0.0 ], [ 79.80416775921168, 18.62128959183736, 0.0 ], [ 79.808293513065635, 18.625752915335354, 0.0 ], [ 79.810084845142185, 18.631080523419069, 0.0 ], [ 79.813621983469545, 18.633358437007121, 0.0 ], [ 79.816679507002604, 18.638366018656075, 0.0 ], [ 79.819564449192498, 18.641411065782162, 0.0 ], [ 79.820253798622659, 18.643527443316664, 0.0 ], [ 79.823898709873845, 18.646118565447242, 0.0 ], [ 79.830014093484834, 18.653858303460453, 0.0 ], [ 79.830789284587013, 18.655862013111477, 0.0 ], [ 79.831648625621412, 18.667885928644722, 0.0 ], [ 79.830502771929446, 18.673064011338354, 0.0 ], [ 79.832423025012019, 18.675644981488041, 0.0 ], [ 79.830553113658993, 18.680495491593575, 0.0 ], [ 79.821861944471294, 18.688089217483039, 0.0 ], [ 79.821635543192414, 18.691842485373865, 0.0 ], [ 79.814451500517151, 18.695248488532325, 0.0 ], [ 79.812462998703097, 18.698585030982859, 0.0 ], [ 79.811227706769046, 18.703383044554297, 0.0 ], [ 79.807167704048155, 18.704915895459738, 0.0 ], [ 79.808042249172672, 18.708667252579023, 0.0 ], [ 79.814083331217077, 18.717712284087415, 0.0 ], [ 79.822028179619522, 18.722087736316329, 0.0 ], [ 79.824366964123186, 18.724412490440375, 0.0 ], [ 79.825828162576443, 18.735127609940331, 0.0 ], [ 79.824204484389469, 18.739423953184406, 0.0 ], [ 79.821688021299153, 18.741598250420811, 0.0 ], [ 79.820346904964723, 18.744087594306503, 0.0 ], [ 79.819419321776039, 18.749021989608845, 0.0 ], [ 79.817847186678435, 18.750565797758419, 0.0 ], [ 79.819203014013411, 18.757381605425596, 0.0 ], [ 79.822510024553324, 18.762193470175781, 0.0 ], [ 79.829506221279843, 18.769708803713375, 0.0 ], [ 79.843017636224488, 18.780184409325425, 0.0 ], [ 79.845926615046281, 18.785193274434622, 0.0 ], [ 79.848434204959915, 18.793949882835939, 0.0 ], [ 79.848543527790369, 18.796723434145388, 0.0 ], [ 79.847557424009395, 18.799462072001667, 0.0 ], [ 79.836558949634536, 18.810900674226794, 0.0 ], [ 79.831361388364641, 18.817695679187608, 0.0 ], [ 79.827340904082135, 18.824155490646199, 0.0 ], [ 79.826228397778081, 18.82765234911265, 0.0 ], [ 79.827226075084596, 18.854664266831552, 0.0 ], [ 79.829314687344507, 18.859765358445639, 0.0 ], [ 79.832694938597015, 18.864518212278092, 0.0 ], [ 79.838228108274606, 18.869598216431722, 0.0 ], [ 79.841747440509423, 18.87122136624733, 0.0 ], [ 79.843645562097137, 18.871073688797544, 0.0 ], [ 79.850175970822832, 18.868889461778917, 0.0 ], [ 79.854724003443152, 18.865028155413924, 0.0 ], [ 79.860137500179249, 18.856173981040637, 0.0 ], [ 79.864747318696615, 18.840533481455772, 0.0 ], [ 79.867584813925916, 18.835822043880306, 0.0 ], [ 79.870996072759837, 18.832634426522095, 0.0 ], [ 79.879192723812466, 18.828001648823658, 0.0 ], [ 79.887590041091642, 18.825826217623856, 0.0 ], [ 79.891308026465907, 18.825972231139222, 0.0 ], [ 79.903595983093908, 18.829430688293954, 0.0 ], [ 79.907510931635159, 18.828804342004293, 0.0 ], [ 79.91396138003303, 18.825901537173117, 0.0 ], [ 79.914030570063389, 18.82380669569682, 0.0 ], [ 79.922185426470691, 18.808842673448503, 0.0 ], [ 79.92899509647971, 18.802632413077639, 0.0 ], [ 79.949487292075432, 18.789149433454657, 0.0 ], [ 79.959151441663053, 18.77730393700601, 0.0 ], [ 79.962757980919918, 18.774580368046518, 0.0 ], [ 79.971532467741895, 18.771991469769958, 0.0 ], [ 79.984649157541654, 18.771540056650757, 0.0 ], [ 79.993050840645168, 18.769934044052256, 0.0 ], [ 79.995827139052651, 18.770821413422183, 0.0 ], [ 79.998094686676097, 18.775921701162364, 0.0 ], [ 79.999582435510732, 18.775060148302607, 0.0 ], [ 80.000993024494079, 18.776066223746856, 0.0 ], [ 80.018544284196452, 18.770382977034803, 0.0 ], [ 80.019532651454938, 18.765750629798589, 0.0 ], [ 80.023231906024876, 18.761702411120506, 0.0 ], [ 80.02308170408449, 18.757198467831849, 0.0 ], [ 80.024983977013335, 18.754939569638235, 0.0 ], [ 80.026792208471051, 18.754256920613891, 0.0 ], [ 80.034552830015969, 18.754987611004978, 0.0 ], [ 80.038683059924608, 18.752972812097397, 0.0 ], [ 80.041414024937637, 18.742991080077584, 0.0 ], [ 80.044247495199343, 18.737784181281402, 0.0 ], [ 80.048217785122944, 18.732940987053365, 0.0 ], [ 80.049479359152812, 18.728674800739281, 0.0 ], [ 80.052796951902707, 18.725058817533753, 0.0 ], [ 80.056939876831365, 18.723319225466984, 0.0 ], [ 80.064620584025988, 18.723262632399532, 0.0 ], [ 80.069256009453753, 18.719572315880576, 0.0 ], [ 80.072599667345116, 18.712522842067752, 0.0 ], [ 80.074585640826996, 18.710516560608632, 0.0 ], [ 80.077118077817303, 18.710142087665357, 0.0 ], [ 80.082073549162033, 18.707247139854832, 0.0 ], [ 80.086139543520915, 18.707991315773988, 0.0 ], [ 80.088506636144544, 18.707277625205258, 0.0 ], [ 80.099042993032697, 18.69448168705075, 0.0 ], [ 80.104154332989737, 18.6915683445715, 0.0 ], [ 80.111194978739263, 18.683766018169202, 0.0 ], [ 80.114688119867537, 18.681527108530773, 0.0 ], [ 80.118121870112645, 18.680516792659351, 0.0 ], [ 80.123231226833767, 18.680756194286882, 0.0 ], [ 80.125129786054316, 18.681906971072582, 0.0 ], [ 80.128555799341655, 18.687433262231334, 0.0 ], [ 80.140016791721109, 18.693000170581151, 0.0 ], [ 80.148463907414225, 18.693086395967786, 0.0 ], [ 80.152919605314622, 18.695871913773733, 0.0 ], [ 80.155358139165941, 18.700122168415533, 0.0 ], [ 80.156745694915557, 18.700951058182198, 0.0 ], [ 80.160752676287004, 18.700234645600407, 0.0 ], [ 80.165117503038701, 18.700923649671754, 0.0 ], [ 80.16862284566885, 18.699709369304887, 0.0 ], [ 80.169525247456775, 18.69867171541965, 0.0 ], [ 80.174160028559413, 18.688180290232292, 0.0 ], [ 80.177741355488493, 18.683817306975854, 0.0 ], [ 80.190469159505099, 18.680461511993357, 0.0 ], [ 80.196569018528706, 18.680795451828722, 0.0 ], [ 80.199371374869173, 18.68320719176274, 0.0 ], [ 80.199402270229939, 18.690891460886643, 0.0 ], [ 80.210962307409076, 18.704707934637245, 0.0 ], [ 80.219334349575405, 18.707917360942364, 0.0 ], [ 80.222072030267597, 18.706335376729019, 0.0 ], [ 80.226278006069975, 18.70559532071902, 0.0 ], [ 80.229141195642455, 18.702260628560115, 0.0 ], [ 80.230398094809004, 18.701805961258831, 0.0 ], [ 80.234620783666855, 18.702633335030512, 0.0 ], [ 80.238641424733544, 18.705732726562044, 0.0 ], [ 80.252232498506103, 18.706806675528867, 0.0 ], [ 80.260685801660159, 18.714832357030719, 0.0 ], [ 80.265012101449159, 18.717504802252659, 0.0 ], [ 80.266139184793502, 18.720551930269803, 0.0 ], [ 80.272417959001061, 18.723505227837407, 0.0 ], [ 80.276221554735358, 18.721171874482518, 0.0 ], [ 80.279948102455052, 18.720740113617858, 0.0 ], [ 80.283605053094774, 18.717512154230985, 0.0 ], [ 80.286485856902146, 18.711433352856982, 0.0 ], [ 80.300716227540505, 18.692141880018763, 0.0 ], [ 80.306427577363465, 18.681374999060473, 0.0 ], [ 80.307781108288424, 18.674486734843242, 0.0 ], [ 80.314237333483732, 18.658506836433361, 0.0 ], [ 80.314039780774877, 18.654382597685505, 0.0 ], [ 80.318673868753351, 18.642146723662648, 0.0 ], [ 80.323124910721887, 18.637563024636908, 0.0 ], [ 80.325759649723778, 18.636967406101125, 0.0 ], [ 80.327489700333203, 18.635377779298036, 0.0 ], [ 80.331017011562423, 18.628209788660381, 0.0 ], [ 80.331079534462376, 18.624496638020748, 0.0 ], [ 80.33420461261079, 18.613384810579149, 0.0 ], [ 80.344640533460932, 18.597217299805692, 0.0 ], [ 80.304328140951114, 18.587980002906185, 0.0 ], [ 80.269272896098826, 18.588985415463732, 0.0 ], [ 80.241033266612874, 18.564355684618715, 0.0 ], [ 80.229508796889405, 18.553263540835122, 0.0 ], [ 80.224399991488553, 18.427294648325518, 0.0 ], [ 80.22312384303649, 18.419214091753432, 0.0 ], [ 80.217522594043515, 18.406021991910098, 0.0 ], [ 80.216714913390234, 18.389487683240105, 0.0 ], [ 80.1724152026421, 18.349380786323202, 0.0 ], [ 80.15812970441894, 18.361831242349112, 0.0 ], [ 80.156661954481621, 18.360386255605146, 0.0 ], [ 80.15510503899857, 18.360388182836232, 0.0 ], [ 80.150639221330721, 18.364899602925966, 0.0 ], [ 80.146823547873254, 18.363027168190875, 0.0 ], [ 80.146263051355177, 18.364178449854101, 0.0 ], [ 80.14754539652327, 18.366855620090519, 0.0 ], [ 80.147490119353549, 18.368640370130944, 0.0 ], [ 80.141001620573377, 18.373961604139065, 0.0 ], [ 80.139093549585937, 18.374396739598932, 0.0 ], [ 80.135851265244483, 18.372131860829608, 0.0 ], [ 80.134402785218512, 18.372264976856687, 0.0 ], [ 80.134978303338457, 18.378352527589993, 0.0 ], [ 80.131845341423954, 18.38334465907381, 0.0 ], [ 80.128480375470019, 18.385760862335136, 0.0 ], [ 80.127202686930545, 18.388176029781203, 0.0 ], [ 80.122009066275012, 18.389011873127473, 0.0 ], [ 80.118754193493274, 18.390709607240325, 0.0 ], [ 80.115753200138087, 18.390817286708142, 0.0 ], [ 80.11269234977766, 18.392515197141286, 0.0 ], [ 80.109933449821241, 18.389889537067546, 0.0 ], [ 80.106033325952097, 18.389995305946528, 0.0 ], [ 80.097964305087572, 18.385000944989578, 0.0 ], [ 80.090940876227762, 18.387219780203363, 0.0 ], [ 80.089558392002246, 18.391961636300927, 0.0 ], [ 80.084918843940841, 18.394713493004328, 0.0 ], [ 80.082338241138331, 18.393000541910112, 0.0 ], [ 80.079152798828645, 18.393016881095832, 0.0 ], [ 80.078764358584564, 18.391028000914474, 0.0 ], [ 80.076787603489777, 18.390233380402343, 0.0 ], [ 80.075683449799996, 18.388681317256896, 0.0 ], [ 80.073601865332421, 18.388261434861082, 0.0 ], [ 80.057280945819613, 18.401598709666025, 0.0 ], [ 80.042317434956189, 18.404296465881593, 0.0 ], [ 80.002226355303279, 18.391189478724186, 0.0 ], [ 79.990169360135724, 18.386475279386296, 0.0 ], [ 79.96875549621808, 18.390774745929271, 0.0 ], [ 79.968839802988271, 18.384155301528921, 0.0 ], [ 79.967390794530573, 18.379208349843967, 0.0 ], [ 79.958049113696461, 18.372095324782975, 0.0 ], [ 79.956122656451313, 18.368805351747934, 0.0 ], [ 79.950168047361828, 18.345672737129046, 0.0 ], [ 79.949219855356915, 18.344612974480491, 0.0 ], [ 79.953904556623698, 18.339500705119946, 0.0 ], [ 79.944553033201132, 18.318387697679629, 0.0 ], [ 79.931606200847682, 18.315845840121408, 0.0 ], [ 79.919937330892608, 18.318019793595727, 0.0 ], [ 79.904660754261187, 18.317819771506155, 0.0 ], [ 79.897722371146571, 18.318582125538512, 0.0 ], [ 79.894170885132297, 18.31802073060199, 0.0 ], [ 79.89293907314466, 18.317045821957752, 0.0 ], [ 79.893484780725245, 18.314986661969296, 0.0 ], [ 79.89557457429413, 18.312398860660064, 0.0 ], [ 79.892847524840874, 18.306918892708076, 0.0 ], [ 79.891805824761207, 18.305686826177617, 0.0 ], [ 79.888015182469587, 18.304541834812522, 0.0 ], [ 79.882629735464164, 18.300540704038465, 0.0 ], [ 79.882033084036479, 18.299246670426406, 0.0 ], [ 79.882610292414526, 18.294733946262379, 0.0 ], [ 79.888175232463013, 18.288134272187488, 0.0 ], [ 79.889205988260329, 18.285290317517198, 0.0 ], [ 79.887684080387785, 18.28336093893677, 0.0 ], [ 79.881478525795231, 18.283112663483525, 0.0 ], [ 79.872291588771375, 18.277374009803644, 0.0 ], [ 79.868679116808295, 18.271059468731341, 0.0 ], [ 79.866755576965488, 18.266155266924638, 0.0 ], [ 79.866567656386493, 18.262851281825643, 0.0 ], [ 79.864831366847127, 18.260044430133632, 0.0 ], [ 79.860568947736198, 18.258874911564899, 0.0 ], [ 79.856991466240842, 18.259392945829511, 0.0 ], [ 79.856706111340529, 18.258434047251644, 0.0 ], [ 79.853419731451524, 18.259630784110236, 0.0 ], [ 79.857416624292213, 18.250912047215653, 0.0 ], [ 79.854141166407942, 18.240210164804513, 0.0 ], [ 79.843225237411545, 18.222064597114553, 0.0 ], [ 79.844163697756088, 18.214362357508747, 0.0 ], [ 79.844462120895429, 18.212808724542572, 0.0 ], [ 79.863078314508158, 18.202859440420372, 0.0 ], [ 79.838727107295128, 18.188749043772489, 0.0 ], [ 79.836347346067072, 18.186391727268564, 0.0 ], [ 79.844299820891976, 18.158216057062283, 0.0 ], [ 79.858692561737072, 18.150233330281964, 0.0 ], [ 79.841996942473401, 18.132452622076745, 0.0 ], [ 79.840946940479355, 18.134687096409198, 0.0 ], [ 79.835217310059946, 18.13629187095739, 0.0 ], [ 79.83418257040951, 18.137535991576041, 0.0 ], [ 79.827809373465129, 18.136571560733532, 0.0 ], [ 79.818270637367803, 18.14062692581097, 0.0 ], [ 79.817462258326302, 18.144660099430531, 0.0 ], [ 79.809223219206444, 18.156713862103672, 0.0 ], [ 79.809081734121079, 18.161969353777696, 0.0 ], [ 79.807954969258233, 18.162404089549025, 0.0 ], [ 79.806284887865104, 18.170759437789972, 0.0 ], [ 79.803041976962177, 18.177310854070353, 0.0 ], [ 79.80370101412835, 18.179464066486879, 0.0 ], [ 79.803457587767923, 18.183092303406749, 0.0 ], [ 79.788627401535749, 18.189992404979691, 0.0 ], [ 79.779757504472229, 18.190052322851471, 0.0 ], [ 79.763352295601294, 18.182167184398125, 0.0 ], [ 79.753724573184201, 18.17427269521103, 0.0 ], [ 79.750707253389663, 18.175389592211896, 0.0 ], [ 79.74733175811545, 18.178658060737263, 0.0 ], [ 79.743798714593609, 18.177473266779653, 0.0 ], [ 79.742542619139556, 18.180518482334218, 0.0 ], [ 79.740049659368751, 18.18111534884542, 0.0 ], [ 79.734753236451326, 18.186634937246037, 0.0 ], [ 79.733841958407353, 18.190025552489441, 0.0 ], [ 79.724000237444869, 18.194436681100196, 0.0 ], [ 79.722216635222892, 18.197707733693569, 0.0 ], [ 79.722798710742012, 18.200555817972344, 0.0 ], [ 79.726933965081415, 18.198499577678898, 0.0 ], [ 79.728212529419537, 18.198607735390983, 0.0 ], [ 79.729666203486929, 18.199700680545021, 0.0 ], [ 79.733147552865589, 18.200384261101473, 0.0 ], [ 79.73471744361305, 18.202800708167782, 0.0 ], [ 79.736135472270888, 18.202843312316027, 0.0 ], [ 79.735819395152475, 18.204995908313133, 0.0 ], [ 79.728885614636496, 18.206691582057871, 0.0 ], [ 79.722483711250987, 18.209455309498548, 0.0 ], [ 79.722027849327077, 18.210706754234238, 0.0 ], [ 79.722890011634007, 18.219770884097244, 0.0 ], [ 79.716704724616918, 18.220910351527426, 0.0 ], [ 79.716364775580971, 18.223754138288758, 0.0 ], [ 79.714060923010038, 18.227720786280273, 0.0 ], [ 79.714858401593915, 18.233500766887939, 0.0 ], [ 79.710798460793981, 18.240927985216146, 0.0 ], [ 79.705520517324203, 18.246552816199952, 0.0 ], [ 79.695322327209709, 18.250916070906325, 0.0 ], [ 79.695969433648685, 18.254565366993766, 0.0 ], [ 79.700198268221328, 18.257925280178586, 0.0 ], [ 79.70166521824261, 18.2670454564539, 0.0 ], [ 79.704394872626409, 18.271579152263428, 0.0 ], [ 79.697071023600429, 18.277729199513299, 0.0 ], [ 79.691129757218647, 18.273151785911754, 0.0 ], [ 79.68544776884346, 18.266586838704033, 0.0 ], [ 79.682710152873355, 18.266363952243921, 0.0 ], [ 79.679424890534222, 18.262437973503378, 0.0 ], [ 79.67069526099165, 18.25532311974154, 0.0 ], [ 79.660539878872044, 18.253250043387986, 0.0 ], [ 79.652507544067234, 18.252468236740405, 0.0 ], [ 79.635052735573296, 18.276511838948625, 0.0 ], [ 79.637217233147666, 18.281247365139858, 0.0 ], [ 79.636396600550782, 18.281768277901122, 0.0 ], [ 79.636447416843993, 18.283106035901369, 0.0 ], [ 79.632942095079343, 18.285260988563884, 0.0 ], [ 79.631169734782929, 18.284892364839962, 0.0 ], [ 79.628322274125779, 18.281654200605534, 0.0 ], [ 79.627400626686622, 18.27300574809863, 0.0 ], [ 79.623331284788534, 18.268036340744636, 0.0 ], [ 79.621547442430895, 18.26815556598519, 0.0 ], [ 79.620419240025456, 18.262398290484153, 0.0 ], [ 79.609990579291974, 18.262215158872689, 0.0 ], [ 79.606684117144553, 18.259178207666466, 0.0 ], [ 79.597392106510142, 18.262781569287121, 0.0 ], [ 79.59501551951422, 18.261198901077638, 0.0 ] ] ] } },
{ "type": "Feature", "properties": { "DISTRICT": "JOGULAMBA GADWAL", "Dist_LGD": "695" }, "geometry": { "type": "Polygon", "coordinates": [ [ [ 77.53989130007659, 15.920972176835926, 0.0 ], [ 77.532458655870556, 15.924088647413136, 0.0 ], [ 77.519298848170706, 15.925364640978398, 0.0 ], [ 77.513438158860041, 15.926792457029965, 0.0 ], [ 77.517360934847915, 15.945165638495148, 0.0 ], [ 77.519807841689712, 15.966913455024812, 0.0 ], [ 77.516397068698652, 15.967359779198629, 0.0 ], [ 77.515092181265942, 15.970494813911634, 0.0 ], [ 77.510662420263813, 15.975159005658456, 0.0 ], [ 77.511092577313846, 15.979371306506112, 0.0 ], [ 77.509554644449622, 15.980395245726868, 0.0 ], [ 77.511310206737548, 15.996476181899688, 0.0 ], [ 77.514052065429937, 16.008076306735276, 0.0 ], [ 77.504412436741006, 16.011328803597777, 0.0 ], [ 77.504338173644186, 16.018205867555217, 0.0 ], [ 77.50266995262534, 16.018710958911434, 0.0 ], [ 77.502251778317969, 16.022470105047947, 0.0 ], [ 77.50008161556697, 16.026178392087882, 0.0 ], [ 77.497453910671098, 16.028667480472524, 0.0 ], [ 77.498034013907471, 16.029977537262873, 0.0 ], [ 77.495577116841176, 16.030981998292702, 0.0 ], [ 77.495895893798931, 16.032798186246342, 0.0 ], [ 77.494001405774881, 16.036987862104116, 0.0 ], [ 77.495349764244366, 16.041699816723778, 0.0 ], [ 77.497869608148406, 16.044088718744089, 0.0 ], [ 77.497903486755945, 16.04602708367808, 0.0 ], [ 77.496917660038619, 16.046109031090737, 0.0 ], [ 77.496810761436592, 16.04712115071554, 0.0 ], [ 77.497794484172005, 16.051182681113414, 0.0 ], [ 77.498780308254936, 16.051010417360523, 0.0 ], [ 77.499456683495254, 16.053722511816225, 0.0 ], [ 77.496507138312765, 16.05504220898775, 0.0 ], [ 77.497653655485109, 16.057915287999645, 0.0 ], [ 77.498839749779947, 16.05838987894267, 0.0 ], [ 77.499435536028798, 16.061021954589972, 0.0 ], [ 77.502611442671366, 16.058811858823145, 0.0 ], [ 77.506917830536011, 16.078971365529789, 0.0 ], [ 77.506005474870733, 16.08070135149255, 0.0 ], [ 77.494283847810834, 16.085651892191475, 0.0 ], [ 77.493784639624238, 16.087165835270504, 0.0 ], [ 77.500931852908323, 16.106188417354712, 0.0 ], [ 77.508749937113578, 16.109193242648129, 0.0 ], [ 77.512064780661078, 16.107758197799136, 0.0 ], [ 77.513275582019688, 16.108023768205886, 0.0 ], [ 77.510534810940072, 16.111126465191759, 0.0 ], [ 77.510814607364537, 16.11226974140207, 0.0 ], [ 77.50702769825655, 16.113745220080521, 0.0 ], [ 77.505385934908176, 16.11561482051647, 0.0 ], [ 77.502309349022539, 16.117171952668262, 0.0 ], [ 77.501686232397645, 16.119521123112385, 0.0 ], [ 77.500222461518362, 16.120591141830882, 0.0 ], [ 77.494504468182527, 16.119187523739008, 0.0 ], [ 77.491705014856464, 16.120024967261713, 0.0 ], [ 77.489793042194833, 16.11961931410077, 0.0 ], [ 77.491596702070126, 16.135017046263926, 0.0 ], [ 77.490650274185072, 16.139445566110254, 0.0 ], [ 77.490675741624941, 16.159584075088489, 0.0 ], [ 77.490017230072823, 16.160817943249967, 0.0 ], [ 77.486151991172036, 16.162984244960239, 0.0 ], [ 77.491323955196776, 16.18453032030855, 0.0 ], [ 77.499485146756825, 16.198560133808456, 0.0 ], [ 77.499545689347826, 16.20626852138512, 0.0 ], [ 77.49818410391228, 16.209560151583915, 0.0 ], [ 77.499438979485575, 16.212151404512653, 0.0 ], [ 77.499804801605663, 16.217808616862634, 0.0 ], [ 77.501149129413619, 16.221717789344947, 0.0 ], [ 77.50278944709251, 16.223661611588884, 0.0 ], [ 77.512153781617855, 16.220919760923117, 0.0 ], [ 77.513130685715566, 16.221823988543203, 0.0 ], [ 77.514991952633821, 16.221956038732717, 0.0 ], [ 77.515771773248602, 16.223899294097453, 0.0 ], [ 77.515549466862822, 16.228367865301717, 0.0 ], [ 77.513616568461984, 16.230748050254409, 0.0 ], [ 77.503556544178949, 16.230936642494974, 0.0 ], [ 77.495063707655405, 16.227117936166014, 0.0 ], [ 77.492343016597943, 16.229297296078219, 0.0 ], [ 77.492978372678309, 16.244076499665525, 0.0 ], [ 77.491612492908857, 16.251930962136782, 0.0 ], [ 77.490066049815695, 16.255180484852076, 0.0 ], [ 77.497224647671132, 16.258596919780711, 0.0 ], [ 77.502404371888062, 16.263057801427049, 0.0 ], [ 77.505142624369114, 16.267600283077339, 0.0 ], [ 77.504241015793241, 16.273179917457504, 0.0 ], [ 77.504814831834906, 16.275800925816505, 0.0 ], [ 77.510429057586137, 16.274588624516699, 0.0 ], [ 77.512748662063174, 16.275760186323716, 0.0 ], [ 77.513856125860514, 16.27784374573471, 0.0 ], [ 77.521869378352946, 16.278028611808285, 0.0 ], [ 77.527503090591594, 16.275293270283886, 0.0 ], [ 77.529603343458348, 16.275484008969965, 0.0 ], [ 77.529333425048236, 16.272795442257856, 0.0 ], [ 77.530549694996679, 16.27276443867612, 0.0 ], [ 77.530756006113066, 16.271648496779612, 0.0 ], [ 77.532823607700749, 16.271681040256084, 0.0 ], [ 77.535117474941188, 16.268085471331958, 0.0 ], [ 77.536897925683519, 16.266804019110161, 0.0 ], [ 77.538946163292209, 16.273432302764551, 0.0 ], [ 77.54082135690517, 16.285456414844706, 0.0 ], [ 77.545075854131071, 16.29171148769689, 0.0 ], [ 77.551039581565988, 16.294781671023202, 0.0 ], [ 77.553129939405792, 16.297091288388096, 0.0 ], [ 77.556212745978357, 16.297770126893813, 0.0 ], [ 77.563205845557022, 16.301635528466026, 0.0 ], [ 77.566410551913847, 16.301970826618732, 0.0 ], [ 77.56888028249972, 16.303602618343874, 0.0 ], [ 77.578040823419997, 16.294161465845612, 0.0 ], [ 77.581999569308252, 16.291338421953466, 0.0 ], [ 77.597719039330755, 16.292805165377938, 0.0 ], [ 77.593369231770552, 16.297444976906576, 0.0 ], [ 77.592016249563756, 16.30216648427961, 0.0 ], [ 77.592196325254804, 16.304387580150266, 0.0 ], [ 77.594115881704425, 16.308542218493582, 0.0 ], [ 77.595616391744372, 16.316824577895638, 0.0 ], [ 77.594413228132368, 16.320773324082211, 0.0 ], [ 77.591993568682099, 16.324143656649625, 0.0 ], [ 77.590000021580138, 16.325498807164603, 0.0 ], [ 77.590832180035108, 16.329276291506371, 0.0 ], [ 77.588206477968768, 16.332795625940395, 0.0 ], [ 77.588433365350241, 16.334152599414615, 0.0 ], [ 77.591984440141786, 16.337740946637183, 0.0 ], [ 77.595236436602633, 16.339634747522854, 0.0 ], [ 77.595192983049103, 16.342540936578217, 0.0 ], [ 77.596208424615838, 16.343214789746124, 0.0 ], [ 77.601959427599851, 16.343689875058182, 0.0 ], [ 77.611556746862533, 16.350553982130606, 0.0 ], [ 77.621037684083404, 16.355095264371275, 0.0 ], [ 77.623007918240305, 16.355366402280421, 0.0 ], [ 77.627828187820953, 16.359139131316685, 0.0 ], [ 77.634473708868768, 16.360760992000866, 0.0 ], [ 77.638961950026683, 16.363390369819673, 0.0 ], [ 77.642602908059857, 16.363909756437366, 0.0 ], [ 77.656106281275115, 16.360647070830797, 0.0 ], [ 77.659817433409671, 16.360831803676145, 0.0 ], [ 77.663398125621512, 16.363361345756825, 0.0 ], [ 77.666471158220247, 16.364263322683328, 0.0 ], [ 77.675470302126712, 16.362024741052004, 0.0 ], [ 77.677594601834741, 16.360772626133468, 0.0 ], [ 77.679877378748358, 16.356868285332308, 0.0 ], [ 77.684930084379801, 16.351941938795129, 0.0 ], [ 77.68572902583665, 16.347974661564642, 0.0 ], [ 77.692489426976266, 16.343386529470603, 0.0 ], [ 77.700331394288369, 16.340817398729264, 0.0 ], [ 77.703250100956694, 16.337581312988405, 0.0 ], [ 77.705004574361709, 16.336713207169279, 0.0 ], [ 77.720225346395964, 16.334253329196571, 0.0 ], [ 77.728819958456498, 16.331976547769809, 0.0 ], [ 77.73857206555077, 16.324746691941339, 0.0 ], [ 77.762342508843517, 16.313850632488947, 0.0 ], [ 77.775006417861832, 16.307111710063285, 0.0 ], [ 77.792162413699842, 16.295119477096009, 0.0 ], [ 77.803766103477273, 16.289030177404296, 0.0 ], [ 77.812414611301492, 16.283260111266365, 0.0 ], [ 77.823738865268524, 16.273850875994864, 0.0 ], [ 77.828814913968898, 16.270726196640439, 0.0 ], [ 77.832587398622721, 16.266689464997732, 0.0 ], [ 77.840677236690183, 16.261933459042417, 0.0 ], [ 77.843249993552789, 16.258288495295307, 0.0 ], [ 77.856897540063997, 16.251041363717423, 0.0 ], [ 77.861504003390024, 16.247589008267617, 0.0 ], [ 77.866213440986641, 16.242360185110126, 0.0 ], [ 77.87599941935008, 16.237375188891981, 0.0 ], [ 77.88605535289534, 16.230339563360808, 0.0 ], [ 77.893786834599766, 16.223433150880624, 0.0 ], [ 77.901627353979961, 16.220657348025966, 0.0 ], [ 77.912414417751265, 16.213055070709022, 0.0 ], [ 77.923949481895662, 16.202598310849325, 0.0 ], [ 77.926476200673093, 16.199073871734761, 0.0 ], [ 77.93000758703289, 16.196403004125656, 0.0 ], [ 77.931791613458145, 16.193471095902101, 0.0 ], [ 77.932265888516028, 16.186502367780815, 0.0 ], [ 77.931511778951489, 16.182938178474295, 0.0 ], [ 77.932371849926568, 16.177973246159358, 0.0 ], [ 77.931178294586175, 16.175100238921925, 0.0 ], [ 77.935676024765741, 16.163910545429506, 0.0 ], [ 77.939616274738086, 16.160683576296528, 0.0 ], [ 77.942464805805059, 16.1535626343844, 0.0 ], [ 77.942049892828777, 16.150183469643778, 0.0 ], [ 77.94268006892159, 16.147775760265375, 0.0 ], [ 77.941120915607428, 16.142406221114474, 0.0 ], [ 77.941037293930492, 16.13801788651514, 0.0 ], [ 77.942990374226483, 16.131727325901416, 0.0 ], [ 77.943650791841179, 16.125882536784111, 0.0 ], [ 77.94716556875521, 16.11893685245186, 0.0 ], [ 77.961541725391555, 16.108543912315199, 0.0 ], [ 77.96733743892527, 16.101331289608353, 0.0 ], [ 77.973892070533097, 16.0954708619429, 0.0 ], [ 77.981842806472358, 16.091268719882247, 0.0 ], [ 77.993930726517291, 16.087639951413443, 0.0 ], [ 78.012613233255777, 16.071450752085486, 0.0 ], [ 78.014377367472918, 16.067685742290255, 0.0 ], [ 78.016153411831127, 16.066313478367242, 0.0 ], [ 78.026477358668174, 16.062553682421658, 0.0 ], [ 78.029356460903784, 16.060117727543414, 0.0 ], [ 78.036422494960433, 16.051240018477454, 0.0 ], [ 78.039274441281691, 16.045700809349164, 0.0 ], [ 78.043648980991605, 16.041065827781757, 0.0 ], [ 78.045846563729683, 16.037346248081622, 0.0 ], [ 78.046593932828088, 16.032895234226707, 0.0 ], [ 78.069510616554936, 16.014637869453232, 0.0 ], [ 78.088303305119979, 16.008285489317299, 0.0 ], [ 78.105335730813721, 16.005095718123851, 0.0 ], [ 78.113599612624341, 16.0023033738123, 0.0 ], [ 78.125070722574563, 16.002274038791217, 0.0 ], [ 78.136141938918698, 15.996558859768369, 0.0 ], [ 78.139600577788158, 15.993169017723384, 0.0 ], [ 78.142222379483755, 15.987788798408387, 0.0 ], [ 78.143441462656241, 15.981221437108074, 0.0 ], [ 78.143882647031788, 15.972433700656151, 0.0 ], [ 78.146659367761288, 15.962640639354431, 0.0 ], [ 78.15037048978337, 15.956032984570669, 0.0 ], [ 78.154131625405597, 15.951886539891134, 0.0 ], [ 78.161663283777784, 15.947899226391193, 0.0 ], [ 78.169899888017781, 15.947551341467591, 0.0 ], [ 78.183665467000992, 15.944925427272137, 0.0 ], [ 78.205780345930549, 15.943456668279406, 0.0 ], [ 78.220784400059941, 15.944034963980073, 0.0 ], [ 78.229842550844296, 15.94726300864008, 0.0 ], [ 78.236082483669449, 15.951205238131475, 0.0 ], [ 78.240444399009618, 15.955286413782453, 0.0 ], [ 78.247853166127186, 15.970200649381392, 0.0 ], [ 78.251239927289731, 15.97534420191282, 0.0 ], [ 78.251335831910964, 15.971533447158695, 0.0 ], [ 78.253330671748074, 15.966325849488255, 0.0 ], [ 78.252079218305454, 15.953828700093407, 0.0 ], [ 78.253590368490535, 15.941365496729633, 0.0 ], [ 78.252185550145654, 15.9362212748237, 0.0 ], [ 78.250943361711606, 15.93445766000403, 0.0 ], [ 78.243469942688037, 15.929402657784724, 0.0 ], [ 78.232135156049011, 15.92399387613699, 0.0 ], [ 78.221932181187128, 15.921021126655848, 0.0 ], [ 78.204513052988119, 15.917983225251298, 0.0 ], [ 78.200880960109799, 15.915573677218912, 0.0 ], [ 78.191358099757409, 15.913280744074905, 0.0 ], [ 78.184429254932027, 15.909817215320601, 0.0 ], [ 78.181387595336005, 15.906518152557844, 0.0 ], [ 78.179436125991174, 15.901932894040957, 0.0 ], [ 78.18993439704434, 15.892268778462375, 0.0 ], [ 78.18660504589792, 15.884805374995928, 0.0 ], [ 78.176674528679328, 15.876762960725143, 0.0 ], [ 78.176426039843236, 15.869256329640701, 0.0 ], [ 78.175171942688053, 15.86581393151161, 0.0 ], [ 78.175343823560098, 15.858075265836256, 0.0 ], [ 78.166793900962404, 15.854626380428805, 0.0 ], [ 78.158766788799142, 15.853759736151478, 0.0 ], [ 78.156751015312395, 15.854700816107384, 0.0 ], [ 78.140628587991003, 15.853992362143993, 0.0 ], [ 78.138391700423824, 15.85505297942861, 0.0 ], [ 78.135536113237151, 15.854704418738299, 0.0 ], [ 78.131213487975003, 15.852371865556812, 0.0 ], [ 78.130069950791182, 15.850699061604415, 0.0 ], [ 78.133258066091898, 15.846682016835539, 0.0 ], [ 78.134275807065507, 15.844015682166759, 0.0 ], [ 78.134712170670653, 15.838778246331033, 0.0 ], [ 78.133999282778547, 15.836259907555018, 0.0 ], [ 78.130113265277515, 15.838093526449999, 0.0 ], [ 78.123317422377824, 15.836705519080851, 0.0 ], [ 78.111228405470897, 15.838360485998754, 0.0 ], [ 78.111050706037034, 15.837603120354931, 0.0 ], [ 78.10917096218914, 15.837328553282029, 0.0 ], [ 78.101577398549892, 15.837391825079139, 0.0 ], [ 78.098789322465024, 15.836014810170951, 0.0 ], [ 78.083554560962511, 15.84092279951634, 0.0 ], [ 78.084877949993398, 15.845058510173125, 0.0 ], [ 78.075114137856772, 15.847181242455893, 0.0 ], [ 78.071355555246484, 15.850367591806357, 0.0 ], [ 78.072405279895079, 15.856988006777703, 0.0 ], [ 78.071492206608625, 15.857135917088506, 0.0 ], [ 78.071519831458275, 15.861745287708244, 0.0 ], [ 78.065233082201715, 15.863007302207782, 0.0 ], [ 78.055831853510739, 15.866327445132926, 0.0 ], [ 78.056205955822762, 15.87464542989877, 0.0 ], [ 78.046818629640001, 15.874901344305796, 0.0 ], [ 78.044942104121674, 15.904141809980551, 0.0 ], [ 78.031889569124473, 15.907346116123215, 0.0 ], [ 78.031000040451417, 15.90296182672723, 0.0 ], [ 78.025510749784942, 15.902363864442743, 0.0 ], [ 78.015025872992297, 15.875992912974741, 0.0 ], [ 78.01223399497232, 15.872043084290194, 0.0 ], [ 78.008796899449052, 15.864783592583738, 0.0 ], [ 78.008863097575556, 15.86175378302744, 0.0 ], [ 77.996963751689805, 15.866317491991756, 0.0 ], [ 77.975334230536944, 15.883338953011586, 0.0 ], [ 77.949050303483631, 15.884755994122463, 0.0 ], [ 77.945673148494535, 15.884615741059406, 0.0 ], [ 77.941208992502524, 15.883227409956016, 0.0 ], [ 77.93695713849273, 15.883497114128861, 0.0 ], [ 77.913389481326661, 15.893410082033988, 0.0 ], [ 77.899503258524533, 15.90161682568252, 0.0 ], [ 77.890329515884247, 15.905764696589406, 0.0 ], [ 77.887978811842217, 15.906083986311124, 0.0 ], [ 77.878216583238213, 15.905216825217337, 0.0 ], [ 77.870049187568881, 15.897245024912783, 0.0 ], [ 77.862323115039871, 15.886360949596421, 0.0 ], [ 77.85851209945632, 15.883708030031398, 0.0 ], [ 77.851263314740706, 15.881952820439214, 0.0 ], [ 77.845965844861695, 15.882121553965883, 0.0 ], [ 77.838728601673537, 15.885092916402906, 0.0 ], [ 77.827307249568562, 15.88015420368537, 0.0 ], [ 77.819832989555536, 15.877825127486254, 0.0 ], [ 77.803516584776474, 15.874134859898888, 0.0 ], [ 77.792917897190137, 15.87647818331549, 0.0 ], [ 77.782355282592192, 15.876170915016356, 0.0 ], [ 77.777230637042351, 15.880772954599914, 0.0 ], [ 77.770965247766185, 15.884673798351153, 0.0 ], [ 77.766869982304925, 15.886144124189091, 0.0 ], [ 77.760787187607278, 15.884618050761661, 0.0 ], [ 77.752736383188818, 15.884812135957748, 0.0 ], [ 77.744048711303108, 15.886101329311048, 0.0 ], [ 77.738810515364747, 15.888032296743928, 0.0 ], [ 77.731332748945391, 15.893697192760195, 0.0 ], [ 77.724095900083682, 15.895814230596505, 0.0 ], [ 77.7127329948746, 15.894515864170383, 0.0 ], [ 77.697351672223547, 15.885220833871518, 0.0 ], [ 77.692747056172621, 15.883314276076817, 0.0 ], [ 77.682502186455721, 15.883318258002067, 0.0 ], [ 77.675929209984389, 15.885085135852833, 0.0 ], [ 77.666153226382107, 15.885963090765845, 0.0 ], [ 77.659200590402094, 15.885498860688109, 0.0 ], [ 77.650384198669641, 15.888867779861403, 0.0 ], [ 77.63647369656077, 15.896057379789966, 0.0 ], [ 77.625053661848298, 15.909042631688735, 0.0 ], [ 77.619249078853073, 15.91379908977315, 0.0 ], [ 77.612790885701656, 15.917519661259115, 0.0 ], [ 77.608848471331513, 15.917642218649211, 0.0 ], [ 77.598449434491059, 15.912411120591329, 0.0 ], [ 77.593310166438556, 15.911919950098353, 0.0 ], [ 77.589663728062305, 15.912896588613741, 0.0 ], [ 77.580807629779613, 15.91847843210998, 0.0 ], [ 77.550630841006253, 15.9189600327154, 0.0 ], [ 77.53989130007659, 15.920972176835926, 0.0 ] ] ] } },
{ "type": "Feature", "properties": { "DISTRICT": "KAMAREDDY", "Dist_LGD": "685" }, "geometry": { "type": "Polygon", "coordinates": [ [ [ 77.686182494807724, 18.266607002173057, 0.0 ], [ 77.664677860866732, 18.283748232891384, 0.0 ], [ 77.648660936665834, 18.284480383460714, 0.0 ], [ 77.642022937057561, 18.286173428331068, 0.0 ], [ 77.625633150288365, 18.284123406137617, 0.0 ], [ 77.62359533085197, 18.279779904759383, 0.0 ], [ 77.619425198271486, 18.274614858252697, 0.0 ], [ 77.600473049439458, 18.27583227784552, 0.0 ], [ 77.601479525750818, 18.27800572225166, 0.0 ], [ 77.604566282055387, 18.279031815357534, 0.0 ], [ 77.605417239024959, 18.281349021211625, 0.0 ], [ 77.581849334743154, 18.285384230892113, 0.0 ], [ 77.576161305296466, 18.288732975127651, 0.0 ], [ 77.572557079431505, 18.293302325165385, 0.0 ], [ 77.570210179385825, 18.292530282271684, 0.0 ], [ 77.566937701840175, 18.287280906057497, 0.0 ], [ 77.562964609069581, 18.284960295353407, 0.0 ], [ 77.561340896585733, 18.284949156732885, 0.0 ], [ 77.557112412350037, 18.28768962487284, 0.0 ], [ 77.554107200302539, 18.290876903138152, 0.0 ], [ 77.551401281361152, 18.291912915917603, 0.0 ], [ 77.552549256685424, 18.296976745460672, 0.0 ], [ 77.564820844528668, 18.306058556171489, 0.0 ], [ 77.571396143697044, 18.308829145420358, 0.0 ], [ 77.570479506144409, 18.318112544269688, 0.0 ], [ 77.563866029755232, 18.322297206343851, 0.0 ], [ 77.558023647358453, 18.331416413564373, 0.0 ], [ 77.530230482311509, 18.339167361048204, 0.0 ], [ 77.524467083231968, 18.343238544511358, 0.0 ], [ 77.522341184283107, 18.346467110141926, 0.0 ], [ 77.520206342656479, 18.357175161015373, 0.0 ], [ 77.524045672277978, 18.364200387155634, 0.0 ], [ 77.525471884909877, 18.372705111137641, 0.0 ], [ 77.535611337272343, 18.380748542409862, 0.0 ], [ 77.538600037837384, 18.385882236497949, 0.0 ], [ 77.540641319493943, 18.386863981496457, 0.0 ], [ 77.543186072496994, 18.386088986486168, 0.0 ], [ 77.545916961100843, 18.388686615880925, 0.0 ], [ 77.551601975488211, 18.388897703777992, 0.0 ], [ 77.552680355669011, 18.401690669649696, 0.0 ], [ 77.556756063984693, 18.417143340055819, 0.0 ], [ 77.556468348292512, 18.41942827063281, 0.0 ], [ 77.536900698365898, 18.42424591988587, 0.0 ], [ 77.537312743019456, 18.426279160812555, 0.0 ], [ 77.528166620797876, 18.428913050364166, 0.0 ], [ 77.527727083072918, 18.442702793071724, 0.0 ], [ 77.528488318769462, 18.443373367385906, 0.0 ], [ 77.532115844132463, 18.44295585286261, 0.0 ], [ 77.533381538200572, 18.444121821020442, 0.0 ], [ 77.537450986977007, 18.444986610018052, 0.0 ], [ 77.544706018765169, 18.44413299020108, 0.0 ], [ 77.551300135878094, 18.441776082582322, 0.0 ], [ 77.553555150567306, 18.44069471395543, 0.0 ], [ 77.553329254638186, 18.440003791689183, 0.0 ], [ 77.560200812004197, 18.437283572734348, 0.0 ], [ 77.564180927480166, 18.437302597686664, 0.0 ], [ 77.568294454439325, 18.43946890190567, 0.0 ], [ 77.569068864668836, 18.442866164765718, 0.0 ], [ 77.574304046862579, 18.441798722066469, 0.0 ], [ 77.583555027647506, 18.445135882089144, 0.0 ], [ 77.585297340995609, 18.446792304954091, 0.0 ], [ 77.586096735161803, 18.449402476590141, 0.0 ], [ 77.58300047717448, 18.449940856435898, 0.0 ], [ 77.584183381823408, 18.454466712693709, 0.0 ], [ 77.58360431058135, 18.456205812826575, 0.0 ], [ 77.575170754692834, 18.458409126063358, 0.0 ], [ 77.564113772476418, 18.460035542337852, 0.0 ], [ 77.564037843721934, 18.461021744059867, 0.0 ], [ 77.550761871932082, 18.460409540651895, 0.0 ], [ 77.549835204225388, 18.465934966516645, 0.0 ], [ 77.548446703056058, 18.466940303549737, 0.0 ], [ 77.548563405338996, 18.46858131114255, 0.0 ], [ 77.560244966958422, 18.468621764227937, 0.0 ], [ 77.561067780976487, 18.470255172315579, 0.0 ], [ 77.572861019319646, 18.469814926196527, 0.0 ], [ 77.573844543180357, 18.478199108847249, 0.0 ], [ 77.575094206936299, 18.478876575703922, 0.0 ], [ 77.576369301434212, 18.486784646738187, 0.0 ], [ 77.592250368797991, 18.48471531519651, 0.0 ], [ 77.592440618669897, 18.481951457683451, 0.0 ], [ 77.594282974134288, 18.47691005447993, 0.0 ], [ 77.603126055062305, 18.476847524408111, 0.0 ], [ 77.603610203965829, 18.483678289843112, 0.0 ], [ 77.606225594548633, 18.489196935129396, 0.0 ], [ 77.603675424918237, 18.492939236573502, 0.0 ], [ 77.604706853445734, 18.496366809279216, 0.0 ], [ 77.594397206446232, 18.496196314162667, 0.0 ], [ 77.594287089682723, 18.497906234814852, 0.0 ], [ 77.58590690075313, 18.503996131884882, 0.0 ], [ 77.586342454459725, 18.509237643238773, 0.0 ], [ 77.587752786926515, 18.512856571977949, 0.0 ], [ 77.597067714772706, 18.515883286546092, 0.0 ], [ 77.597043422407737, 18.517274560158071, 0.0 ], [ 77.599708214409631, 18.520032329048181, 0.0 ], [ 77.600281473557814, 18.522296548033342, 0.0 ], [ 77.598825708909374, 18.524206512361832, 0.0 ], [ 77.600436613440323, 18.527295795077865, 0.0 ], [ 77.597608350196239, 18.528617481206261, 0.0 ], [ 77.596567005498372, 18.530199951832547, 0.0 ], [ 77.595133923021095, 18.529743036358251, 0.0 ], [ 77.592509347569248, 18.526619092708362, 0.0 ], [ 77.591041481228899, 18.525900280741784, 0.0 ], [ 77.590691143161862, 18.526665690160339, 0.0 ], [ 77.592057779234935, 18.532321917385101, 0.0 ], [ 77.595303531593402, 18.535541698737752, 0.0 ], [ 77.595943307651822, 18.5385823345323, 0.0 ], [ 77.594985360422541, 18.539879647144758, 0.0 ], [ 77.596369422115401, 18.548941380658047, 0.0 ], [ 77.603799799686797, 18.550262061766357, 0.0 ], [ 77.610068410966377, 18.549882099970276, 0.0 ], [ 77.610564411083161, 18.544540274844465, 0.0 ], [ 77.612496316275681, 18.544479301351991, 0.0 ], [ 77.613189355508297, 18.549100391603805, 0.0 ], [ 77.616035112144218, 18.548966142976802, 0.0 ], [ 77.61518517989893, 18.550845659859448, 0.0 ], [ 77.626474316046668, 18.551894294528651, 0.0 ], [ 77.62824846385827, 18.553735560679833, 0.0 ], [ 77.629252278090533, 18.553675336521742, 0.0 ], [ 77.627629008494651, 18.548124910180977, 0.0 ], [ 77.629127902586887, 18.546291253664876, 0.0 ], [ 77.634000109177848, 18.543917766864688, 0.0 ], [ 77.639619442380763, 18.554941026538316, 0.0 ], [ 77.647913147872245, 18.554931356048968, 0.0 ], [ 77.647710762478212, 18.552990397602517, 0.0 ], [ 77.652074510274076, 18.551793952403607, 0.0 ], [ 77.649223258839882, 18.541192567536381, 0.0 ], [ 77.646245948182127, 18.540040712605595, 0.0 ], [ 77.64589690697612, 18.538836845445513, 0.0 ], [ 77.648325974228612, 18.537336114348072, 0.0 ], [ 77.651351504104156, 18.532263431953407, 0.0 ], [ 77.654297131591392, 18.530836246468137, 0.0 ], [ 77.655860400290393, 18.530898951329995, 0.0 ], [ 77.661663665981976, 18.531857002027728, 0.0 ], [ 77.664598292316256, 18.535800238279624, 0.0 ], [ 77.680685316230722, 18.545253201061556, 0.0 ], [ 77.686784768412579, 18.544433557328183, 0.0 ], [ 77.688327663652274, 18.5449523156955, 0.0 ], [ 77.697505187976816, 18.552897940605749, 0.0 ], [ 77.701561432485136, 18.555171130569207, 0.0 ], [ 77.710971527855861, 18.556303328372749, 0.0 ], [ 77.716854458266781, 18.554305242006237, 0.0 ], [ 77.723251373415948, 18.553329033111339, 0.0 ], [ 77.730561870068726, 18.555598499884752, 0.0 ], [ 77.73849960730972, 18.556788709354507, 0.0 ], [ 77.741526370708073, 18.553848697566078, 0.0 ], [ 77.740007309330153, 18.549434535388944, 0.0 ], [ 77.756927520391585, 18.536330001552091, 0.0 ], [ 77.757799962070862, 18.53053501867376, 0.0 ], [ 77.761555860114811, 18.525834042480902, 0.0 ], [ 77.761821790262388, 18.517677108565692, 0.0 ], [ 77.7607738147193, 18.512363598333543, 0.0 ], [ 77.757205598286376, 18.505743516025504, 0.0 ], [ 77.756773216358695, 18.502710083896922, 0.0 ], [ 77.773108856528637, 18.503090563358388, 0.0 ], [ 77.774060118179008, 18.505181184090631, 0.0 ], [ 77.778446255416213, 18.505828737512747, 0.0 ], [ 77.783768557123622, 18.504210821558086, 0.0 ], [ 77.786384899708708, 18.499634974732547, 0.0 ], [ 77.789547949509412, 18.497293723413932, 0.0 ], [ 77.793377930095104, 18.498083227016515, 0.0 ], [ 77.80014912082008, 18.50125913004587, 0.0 ], [ 77.803927183167261, 18.501699724392108, 0.0 ], [ 77.806765189910777, 18.500931035670614, 0.0 ], [ 77.811512858305278, 18.502843152739239, 0.0 ], [ 77.816377416543475, 18.502456740320028, 0.0 ], [ 77.818314659340956, 18.50313614354685, 0.0 ], [ 77.819724875694419, 18.502530224438846, 0.0 ], [ 77.82164284626586, 18.504958070580294, 0.0 ], [ 77.824250579824437, 18.504055197491997, 0.0 ], [ 77.828510191485279, 18.505653639751454, 0.0 ], [ 77.830436799189172, 18.504692571806451, 0.0 ], [ 77.837522934705376, 18.506714601279828, 0.0 ], [ 77.843555156671698, 18.506143202197862, 0.0 ], [ 77.851180384352332, 18.503354635008499, 0.0 ], [ 77.853787664370699, 18.50351335811931, 0.0 ], [ 77.857631820212802, 18.504333416264064, 0.0 ], [ 77.864778884305252, 18.508185156129901, 0.0 ], [ 77.871495587454021, 18.506021893315005, 0.0 ], [ 77.87641536392006, 18.502919190667498, 0.0 ], [ 77.881396536158746, 18.501958785274052, 0.0 ], [ 77.885229585331672, 18.495471810759533, 0.0 ], [ 77.889368588981782, 18.492652939088153, 0.0 ], [ 77.895299761782255, 18.494997816464203, 0.0 ], [ 77.900131573088061, 18.492060642254295, 0.0 ], [ 77.907748161092542, 18.493386406574725, 0.0 ], [ 77.923755117700082, 18.491609089818791, 0.0 ], [ 77.937620710581072, 18.491680240303225, 0.0 ], [ 77.943714076318329, 18.488901741361751, 0.0 ], [ 77.949993974486361, 18.487435722668078, 0.0 ], [ 77.951988561382251, 18.485552601161608, 0.0 ], [ 77.953021556213216, 18.482239147584046, 0.0 ], [ 77.970927421206028, 18.474498350014859, 0.0 ], [ 77.975015701631591, 18.470714714124089, 0.0 ], [ 77.976383055944311, 18.466402059918732, 0.0 ], [ 77.980939302980971, 18.461923363861739, 0.0 ], [ 77.981600861511723, 18.459454996406087, 0.0 ], [ 77.9785631311223, 18.453418550101567, 0.0 ], [ 77.976626745686318, 18.451208728754576, 0.0 ], [ 77.974935678976323, 18.44649847400812, 0.0 ], [ 77.990954395380541, 18.443821570225694, 0.0 ], [ 78.001198135632478, 18.440281091293905, 0.0 ], [ 78.013331071613692, 18.438930900665163, 0.0 ], [ 78.022214821499617, 18.436371050642347, 0.0 ], [ 78.037914128723983, 18.465110855189863, 0.0 ], [ 78.036512312997132, 18.473006733617606, 0.0 ], [ 78.037629387854636, 18.483195342869521, 0.0 ], [ 78.038299009883232, 18.48754984596771, 0.0 ], [ 78.041431946168871, 18.489596504082449, 0.0 ], [ 78.038891360336081, 18.492775542723972, 0.0 ], [ 78.036463496716834, 18.494152854919271, 0.0 ], [ 78.036239539448331, 18.499138703957794, 0.0 ], [ 78.037352675035237, 18.499124418990792, 0.0 ], [ 78.037465534886337, 18.500693557180789, 0.0 ], [ 78.039494995481633, 18.500870491181988, 0.0 ], [ 78.03427173959993, 18.507958746067875, 0.0 ], [ 78.034242541686254, 18.50914687594123, 0.0 ], [ 78.036979648399353, 18.513308063215085, 0.0 ], [ 78.03770907862733, 18.515932593531819, 0.0 ], [ 78.039554136233036, 18.517982624525501, 0.0 ], [ 78.047362600021785, 18.517376093617806, 0.0 ], [ 78.055429654499264, 18.515028198493741, 0.0 ], [ 78.062229307875782, 18.514030114292506, 0.0 ], [ 78.065493674462687, 18.510913350626598, 0.0 ], [ 78.069941848788375, 18.508560007278344, 0.0 ], [ 78.069835587030752, 18.511387265362437, 0.0 ], [ 78.075003365030923, 18.514780375978262, 0.0 ], [ 78.076320098400672, 18.514772667903344, 0.0 ], [ 78.084908331498411, 18.509311805731098, 0.0 ], [ 78.091302875664738, 18.508873147144545, 0.0 ], [ 78.103615197564977, 18.504388686364621, 0.0 ], [ 78.105162545008966, 18.502562401724806, 0.0 ], [ 78.107027411325305, 18.498019556756148, 0.0 ], [ 78.105995606261075, 18.491777053492115, 0.0 ], [ 78.108092832107843, 18.49261383280658, 0.0 ], [ 78.112495780290047, 18.491953459174475, 0.0 ], [ 78.118133973997459, 18.492897220582464, 0.0 ], [ 78.121342346103958, 18.48844146247794, 0.0 ], [ 78.133423992887955, 18.484851820920802, 0.0 ], [ 78.134967539578938, 18.482519254267498, 0.0 ], [ 78.138520935472002, 18.482373189237602, 0.0 ], [ 78.140955135621425, 18.481188878875276, 0.0 ], [ 78.159657447792441, 18.477476231924737, 0.0 ], [ 78.16652034169924, 18.484111839007202, 0.0 ], [ 78.172861929282263, 18.497966546523138, 0.0 ], [ 78.174450785404957, 18.498566673272361, 0.0 ], [ 78.175831405446715, 18.501143617479357, 0.0 ], [ 78.177663299635867, 18.501217507186368, 0.0 ], [ 78.178546790992058, 18.502596323319693, 0.0 ], [ 78.186029489370696, 18.507407888351946, 0.0 ], [ 78.192239294852726, 18.508952298608115, 0.0 ], [ 78.192937078175007, 18.50401668253113, 0.0 ], [ 78.200568873521703, 18.505440523542234, 0.0 ], [ 78.201651925880597, 18.504765255541248, 0.0 ], [ 78.202329564691965, 18.501510291696572, 0.0 ], [ 78.207626984745843, 18.500884651260648, 0.0 ], [ 78.20957694414642, 18.499378294736111, 0.0 ], [ 78.212508297870272, 18.498582701712891, 0.0 ], [ 78.216943611826139, 18.499181194134188, 0.0 ], [ 78.224952085912079, 18.491056207632187, 0.0 ], [ 78.2364874839799, 18.492344040407623, 0.0 ], [ 78.23864312284951, 18.49104287327847, 0.0 ], [ 78.242620741594763, 18.486566285968049, 0.0 ], [ 78.250040726737396, 18.486630620794234, 0.0 ], [ 78.255875845466591, 18.479959254359727, 0.0 ], [ 78.2581885794431, 18.476088437020209, 0.0 ], [ 78.254828700843461, 18.472185456060764, 0.0 ], [ 78.255333601280483, 18.466980922576042, 0.0 ], [ 78.253720574908002, 18.466837568940459, 0.0 ], [ 78.257434281968784, 18.460943495659325, 0.0 ], [ 78.256935959347786, 18.459804152437265, 0.0 ], [ 78.254593621957611, 18.458442148209578, 0.0 ], [ 78.256126298107588, 18.457739745672551, 0.0 ], [ 78.255983989031563, 18.456120663452818, 0.0 ], [ 78.259822991097579, 18.452902814271532, 0.0 ], [ 78.2683424194732, 18.453181453834883, 0.0 ], [ 78.269723153680133, 18.450846265542303, 0.0 ], [ 78.271259489514094, 18.453555195985057, 0.0 ], [ 78.274970593452736, 18.454474842331329, 0.0 ], [ 78.275339651642227, 18.458224585338403, 0.0 ], [ 78.281056519738343, 18.453909781522817, 0.0 ], [ 78.283191213446912, 18.454799399210422, 0.0 ], [ 78.287322461387376, 18.453748589554852, 0.0 ], [ 78.29336905599304, 18.455821684732076, 0.0 ], [ 78.297835223038732, 18.45612959983292, 0.0 ], [ 78.307331332682637, 18.454202535470717, 0.0 ], [ 78.307708269078518, 18.456465680544767, 0.0 ], [ 78.313965988808349, 18.460017872442855, 0.0 ], [ 78.316661508751238, 18.465404329347511, 0.0 ], [ 78.319673345067727, 18.464955961636214, 0.0 ], [ 78.324102064904608, 18.46609892735567, 0.0 ], [ 78.325995384987223, 18.465729551529712, 0.0 ], [ 78.329503208662402, 18.467098021018877, 0.0 ], [ 78.334572836041218, 18.463832665095943, 0.0 ], [ 78.341244646350518, 18.464243374119835, 0.0 ], [ 78.345793023361935, 18.463141389491568, 0.0 ], [ 78.3495292833029, 18.460106247023919, 0.0 ], [ 78.350441662042755, 18.457643707123328, 0.0 ], [ 78.352523188528465, 18.459101525509606, 0.0 ], [ 78.354489536798823, 18.459410363974047, 0.0 ], [ 78.358960169890793, 18.457606980298408, 0.0 ], [ 78.363201794173378, 18.454653452712375, 0.0 ], [ 78.382645844061074, 18.453942535196159, 0.0 ], [ 78.383803440907187, 18.454166357520009, 0.0 ], [ 78.385724070831557, 18.459133073260919, 0.0 ], [ 78.386678015572386, 18.459359326235656, 0.0 ], [ 78.392482716454737, 18.466415692733971, 0.0 ], [ 78.396115588646794, 18.477304735815249, 0.0 ], [ 78.398865931462907, 18.482234133116311, 0.0 ], [ 78.402851155266816, 18.481984022203836, 0.0 ], [ 78.40658819057299, 18.482793156592603, 0.0 ], [ 78.412713580841668, 18.480349606335587, 0.0 ], [ 78.418361392125149, 18.476938846755722, 0.0 ], [ 78.424687292500437, 18.475201805302358, 0.0 ], [ 78.442342821330854, 18.478119033054387, 0.0 ], [ 78.443552574005466, 18.478812953838901, 0.0 ], [ 78.445179575598942, 18.483496100668301, 0.0 ], [ 78.452634500903898, 18.482921185487477, 0.0 ], [ 78.452959148532628, 18.481767620982001, 0.0 ], [ 78.45392409510481, 18.481419802024991, 0.0 ], [ 78.454721708224469, 18.477604852602241, 0.0 ], [ 78.452145334867154, 18.474028774651426, 0.0 ], [ 78.452298833944212, 18.472484880364505, 0.0 ], [ 78.456283357332055, 18.468198749788165, 0.0 ], [ 78.460813617053574, 18.465598549361719, 0.0 ], [ 78.464369264311628, 18.460630301315664, 0.0 ], [ 78.465428230484619, 18.452615528615492, 0.0 ], [ 78.469257916803826, 18.44629867009629, 0.0 ], [ 78.477207468217799, 18.440788911073607, 0.0 ], [ 78.487734052182901, 18.439681399543517, 0.0 ], [ 78.492140277144017, 18.437992091425301, 0.0 ], [ 78.497150914894149, 18.442440030279364, 0.0 ], [ 78.498683794304611, 18.445789082082854, 0.0 ], [ 78.506231942444259, 18.45169277268414, 0.0 ], [ 78.518241161472389, 18.456629782681009, 0.0 ], [ 78.518488963829569, 18.45880099146315, 0.0 ], [ 78.521371667145416, 18.461696815317758, 0.0 ], [ 78.521043301691066, 18.464662475278583, 0.0 ], [ 78.525012562947964, 18.463587525466334, 0.0 ], [ 78.530232752715008, 18.465714013956052, 0.0 ], [ 78.531678804469209, 18.463653303899658, 0.0 ], [ 78.533062860809395, 18.463046905483196, 0.0 ], [ 78.543448995221439, 18.459965387524743, 0.0 ], [ 78.547420196880722, 18.452993415830395, 0.0 ], [ 78.554130083766324, 18.431049015522287, 0.0 ], [ 78.553615393642076, 18.429011004871697, 0.0 ], [ 78.551844055602771, 18.427191996902302, 0.0 ], [ 78.54902895704916, 18.426072903291551, 0.0 ], [ 78.541522400791095, 18.420238729187911, 0.0 ], [ 78.541908466966106, 18.412420419721006, 0.0 ], [ 78.54468246094477, 18.407687624187439, 0.0 ], [ 78.547479428539489, 18.404902494341478, 0.0 ], [ 78.564975160434386, 18.390515435660419, 0.0 ], [ 78.562992231809261, 18.385703048125535, 0.0 ], [ 78.549769165281788, 18.387964680648832, 0.0 ], [ 78.545224380981281, 18.387584386385875, 0.0 ], [ 78.54144534506014, 18.389199236524217, 0.0 ], [ 78.531581792239479, 18.387748771852308, 0.0 ], [ 78.530213591129097, 18.379801213218876, 0.0 ], [ 78.535399041204869, 18.370092744936027, 0.0 ], [ 78.533420180192948, 18.360752352210739, 0.0 ], [ 78.543944982758106, 18.351318314128974, 0.0 ], [ 78.546350836382317, 18.345443171889364, 0.0 ], [ 78.544515812957627, 18.342972642693173, 0.0 ], [ 78.549545197660123, 18.33641182547623, 0.0 ], [ 78.549101756327701, 18.334378831065191, 0.0 ], [ 78.537263286426182, 18.317821741187736, 0.0 ], [ 78.538189079965363, 18.309022730716801, 0.0 ], [ 78.541226409689926, 18.300057657034184, 0.0 ], [ 78.533949989338865, 18.291133683208461, 0.0 ], [ 78.528626300954031, 18.291758171918694, 0.0 ], [ 78.523927658659275, 18.288108630803681, 0.0 ], [ 78.523808485520945, 18.282110679361796, 0.0 ], [ 78.521262302222723, 18.278941941472642, 0.0 ], [ 78.524844651829852, 18.276936876904028, 0.0 ], [ 78.525591855727058, 18.275556406983974, 0.0 ], [ 78.529458052393593, 18.274466744072384, 0.0 ], [ 78.531954902890348, 18.27172849342454, 0.0 ], [ 78.537845372440842, 18.273495215367628, 0.0 ], [ 78.5403863159314, 18.273419049241969, 0.0 ], [ 78.543353030940096, 18.270513236908116, 0.0 ], [ 78.541966228496491, 18.267752946388367, 0.0 ], [ 78.543764417662018, 18.264849996433252, 0.0 ], [ 78.552230368886285, 18.259730140316858, 0.0 ], [ 78.553408370048359, 18.258281175506578, 0.0 ], [ 78.553582349055986, 18.251250829206153, 0.0 ], [ 78.555842956326643, 18.247949811405931, 0.0 ], [ 78.556256070224421, 18.24493467014193, 0.0 ], [ 78.557761388807961, 18.242422156900478, 0.0 ], [ 78.559596046368057, 18.236270021588687, 0.0 ], [ 78.563775757028068, 18.230645170121466, 0.0 ], [ 78.56490258058956, 18.226696479603866, 0.0 ], [ 78.567625835172706, 18.223422015999869, 0.0 ], [ 78.561244859715018, 18.207338876619936, 0.0 ], [ 78.566385923060025, 18.2029383552863, 0.0 ], [ 78.569445657556003, 18.196205012443929, 0.0 ], [ 78.569077912940926, 18.189381986604303, 0.0 ], [ 78.568403890320866, 18.188205365235724, 0.0 ], [ 78.56910690758798, 18.180700424012489, 0.0 ], [ 78.565663571609164, 18.176041557605885, 0.0 ], [ 78.563933687453755, 18.175976128240375, 0.0 ], [ 78.562646050617218, 18.177098891700091, 0.0 ], [ 78.558041032043064, 18.176618804854705, 0.0 ], [ 78.553721417520634, 18.178807700600345, 0.0 ], [ 78.550028658321992, 18.17882378710193, 0.0 ], [ 78.547771196463856, 18.18141088498259, 0.0 ], [ 78.544541437833772, 18.180034685207346, 0.0 ], [ 78.542731328601562, 18.183267639117464, 0.0 ], [ 78.54021961634534, 18.182901181440052, 0.0 ], [ 78.537144095292788, 18.186890785425501, 0.0 ], [ 78.532399992942928, 18.184714183421111, 0.0 ], [ 78.527116996653959, 18.185790788032715, 0.0 ], [ 78.521952839078153, 18.182611215685395, 0.0 ], [ 78.520044179434706, 18.173116320663343, 0.0 ], [ 78.515897313650399, 18.166628647925563, 0.0 ], [ 78.512145880005264, 18.170580017569893, 0.0 ], [ 78.50226935917415, 18.175663038043556, 0.0 ], [ 78.498254350029796, 18.166518677826723, 0.0 ], [ 78.492329327902254, 18.158789255483875, 0.0 ], [ 78.491528132056828, 18.155776232125611, 0.0 ], [ 78.483835283995447, 18.14854950943991, 0.0 ], [ 78.483355656569856, 18.141883198307074, 0.0 ], [ 78.491590447930307, 18.13588642517562, 0.0 ], [ 78.491579957270247, 18.132763155403833, 0.0 ], [ 78.484814174084448, 18.130607025361186, 0.0 ], [ 78.479890892848502, 18.126280559293416, 0.0 ], [ 78.471853735208853, 18.127790973804956, 0.0 ], [ 78.468891921817317, 18.125787829334357, 0.0 ], [ 78.464932329716646, 18.124733354543924, 0.0 ], [ 78.462628684806276, 18.122175891111695, 0.0 ], [ 78.458246499175189, 18.12086417676668, 0.0 ], [ 78.450203303980189, 18.124764694258058, 0.0 ], [ 78.441613177097992, 18.130318094500034, 0.0 ], [ 78.446348116558312, 18.140808315803508, 0.0 ], [ 78.445786696656654, 18.145204990803073, 0.0 ], [ 78.44105735490767, 18.156178184665134, 0.0 ], [ 78.434751167614991, 18.162413075502055, 0.0 ], [ 78.433159701518107, 18.163147961422261, 0.0 ], [ 78.427152323736721, 18.156749093097375, 0.0 ], [ 78.424827983361155, 18.156591065637159, 0.0 ], [ 78.422611310565401, 18.152086112636173, 0.0 ], [ 78.421428814184125, 18.141467155433944, 0.0 ], [ 78.4186532683091, 18.138859594424154, 0.0 ], [ 78.418372257361327, 18.137279532664198, 0.0 ], [ 78.414658077463727, 18.135385816991796, 0.0 ], [ 78.411926312782668, 18.130907398823862, 0.0 ], [ 78.407687108158697, 18.129496597116642, 0.0 ], [ 78.403452643925732, 18.129861967028873, 0.0 ], [ 78.400110459009568, 18.131203179999332, 0.0 ], [ 78.396676002796568, 18.129253113595983, 0.0 ], [ 78.389725192065455, 18.129022137901543, 0.0 ], [ 78.386983087689515, 18.127313645796523, 0.0 ], [ 78.384588065571705, 18.123683340114603, 0.0 ], [ 78.375145569231506, 18.135286638211518, 0.0 ], [ 78.37584049586529, 18.141815298027822, 0.0 ], [ 78.374460176820619, 18.14485676163314, 0.0 ], [ 78.367101940324588, 18.145524831180015, 0.0 ], [ 78.363242447700003, 18.147004923269179, 0.0 ], [ 78.36621798403516, 18.151156478278512, 0.0 ], [ 78.365443363761216, 18.154994817403178, 0.0 ], [ 78.357876803070837, 18.172061756659261, 0.0 ], [ 78.337904446482682, 18.180326017029632, 0.0 ], [ 78.336204498539331, 18.183120023942596, 0.0 ], [ 78.337554874562557, 18.18628365078477, 0.0 ], [ 78.337359583469862, 18.188979863737632, 0.0 ], [ 78.336322651543185, 18.189529747724329, 0.0 ], [ 78.335854633074362, 18.192092058971568, 0.0 ], [ 78.332529827804649, 18.196428710829192, 0.0 ], [ 78.312752447313144, 18.202581936974887, 0.0 ], [ 78.313873540339827, 18.179268623890003, 0.0 ], [ 78.297768413183675, 18.162137360395782, 0.0 ], [ 78.290212818110021, 18.158841594697975, 0.0 ], [ 78.277855476629625, 18.143369867244335, 0.0 ], [ 78.25702054014269, 18.13981250811424, 0.0 ], [ 78.248726493611272, 18.155643484995917, 0.0 ], [ 78.24164133630002, 18.158795903031852, 0.0 ], [ 78.237985268039736, 18.162205671138913, 0.0 ], [ 78.236089035060019, 18.165096235000043, 0.0 ], [ 78.229563784609994, 18.170875440898644, 0.0 ], [ 78.227580351357261, 18.175559262180045, 0.0 ], [ 78.216453384047526, 18.175716549861612, 0.0 ], [ 78.221850452505365, 18.182828985396618, 0.0 ], [ 78.220016468113997, 18.196575734485592, 0.0 ], [ 78.217449743641453, 18.207846897744158, 0.0 ], [ 78.215328673742903, 18.21251992151582, 0.0 ], [ 78.206589678938499, 18.217745935635055, 0.0 ], [ 78.195066559015061, 18.207164322863107, 0.0 ], [ 78.193311092320016, 18.206453958277653, 0.0 ], [ 78.187814589656313, 18.206986718503355, 0.0 ], [ 78.180676629093767, 18.204776385469149, 0.0 ], [ 78.178751160551599, 18.195282767448514, 0.0 ], [ 78.173952230031148, 18.18449686129664, 0.0 ], [ 78.173741598111093, 18.181127698822344, 0.0 ], [ 78.168915171132866, 18.167548258089102, 0.0 ], [ 78.169204297488932, 18.161531323406933, 0.0 ], [ 78.170796234410943, 18.156870929315044, 0.0 ], [ 78.169355741245127, 18.153180883990036, 0.0 ], [ 78.175295538294478, 18.14584682132142, 0.0 ], [ 78.177110579720718, 18.138707457783966, 0.0 ], [ 78.179879223692538, 18.135243808782693, 0.0 ], [ 78.180467185463655, 18.124317092154861, 0.0 ], [ 78.176962542729868, 18.118521022394635, 0.0 ], [ 78.177690368002601, 18.110953875915367, 0.0 ], [ 78.180070781339396, 18.099535731195477, 0.0 ], [ 78.179355269294206, 18.097299764443655, 0.0 ], [ 78.174279519262456, 18.093307931561768, 0.0 ], [ 78.171325062084279, 18.092954934971242, 0.0 ], [ 78.160369870022862, 18.086643408851966, 0.0 ], [ 78.154168361006981, 18.085947255071154, 0.0 ], [ 78.151245588520581, 18.082579616639528, 0.0 ], [ 78.14516516488257, 18.069848213808925, 0.0 ], [ 78.142616981705217, 18.068382855167663, 0.0 ], [ 78.138479288084312, 18.069010737880653, 0.0 ], [ 78.134491967584609, 18.071665038277512, 0.0 ], [ 78.124788822944396, 18.070228693859228, 0.0 ], [ 78.116968632993945, 18.07289878709172, 0.0 ], [ 78.115235249549301, 18.07669884729988, 0.0 ], [ 78.115924542674833, 18.084128041475275, 0.0 ], [ 78.114836194305951, 18.089675272195048, 0.0 ], [ 78.113311387609869, 18.091470708413219, 0.0 ], [ 78.109962089635104, 18.093277489819233, 0.0 ], [ 78.104444689765998, 18.093450842872393, 0.0 ], [ 78.101203296648947, 18.090689061362262, 0.0 ], [ 78.099590999428884, 18.08381443536441, 0.0 ], [ 78.099093700546476, 18.074647164366525, 0.0 ], [ 78.097227923696096, 18.070725604412662, 0.0 ], [ 78.095102102403871, 18.069133323168934, 0.0 ], [ 78.091675552650017, 18.06802359205696, 0.0 ], [ 78.087763203926855, 18.069909497371565, 0.0 ], [ 78.085425196311732, 18.072495602191442, 0.0 ], [ 78.084126136660956, 18.067477446962997, 0.0 ], [ 78.078956165893842, 18.069032696559848, 0.0 ], [ 78.076765230951395, 18.072329929404148, 0.0 ], [ 78.074387155390468, 18.072416026078308, 0.0 ], [ 78.073192220215077, 18.07045441583297, 0.0 ], [ 78.074366960460466, 18.066033751506012, 0.0 ], [ 78.071643000720542, 18.060104412303779, 0.0 ], [ 78.068982592465005, 18.062392928984323, 0.0 ], [ 78.068971419560199, 18.065574731888614, 0.0 ], [ 78.06614438995328, 18.068711095855949, 0.0 ], [ 78.067664121421174, 18.070391647351897, 0.0 ], [ 78.064125949894589, 18.071047493920691, 0.0 ], [ 78.064150367607283, 18.072123482743148, 0.0 ], [ 78.059581940691757, 18.072017189020457, 0.0 ], [ 78.060420421019529, 18.074133000064954, 0.0 ], [ 78.059956420431774, 18.075339063895324, 0.0 ], [ 78.055513680656034, 18.079555072346277, 0.0 ], [ 78.053683882439941, 18.079244897858302, 0.0 ], [ 78.05242349545685, 18.073842799021353, 0.0 ], [ 78.050644904633529, 18.073980713251739, 0.0 ], [ 78.046886669762074, 18.080120819198353, 0.0 ], [ 78.044109987559366, 18.07994886360483, 0.0 ], [ 78.04410506274634, 18.078082075073503, 0.0 ], [ 78.040527305261563, 18.075478268895122, 0.0 ], [ 78.042980579367779, 18.069400063979717, 0.0 ], [ 78.045158253724352, 18.068340290413961, 0.0 ], [ 78.042222413904085, 18.065807139635105, 0.0 ], [ 78.041791339845233, 18.067013477356561, 0.0 ], [ 78.038998389002984, 18.06815659057823, 0.0 ], [ 78.037500009203782, 18.069689635908521, 0.0 ], [ 78.035960779327979, 18.065834543458863, 0.0 ], [ 78.034511869750247, 18.064565847816606, 0.0 ], [ 78.033817297164049, 18.066433622384299, 0.0 ], [ 78.034161230817574, 18.068394645898845, 0.0 ], [ 78.031747533326566, 18.069058387310445, 0.0 ], [ 78.032819206597594, 18.070643665427667, 0.0 ], [ 78.031857753986785, 18.071559180094241, 0.0 ], [ 78.03161559827123, 18.070525835909294, 0.0 ], [ 78.030461683536529, 18.070969046844478, 0.0 ], [ 78.028708015595569, 18.074004212590285, 0.0 ], [ 78.032816697303744, 18.076831371551599, 0.0 ], [ 78.031288784992597, 18.081451147571428, 0.0 ], [ 78.029450146587578, 18.084101130925106, 0.0 ], [ 78.027483931619017, 18.081872653611217, 0.0 ], [ 78.019948965431979, 18.082020579464487, 0.0 ], [ 78.017969931259017, 18.086784179739432, 0.0 ], [ 78.012243466151887, 18.0903832639227, 0.0 ], [ 78.009129430619723, 18.088864537620768, 0.0 ], [ 78.011546641386502, 18.086831578924109, 0.0 ], [ 78.015955792728917, 18.079773044875992, 0.0 ], [ 78.015399919474007, 18.078519179439837, 0.0 ], [ 78.014155183706421, 18.078658252311669, 0.0 ], [ 78.01434863606903, 18.076079825497427, 0.0 ], [ 78.013158370496726, 18.075659140929091, 0.0 ], [ 78.012821977071823, 18.078706191378359, 0.0 ], [ 78.011058757934691, 18.081347878477402, 0.0 ], [ 78.009193856775383, 18.081199669260101, 0.0 ], [ 78.009117194470392, 18.08462473556261, 0.0 ], [ 78.005581076804589, 18.086197156627922, 0.0 ], [ 78.004415211139388, 18.087937384686718, 0.0 ], [ 78.001921332161189, 18.087451638005973, 0.0 ], [ 78.000794668507936, 18.085381947296593, 0.0 ], [ 78.000829744563902, 18.081517932686072, 0.0 ], [ 77.998745784612169, 18.08409701566675, 0.0 ], [ 77.997393030323465, 18.098978510148161, 0.0 ], [ 77.99517988628574, 18.107196724754246, 0.0 ], [ 77.992671216926482, 18.109323315736617, 0.0 ], [ 77.988801097486984, 18.111094842014278, 0.0 ], [ 77.975740688315113, 18.115194372404737, 0.0 ], [ 77.951905188499694, 18.113646473700701, 0.0 ], [ 77.939770364101193, 18.111960428399289, 0.0 ], [ 77.936904578970754, 18.110258304302189, 0.0 ], [ 77.934742269242093, 18.104302438545137, 0.0 ], [ 77.929901797571901, 18.098590079097033, 0.0 ], [ 77.92598097051301, 18.097715913153905, 0.0 ], [ 77.911098492528467, 18.10017596462669, 0.0 ], [ 77.906676516779498, 18.097532613011005, 0.0 ], [ 77.902815582158951, 18.097490276924724, 0.0 ], [ 77.898930648900929, 18.09392667396606, 0.0 ], [ 77.896115847865374, 18.093074356600823, 0.0 ], [ 77.895777565740744, 18.091501872132138, 0.0 ], [ 77.895253395041067, 18.093601735786347, 0.0 ], [ 77.898875426565027, 18.09417918725201, 0.0 ], [ 77.901964322222227, 18.097538757459986, 0.0 ], [ 77.901184588341309, 18.099310029651424, 0.0 ], [ 77.898856323731238, 18.099530337207852, 0.0 ], [ 77.901413722457733, 18.100207782740771, 0.0 ], [ 77.903708851115624, 18.099634466463062, 0.0 ], [ 77.9055733050415, 18.0980390352025, 0.0 ], [ 77.906667210298409, 18.098594644048834, 0.0 ], [ 77.905573531093182, 18.100158785055203, 0.0 ], [ 77.908079272440389, 18.100103249280085, 0.0 ], [ 77.907007762975454, 18.101419182914977, 0.0 ], [ 77.905476296786233, 18.101079580435542, 0.0 ], [ 77.90592770753787, 18.103394791443812, 0.0 ], [ 77.905094369310632, 18.105649121743877, 0.0 ], [ 77.905715408708843, 18.106216998987374, 0.0 ], [ 77.906367968216358, 18.105836274368546, 0.0 ], [ 77.905817892221648, 18.104903065448084, 0.0 ], [ 77.909330314977595, 18.103069885007145, 0.0 ], [ 77.908908741982245, 18.101713316122545, 0.0 ], [ 77.912704743480589, 18.102731023837585, 0.0 ], [ 77.914176709748986, 18.101144401747693, 0.0 ], [ 77.915746683402176, 18.102510140363439, 0.0 ], [ 77.914883926335563, 18.10378334050403, 0.0 ], [ 77.91631208030887, 18.104080773058115, 0.0 ], [ 77.918074891055838, 18.106601514010638, 0.0 ], [ 77.921605658737889, 18.103719783212799, 0.0 ], [ 77.926933079593624, 18.10438503906942, 0.0 ], [ 77.927545312370114, 18.105992411152272, 0.0 ], [ 77.927049510820851, 18.108476777535824, 0.0 ], [ 77.929513413221216, 18.113044257840883, 0.0 ], [ 77.929457256784531, 18.116243606172358, 0.0 ], [ 77.927919298830716, 18.117097434452788, 0.0 ], [ 77.924890817268647, 18.116636218372481, 0.0 ], [ 77.92268436390431, 18.113689837869888, 0.0 ], [ 77.920231235363332, 18.115843338869549, 0.0 ], [ 77.918697610031458, 18.113501664319898, 0.0 ], [ 77.916297494807665, 18.11628403329345, 0.0 ], [ 77.913223445021671, 18.116057089182156, 0.0 ], [ 77.914809426219691, 18.119081942794995, 0.0 ], [ 77.914257643194844, 18.120060516225713, 0.0 ], [ 77.909211848792594, 18.120234540078059, 0.0 ], [ 77.91046991700577, 18.122681442296408, 0.0 ], [ 77.909058075491075, 18.124354753680429, 0.0 ], [ 77.911910825682654, 18.125596027766278, 0.0 ], [ 77.917386321087889, 18.125115257754498, 0.0 ], [ 77.919148177740155, 18.126288991066719, 0.0 ], [ 77.920359331673211, 18.128721781977408, 0.0 ], [ 77.922215299245735, 18.12777678192375, 0.0 ], [ 77.92356734427797, 18.128127445003042, 0.0 ], [ 77.925281270136011, 18.131510867289332, 0.0 ], [ 77.923648724757413, 18.133791742199826, 0.0 ], [ 77.920320333602277, 18.133833015148653, 0.0 ], [ 77.919063765683248, 18.135200867287839, 0.0 ], [ 77.919162599520419, 18.136661932464641, 0.0 ], [ 77.92223986241693, 18.140256018284578, 0.0 ], [ 77.924940047377945, 18.142005956470115, 0.0 ], [ 77.926605311133798, 18.141180865020697, 0.0 ], [ 77.927514498043166, 18.139627987401287, 0.0 ], [ 77.930552466939574, 18.140473443700152, 0.0 ], [ 77.932376070830344, 18.142361844790344, 0.0 ], [ 77.929270285438932, 18.144159700273676, 0.0 ], [ 77.929225053088032, 18.145081123355354, 0.0 ], [ 77.932746577295717, 18.146551645333638, 0.0 ], [ 77.935633171385533, 18.149221128414261, 0.0 ], [ 77.93125845125823, 18.149354076206826, 0.0 ], [ 77.931107368639374, 18.153659557483628, 0.0 ], [ 77.928013827868554, 18.155959020042111, 0.0 ], [ 77.925936653474281, 18.155364571384414, 0.0 ], [ 77.923329656301505, 18.153001093888246, 0.0 ], [ 77.922408737876722, 18.153645220991617, 0.0 ], [ 77.921492928329272, 18.153186814773342, 0.0 ], [ 77.920544712312136, 18.150522387480716, 0.0 ], [ 77.922876404124949, 18.151160652888279, 0.0 ], [ 77.92530804595502, 18.149594458131752, 0.0 ], [ 77.923122280237038, 18.147565886307635, 0.0 ], [ 77.920985444744844, 18.148647521835464, 0.0 ], [ 77.918654572621236, 18.145433021687623, 0.0 ], [ 77.91608115200512, 18.14878721876325, 0.0 ], [ 77.914470942651093, 18.148641222818743, 0.0 ], [ 77.916079495911433, 18.143896974162178, 0.0 ], [ 77.91572528395217, 18.142084799242898, 0.0 ], [ 77.914666924865088, 18.141326281373566, 0.0 ], [ 77.913999254069267, 18.143193861136677, 0.0 ], [ 77.912097870200398, 18.144341587137454, 0.0 ], [ 77.91003780731198, 18.147475843961594, 0.0 ], [ 77.909206334574407, 18.147434163373056, 0.0 ], [ 77.908267882177753, 18.145474770889415, 0.0 ], [ 77.905936644479766, 18.144447638190154, 0.0 ], [ 77.90253250259299, 18.144840327527543, 0.0 ], [ 77.904282006884827, 18.152648917433993, 0.0 ], [ 77.894743007557523, 18.156808713014652, 0.0 ], [ 77.895972000320157, 18.161804338560842, 0.0 ], [ 77.899769948733024, 18.164178067357142, 0.0 ], [ 77.903487139249521, 18.168372192199602, 0.0 ], [ 77.900296275316933, 18.173318611477775, 0.0 ], [ 77.900922990542384, 18.183445551247221, 0.0 ], [ 77.903766333975383, 18.19259146161086, 0.0 ], [ 77.902114301450951, 18.193077581283557, 0.0 ], [ 77.898437799938606, 18.189702085621597, 0.0 ], [ 77.889569978050815, 18.190190754355342, 0.0 ], [ 77.88236493859867, 18.18692101690376, 0.0 ], [ 77.873928837031784, 18.189425526027311, 0.0 ], [ 77.868732710002988, 18.189388832626491, 0.0 ], [ 77.865359489338672, 18.191982285633259, 0.0 ], [ 77.864159111386471, 18.191926850116072, 0.0 ], [ 77.862520311931931, 18.194586717476533, 0.0 ], [ 77.862452390456554, 18.195765526835803, 0.0 ], [ 77.863963656177717, 18.197664264839982, 0.0 ], [ 77.86317441752864, 18.200081566267858, 0.0 ], [ 77.865095928765825, 18.202419129158876, 0.0 ], [ 77.853891932105583, 18.207767689803106, 0.0 ], [ 77.850780317623091, 18.203227849857626, 0.0 ], [ 77.84887738153958, 18.201970502296493, 0.0 ], [ 77.844915940315573, 18.201876162175186, 0.0 ], [ 77.840054107314302, 18.204007850807276, 0.0 ], [ 77.834654844273132, 18.202535111180225, 0.0 ], [ 77.831480690145, 18.200538618806231, 0.0 ], [ 77.829390347355513, 18.200553249250977, 0.0 ], [ 77.828640592375635, 18.19901186265783, 0.0 ], [ 77.82878373911079, 18.195113207802144, 0.0 ], [ 77.827056214948797, 18.194187804133467, 0.0 ], [ 77.821200974172925, 18.196686189581428, 0.0 ], [ 77.817968904702994, 18.195827744262484, 0.0 ], [ 77.811053864134053, 18.195948974894872, 0.0 ], [ 77.806831059155073, 18.200080966199899, 0.0 ], [ 77.798035627460862, 18.204864814467047, 0.0 ], [ 77.796644463938918, 18.204924172960535, 0.0 ], [ 77.793149096312334, 18.202923047932156, 0.0 ], [ 77.79129106102485, 18.200165248969064, 0.0 ], [ 77.787690623592113, 18.198931001464132, 0.0 ], [ 77.786535159521449, 18.196665632288585, 0.0 ], [ 77.783025665459661, 18.197742007159786, 0.0 ], [ 77.779900787538239, 18.200066072090305, 0.0 ], [ 77.777031621038674, 18.196237675951512, 0.0 ], [ 77.776744752650927, 18.19068854905878, 0.0 ], [ 77.771274594436846, 18.189954492852312, 0.0 ], [ 77.769660672530406, 18.188365647418429, 0.0 ], [ 77.768090683972829, 18.191757951522835, 0.0 ], [ 77.760177282658148, 18.199362674456314, 0.0 ], [ 77.758548877911608, 18.202184547421076, 0.0 ], [ 77.75856243225374, 18.20526713057868, 0.0 ], [ 77.748782950917885, 18.206046009129043, 0.0 ], [ 77.748127961485963, 18.205165398411417, 0.0 ], [ 77.741286039274286, 18.205585170442198, 0.0 ], [ 77.742875230464378, 18.208936704256878, 0.0 ], [ 77.743808231517761, 18.214684884754419, 0.0 ], [ 77.742768931352586, 18.217083965719976, 0.0 ], [ 77.742661287931796, 18.220682175366772, 0.0 ], [ 77.743594226204209, 18.22602155514365, 0.0 ], [ 77.740734932921512, 18.226929282732712, 0.0 ], [ 77.738355796801741, 18.22488874189844, 0.0 ], [ 77.736593075374259, 18.23525707422996, 0.0 ], [ 77.728603181902898, 18.233948769070899, 0.0 ], [ 77.73008284637578, 18.244160148961285, 0.0 ], [ 77.72902835357938, 18.253253249730598, 0.0 ], [ 77.719740295208851, 18.26042913612762, 0.0 ], [ 77.711525182662001, 18.258118197847338, 0.0 ], [ 77.706722828254513, 18.261072102942119, 0.0 ], [ 77.694486084795372, 18.26112272512314, 0.0 ], [ 77.687496953386329, 18.260348648251696, 0.0 ], [ 77.686182494807724, 18.266607002173057, 0.0 ] ] ] } },
{ "type": "Feature", "properties": { "DISTRICT": "KARIMNAGAR", "Dist_LGD": "534" }, "geometry": { "type": "Polygon", "coordinates": [ [ [ 79.187842631428708, 18.170221800815508, 0.0 ], [ 79.17080444393784, 18.162234158255064, 0.0 ], [ 79.1624833604766, 18.157191743427976, 0.0 ], [ 79.161241859943786, 18.164668041788325, 0.0 ], [ 79.160161777958677, 18.166472630056511, 0.0 ], [ 79.154849630650745, 18.168768903529685, 0.0 ], [ 79.145858273697954, 18.170992120680932, 0.0 ], [ 79.146200440464852, 18.183422814505164, 0.0 ], [ 79.14093425256965, 18.187865972160477, 0.0 ], [ 79.140023180259021, 18.192620418913631, 0.0 ], [ 79.140230179623089, 18.196394819804233, 0.0 ], [ 79.137856273049564, 18.200658715383248, 0.0 ], [ 79.137840871436239, 18.204925404003653, 0.0 ], [ 79.137159771592039, 18.206271470882086, 0.0 ], [ 79.133989886295083, 18.208298927452798, 0.0 ], [ 79.128471538675612, 18.214621765511847, 0.0 ], [ 79.123246043143268, 18.216996546484097, 0.0 ], [ 79.120539108918877, 18.214876430308649, 0.0 ], [ 79.11336587722036, 18.214946270373197, 0.0 ], [ 79.112167752282772, 18.215651279505302, 0.0 ], [ 79.10915571437809, 18.221124940637996, 0.0 ], [ 79.10817487975379, 18.221357859447661, 0.0 ], [ 79.108491117690079, 18.237263658536776, 0.0 ], [ 79.110233865393141, 18.23944069913, 0.0 ], [ 79.113037445593008, 18.23967038987416, 0.0 ], [ 79.117158506418875, 18.242625866511712, 0.0 ], [ 79.123283564587581, 18.243138988346939, 0.0 ], [ 79.123052682920445, 18.245513028290212, 0.0 ], [ 79.120510003530242, 18.250923956605959, 0.0 ], [ 79.120341501497649, 18.255360626200797, 0.0 ], [ 79.123890166324671, 18.257873459353032, 0.0 ], [ 79.127119479732556, 18.258712139101316, 0.0 ], [ 79.13004325330256, 18.261320258469976, 0.0 ], [ 79.13368346688253, 18.271251781663651, 0.0 ], [ 79.127394782398468, 18.275429815503564, 0.0 ], [ 79.121558937704819, 18.275907493566685, 0.0 ], [ 79.119791344258147, 18.277021322084373, 0.0 ], [ 79.118007488727244, 18.287136881318922, 0.0 ], [ 79.116885919113003, 18.289203888537987, 0.0 ], [ 79.114971299315243, 18.290352933764083, 0.0 ], [ 79.113454792611989, 18.28806554019528, 0.0 ], [ 79.10597089528207, 18.286091934193383, 0.0 ], [ 79.104478070998582, 18.286466265715177, 0.0 ], [ 79.103789688234301, 18.28547672105919, 0.0 ], [ 79.095339954103508, 18.287590577128164, 0.0 ], [ 79.072913322270054, 18.284830457076488, 0.0 ], [ 79.07043600283356, 18.285046306702142, 0.0 ], [ 79.060768532633503, 18.29338948795818, 0.0 ], [ 79.060241606086279, 18.29491784830735, 0.0 ], [ 79.061452504633692, 18.302025280992574, 0.0 ], [ 79.064340194886483, 18.304999985410969, 0.0 ], [ 79.065492207498025, 18.307895352630794, 0.0 ], [ 79.068309655154749, 18.310146507059663, 0.0 ], [ 79.069342958532474, 18.313122362808432, 0.0 ], [ 79.071976298024907, 18.3162389708456, 0.0 ], [ 79.071197673512742, 18.317644519123192, 0.0 ], [ 79.06277780989808, 18.323819749581489, 0.0 ], [ 79.058569853424487, 18.329824141050977, 0.0 ], [ 79.058032282931023, 18.338559947225153, 0.0 ], [ 79.060142082625902, 18.341850259479774, 0.0 ], [ 79.058488128070579, 18.344121148184126, 0.0 ], [ 79.057183924833481, 18.34450550504824, 0.0 ], [ 79.052350301393432, 18.342891368382563, 0.0 ], [ 79.04546981836269, 18.344204916070986, 0.0 ], [ 79.040966669378179, 18.342701211965817, 0.0 ], [ 79.036598193149359, 18.344418896779775, 0.0 ], [ 79.033329959254147, 18.339463393989043, 0.0 ], [ 79.029586589510899, 18.338890903413397, 0.0 ], [ 79.028623179229996, 18.338007693932969, 0.0 ], [ 79.027699749433495, 18.333703920355273, 0.0 ], [ 79.024366193594403, 18.330892866003182, 0.0 ], [ 79.020415258027327, 18.330680343321983, 0.0 ], [ 79.018806798752564, 18.332106300570498, 0.0 ], [ 79.015230584034768, 18.332596667691767, 0.0 ], [ 79.012212173449143, 18.336276648563388, 0.0 ], [ 79.013425292679571, 18.341633959293638, 0.0 ], [ 79.011346202486962, 18.345601970171757, 0.0 ], [ 79.016516236124815, 18.352736812482824, 0.0 ], [ 79.018033284576262, 18.357998121120797, 0.0 ], [ 79.020502844797335, 18.359958256377823, 0.0 ], [ 79.024738272366719, 18.366236902902635, 0.0 ], [ 79.022776820476764, 18.369038554149604, 0.0 ], [ 79.022683918286873, 18.371938870277699, 0.0 ], [ 79.019344611723326, 18.375417820933908, 0.0 ], [ 79.008688448003667, 18.378267620123889, 0.0 ], [ 79.008639526013965, 18.38033232586502, 0.0 ], [ 79.006302184556901, 18.380862750217659, 0.0 ], [ 79.005424107097994, 18.386753563565765, 0.0 ], [ 79.008471544110449, 18.390565863666623, 0.0 ], [ 79.016317132384984, 18.393932433632187, 0.0 ], [ 79.018082643766448, 18.399543231615809, 0.0 ], [ 79.006024100986608, 18.400530470534989, 0.0 ], [ 78.997087833041377, 18.399867041424809, 0.0 ], [ 78.995594515693924, 18.403855593970885, 0.0 ], [ 78.991007580502384, 18.409412830552228, 0.0 ], [ 78.990298628999483, 18.412945879958542, 0.0 ], [ 78.988603482695609, 18.415450852295216, 0.0 ], [ 78.989374126018078, 18.417412785811617, 0.0 ], [ 78.986374669397591, 18.417183760872746, 0.0 ], [ 78.981084094599382, 18.420002102834228, 0.0 ], [ 78.978199403314051, 18.420230174063679, 0.0 ], [ 78.976074623052952, 18.425601140731217, 0.0 ], [ 78.974143654604518, 18.427358704641549, 0.0 ], [ 78.978304636212215, 18.441983014367462, 0.0 ], [ 78.991474351433709, 18.440923819007242, 0.0 ], [ 78.991173803381685, 18.44796600180533, 0.0 ], [ 78.989101399350929, 18.453911272660836, 0.0 ], [ 78.987997958030022, 18.454563191185795, 0.0 ], [ 78.987050996907058, 18.466177840316742, 0.0 ], [ 78.985311816721762, 18.47369765252828, 0.0 ], [ 78.980163469344902, 18.485417976033094, 0.0 ], [ 78.979861057089209, 18.487164448533274, 0.0 ], [ 78.98178485890277, 18.49675686657892, 0.0 ], [ 78.971310106285046, 18.501512470294987, 0.0 ], [ 78.964955326127338, 18.508063800046646, 0.0 ], [ 78.961179343536841, 18.510643774526411, 0.0 ], [ 78.954082215025693, 18.513357877247316, 0.0 ], [ 78.954727779284553, 18.523948734644474, 0.0 ], [ 78.957357105037218, 18.527469231657307, 0.0 ], [ 78.956885657615629, 18.527786597790637, 0.0 ], [ 78.958027611338167, 18.532525345623345, 0.0 ], [ 78.960580615442453, 18.534929274862229, 0.0 ], [ 78.960740795624957, 18.536240615597986, 0.0 ], [ 78.959281040955219, 18.538154893701275, 0.0 ], [ 78.95919767528946, 18.542713072943457, 0.0 ], [ 78.956365898331981, 18.543808675373693, 0.0 ], [ 78.956825914585721, 18.545542478132798, 0.0 ], [ 78.955996677775872, 18.546769985114402, 0.0 ], [ 78.956184215350589, 18.5482080480603, 0.0 ], [ 78.952914761277896, 18.552517358959555, 0.0 ], [ 78.94900032683816, 18.553916789064363, 0.0 ], [ 78.952040337751328, 18.55944625563011, 0.0 ], [ 78.952987073560479, 18.563722634564677, 0.0 ], [ 78.956015886742037, 18.569504938583005, 0.0 ], [ 78.957086417114454, 18.576709860927352, 0.0 ], [ 78.967716602365741, 18.577459205929237, 0.0 ], [ 78.969072677553569, 18.576108927225032, 0.0 ], [ 78.975744968893721, 18.574665484301708, 0.0 ], [ 78.976728604347514, 18.573082116814941, 0.0 ], [ 78.980877059961543, 18.570857062239885, 0.0 ], [ 78.983202192314408, 18.568537632262508, 0.0 ], [ 78.989395403002291, 18.573876456697288, 0.0 ], [ 78.988396485676375, 18.575617870210468, 0.0 ], [ 78.989486220477559, 18.576217398908899, 0.0 ], [ 78.988737473183505, 18.577463585047106, 0.0 ], [ 78.982991223851712, 18.583495235993475, 0.0 ], [ 78.980001924163247, 18.591976877040501, 0.0 ], [ 78.980966745068017, 18.595855524169412, 0.0 ], [ 78.975029816971713, 18.595867694990336, 0.0 ], [ 78.970987510751613, 18.60564282136761, 0.0 ], [ 78.967724880036243, 18.608994359601905, 0.0 ], [ 78.968520522211662, 18.612067696513456, 0.0 ], [ 78.970749695751152, 18.613014238278865, 0.0 ], [ 78.972646070718412, 18.620757738981737, 0.0 ], [ 78.977047487228063, 18.628157544065338, 0.0 ], [ 78.979799123639367, 18.639923328063389, 0.0 ], [ 78.981806256896363, 18.642047245264671, 0.0 ], [ 78.981875809026207, 18.642851978155349, 0.0 ], [ 78.980800408832366, 18.643404503529741, 0.0 ], [ 78.985053563787773, 18.647423755939467, 0.0 ], [ 78.987338205380397, 18.647999994933514, 0.0 ], [ 78.988413160121667, 18.649950204470219, 0.0 ], [ 78.985984627272828, 18.655083317563104, 0.0 ], [ 78.986347959526796, 18.655903565745803, 0.0 ], [ 78.981960599193016, 18.661198921474526, 0.0 ], [ 78.983215308467322, 18.664419895894298, 0.0 ], [ 78.984462109700019, 18.664988870535481, 0.0 ], [ 78.987943374279396, 18.671432972418547, 0.0 ], [ 78.992476072116204, 18.674934401875944, 0.0 ], [ 78.99865366804886, 18.672913066631921, 0.0 ], [ 79.004290759796888, 18.678314816550134, 0.0 ], [ 79.011193991923818, 18.676234981189456, 0.0 ], [ 79.015466344006967, 18.667929530319388, 0.0 ], [ 79.017505779232906, 18.661519511115731, 0.0 ], [ 79.017931587492839, 18.654131525098261, 0.0 ], [ 79.022563265904864, 18.654601652681201, 0.0 ], [ 79.027540009666438, 18.651428265242348, 0.0 ], [ 79.033513278774166, 18.650588182513953, 0.0 ], [ 79.036262944947836, 18.651112921348606, 0.0 ], [ 79.035571933335376, 18.648460835427603, 0.0 ], [ 79.035927671524803, 18.644632232901948, 0.0 ], [ 79.039085794861109, 18.644396228862355, 0.0 ], [ 79.041909305758011, 18.645811393593998, 0.0 ], [ 79.047921798716544, 18.646037357546632, 0.0 ], [ 79.049780463594644, 18.647197415174269, 0.0 ], [ 79.052608993089251, 18.655619417190319, 0.0 ], [ 79.057299518137782, 18.659043749309475, 0.0 ], [ 79.058962824446809, 18.663577093755389, 0.0 ], [ 79.058848715369166, 18.665550541223933, 0.0 ], [ 79.060067651283944, 18.666082762362375, 0.0 ], [ 79.06207647838491, 18.665554101488539, 0.0 ], [ 79.062872417030135, 18.661095989075125, 0.0 ], [ 79.06498683706215, 18.659090729956059, 0.0 ], [ 79.064117633825504, 18.654833788616063, 0.0 ], [ 79.064632678329261, 18.653757503557586, 0.0 ], [ 79.077240276148729, 18.651731631107289, 0.0 ], [ 79.085552472433918, 18.645954176407241, 0.0 ], [ 79.089171690487262, 18.646831831289258, 0.0 ], [ 79.091891943686491, 18.650789119864331, 0.0 ], [ 79.095159732318663, 18.651781822665946, 0.0 ], [ 79.097236102891017, 18.648416158051511, 0.0 ], [ 79.103223285472538, 18.649548463548012, 0.0 ], [ 79.106799686840986, 18.657771285931723, 0.0 ], [ 79.106704881210945, 18.663747528026356, 0.0 ], [ 79.110397078538426, 18.663089282824014, 0.0 ], [ 79.112501353034773, 18.65844518432101, 0.0 ], [ 79.115941464837007, 18.659230858055967, 0.0 ], [ 79.115341931018747, 18.664237073355682, 0.0 ], [ 79.118763915730582, 18.662912848983833, 0.0 ], [ 79.133554393559095, 18.661864487626097, 0.0 ], [ 79.138715902399781, 18.660505827146576, 0.0 ], [ 79.14665302022739, 18.663496970582809, 0.0 ], [ 79.152379258452854, 18.653984777466146, 0.0 ], [ 79.160585472674711, 18.645879553507374, 0.0 ], [ 79.160994762115962, 18.647011530765095, 0.0 ], [ 79.165199774272963, 18.646829892897816, 0.0 ], [ 79.169057460120627, 18.648236248683343, 0.0 ], [ 79.171241349063152, 18.650463438747561, 0.0 ], [ 79.171537628517328, 18.654282709206772, 0.0 ], [ 79.173912577060833, 18.654911787680174, 0.0 ], [ 79.176200201074238, 18.654442509200361, 0.0 ], [ 79.179256305050643, 18.64476636760805, 0.0 ], [ 79.180407346188687, 18.635042266345888, 0.0 ], [ 79.182619441574744, 18.625365252646052, 0.0 ], [ 79.181946481766033, 18.619759066867626, 0.0 ], [ 79.184850765086154, 18.610691546891168, 0.0 ], [ 79.186200114203558, 18.608743584611592, 0.0 ], [ 79.202381161062263, 18.597416317645184, 0.0 ], [ 79.204428207245741, 18.595246541851978, 0.0 ], [ 79.205638955671262, 18.584858142337826, 0.0 ], [ 79.205277960582336, 18.577853161941434, 0.0 ], [ 79.221196969736212, 18.569807206473278, 0.0 ], [ 79.229397132185468, 18.567673713695417, 0.0 ], [ 79.230246345563643, 18.566757068010556, 0.0 ], [ 79.227819500173396, 18.546601343783468, 0.0 ], [ 79.225628177647778, 18.544866962465207, 0.0 ], [ 79.220503636815991, 18.545482558552891, 0.0 ], [ 79.215505938058826, 18.534731289856072, 0.0 ], [ 79.21748742629876, 18.53160304999772, 0.0 ], [ 79.221319534468719, 18.527943643550763, 0.0 ], [ 79.219745403993002, 18.523858899437496, 0.0 ], [ 79.218353478413405, 18.524496685725214, 0.0 ], [ 79.215501289265518, 18.515994533213131, 0.0 ], [ 79.216426431502853, 18.512868969932697, 0.0 ], [ 79.219132814305425, 18.510382063428629, 0.0 ], [ 79.21987933146923, 18.508484356449262, 0.0 ], [ 79.21921446463638, 18.50298624562722, 0.0 ], [ 79.216256662778349, 18.496182198562263, 0.0 ], [ 79.215654808463839, 18.491931473482598, 0.0 ], [ 79.218347482660903, 18.489317909465701, 0.0 ], [ 79.220340645037268, 18.485782916657463, 0.0 ], [ 79.220627949095203, 18.478071929788616, 0.0 ], [ 79.225463324921023, 18.469967698369501, 0.0 ], [ 79.228173364825849, 18.461719790253973, 0.0 ], [ 79.22886314289569, 18.456862110631601, 0.0 ], [ 79.235574510464645, 18.450648300747883, 0.0 ], [ 79.236594951734318, 18.447573331974986, 0.0 ], [ 79.248629327838998, 18.453336421593082, 0.0 ], [ 79.282077751977866, 18.480164580390262, 0.0 ], [ 79.291860942519264, 18.482429285732625, 0.0 ], [ 79.297818055005052, 18.482413039548476, 0.0 ], [ 79.310699145649608, 18.479132287262267, 0.0 ], [ 79.329533598818756, 18.470014035843946, 0.0 ], [ 79.344696362591364, 18.458583455110983, 0.0 ], [ 79.368421197295376, 18.438286794917531, 0.0 ], [ 79.37278412895769, 18.435354661378312, 0.0 ], [ 79.416726489978473, 18.420837306764632, 0.0 ], [ 79.439366639464765, 18.410661892108994, 0.0 ], [ 79.443867580263117, 18.40814918504184, 0.0 ], [ 79.458513345959403, 18.393860896673168, 0.0 ], [ 79.47456199728245, 18.38601261201805, 0.0 ], [ 79.48064792411725, 18.385223784537661, 0.0 ], [ 79.48543379747116, 18.38597392772294, 0.0 ], [ 79.492089449835078, 18.389421391332224, 0.0 ], [ 79.496455201870489, 18.392731384150409, 0.0 ], [ 79.498236996057983, 18.395080371663003, 0.0 ], [ 79.50664598100353, 18.399163590053323, 0.0 ], [ 79.519078022809907, 18.396785232376356, 0.0 ], [ 79.533716502995745, 18.399910790049432, 0.0 ], [ 79.545860770807963, 18.406968863038017, 0.0 ], [ 79.548983984764533, 18.411035878865068, 0.0 ], [ 79.567061663682267, 18.423875460935314, 0.0 ], [ 79.570951239863248, 18.420227857411479, 0.0 ], [ 79.568784503316834, 18.41598006644611, 0.0 ], [ 79.580479935613795, 18.413269749907997, 0.0 ], [ 79.578256286401484, 18.409003824725279, 0.0 ], [ 79.575804796211571, 18.390887431884479, 0.0 ], [ 79.579411293471395, 18.3909164772802, 0.0 ], [ 79.580399757484699, 18.388055988604524, 0.0 ], [ 79.579312326756252, 18.387816379237677, 0.0 ], [ 79.57560047275409, 18.3780492431334, 0.0 ], [ 79.574795026130943, 18.369234489008655, 0.0 ], [ 79.576808270040047, 18.366821140141045, 0.0 ], [ 79.575462869294427, 18.359106468759375, 0.0 ], [ 79.576590816588833, 18.358754347941868, 0.0 ], [ 79.577764454329937, 18.35675312321548, 0.0 ], [ 79.576708847623806, 18.35380243812671, 0.0 ], [ 79.579425732243706, 18.350660060614562, 0.0 ], [ 79.579501046912981, 18.348744396160139, 0.0 ], [ 79.576448343811123, 18.335839319016983, 0.0 ], [ 79.574611207515815, 18.331082293920144, 0.0 ], [ 79.576169102029354, 18.328834088297082, 0.0 ], [ 79.575007876022951, 18.322249686377042, 0.0 ], [ 79.575411622274004, 18.318925631065817, 0.0 ], [ 79.573916007351372, 18.31702571644249, 0.0 ], [ 79.576522200279399, 18.30917426870192, 0.0 ], [ 79.572531741869724, 18.307638664656356, 0.0 ], [ 79.570770487174343, 18.308896330476738, 0.0 ], [ 79.566947736396031, 18.309896421019221, 0.0 ], [ 79.565869525883556, 18.308816262424276, 0.0 ], [ 79.565025329876306, 18.309241917863606, 0.0 ], [ 79.559770893399943, 18.300013969229649, 0.0 ], [ 79.56286432767439, 18.298152177466935, 0.0 ], [ 79.560912228448345, 18.295825462571969, 0.0 ], [ 79.561005512136205, 18.287226440665837, 0.0 ], [ 79.566689951052624, 18.283622571021947, 0.0 ], [ 79.567182579990643, 18.281491758338227, 0.0 ], [ 79.566556271470603, 18.280897028627454, 0.0 ], [ 79.567398455737148, 18.279874910032898, 0.0 ], [ 79.567185492391005, 18.274934805356914, 0.0 ], [ 79.563085582995001, 18.26282866844231, 0.0 ], [ 79.557490222936181, 18.264765313370603, 0.0 ], [ 79.551889263823668, 18.267818085646116, 0.0 ], [ 79.551829392743628, 18.264550556487972, 0.0 ], [ 79.550027558424375, 18.262549687767446, 0.0 ], [ 79.550490312606058, 18.258814503890346, 0.0 ], [ 79.548722993014493, 18.25263826449391, 0.0 ], [ 79.549893644691522, 18.250401490801256, 0.0 ], [ 79.550002598151138, 18.247257338449156, 0.0 ], [ 79.540455756096023, 18.237887273646372, 0.0 ], [ 79.534671922952626, 18.235196468273024, 0.0 ], [ 79.532350400521224, 18.236790730742076, 0.0 ], [ 79.519509135018509, 18.241219928933379, 0.0 ], [ 79.513233784336038, 18.238695464225856, 0.0 ], [ 79.497884105911069, 18.23465729993346, 0.0 ], [ 79.49152150560775, 18.229403132798282, 0.0 ], [ 79.486274609691975, 18.231236397622077, 0.0 ], [ 79.482357352091853, 18.229145826529479, 0.0 ], [ 79.48131328607387, 18.231829409131603, 0.0 ], [ 79.473836354892427, 18.229949501447628, 0.0 ], [ 79.473255139665568, 18.219724263011447, 0.0 ], [ 79.468070087081131, 18.21022045139938, 0.0 ], [ 79.465390855531041, 18.200707086051267, 0.0 ], [ 79.473521937964932, 18.195628160158765, 0.0 ], [ 79.468121455512943, 18.192896036091717, 0.0 ], [ 79.466632026283733, 18.18946518557507, 0.0 ], [ 79.461052262916112, 18.187335986983246, 0.0 ], [ 79.46288504709365, 18.180478227396645, 0.0 ], [ 79.461478620463524, 18.177273316778535, 0.0 ], [ 79.462609688624539, 18.17149977073748, 0.0 ], [ 79.462020325866305, 18.164411959545891, 0.0 ], [ 79.447212413475953, 18.16364306711537, 0.0 ], [ 79.447486168964829, 18.158901940047219, 0.0 ], [ 79.437671269486543, 18.15925686918338, 0.0 ], [ 79.431166683367678, 18.156826355606288, 0.0 ], [ 79.427672161867974, 18.157246377305238, 0.0 ], [ 79.424479554722438, 18.165630622296899, 0.0 ], [ 79.419181719679983, 18.169187671603311, 0.0 ], [ 79.416443438830413, 18.166083940693468, 0.0 ], [ 79.41518153790949, 18.167346385749102, 0.0 ], [ 79.413178155576361, 18.16488862965457, 0.0 ], [ 79.410096838722751, 18.165782755389799, 0.0 ], [ 79.406006996303006, 18.164643668195296, 0.0 ], [ 79.399057514503994, 18.16620099349884, 0.0 ], [ 79.397616979037693, 18.162760618284064, 0.0 ], [ 79.400922862148462, 18.161078517126988, 0.0 ], [ 79.400035640552659, 18.155379526003166, 0.0 ], [ 79.396916180390093, 18.148042504692935, 0.0 ], [ 79.386302311914136, 18.151574976472979, 0.0 ], [ 79.382294525641541, 18.153886807853464, 0.0 ], [ 79.379370997715753, 18.156698061598568, 0.0 ], [ 79.365603656559657, 18.13977390365584, 0.0 ], [ 79.353869120062967, 18.139914570285598, 0.0 ], [ 79.346296266748794, 18.146793894028175, 0.0 ], [ 79.336347393584205, 18.146569605642714, 0.0 ], [ 79.327341335721002, 18.148151641286372, 0.0 ], [ 79.317358994274798, 18.139882870800683, 0.0 ], [ 79.313923935233873, 18.134152478690311, 0.0 ], [ 79.301209601234689, 18.129987050309971, 0.0 ], [ 79.296763188593545, 18.135003423448676, 0.0 ], [ 79.296375510268334, 18.137379577217679, 0.0 ], [ 79.290839641671383, 18.142350571040399, 0.0 ], [ 79.290673282912294, 18.150897622159164, 0.0 ], [ 79.28741713892056, 18.15354904949989, 0.0 ], [ 79.256583745109097, 18.154667506556649, 0.0 ], [ 79.250889848017351, 18.154168859566358, 0.0 ], [ 79.250466139933323, 18.163111057562649, 0.0 ], [ 79.244296958305966, 18.169223926176343, 0.0 ], [ 79.242189362334287, 18.177202385067755, 0.0 ], [ 79.244481396718569, 18.18398920506106, 0.0 ], [ 79.229061545188245, 18.181431859319645, 0.0 ], [ 79.226426185627815, 18.179060694868017, 0.0 ], [ 79.223467440538641, 18.177782811248939, 0.0 ], [ 79.210626494418889, 18.174909447568634, 0.0 ], [ 79.212259693183313, 18.16162564599145, 0.0 ], [ 79.206263000250914, 18.161696360277677, 0.0 ], [ 79.192521062302148, 18.163865581437729, 0.0 ], [ 79.191323075018303, 18.16464488047141, 0.0 ], [ 79.187842631428708, 18.170221800815508, 0.0 ] ] ] } },
{ "type": "Feature", "properties": { "DISTRICT": "KHAMMAM", "Dist_LGD": "541" }, "geometry": { "type": "Polygon", "coordinates": [ [ [ 80.012088397906183, 17.067299624192156, 0.0 ], [ 80.009400127733528, 17.066954344168312, 0.0 ], [ 80.0059602768237, 17.068284805631144, 0.0 ], [ 79.995448872086001, 17.077254102843774, 0.0 ], [ 79.992343611645552, 17.081800178908068, 0.0 ], [ 79.991353934114429, 17.086346725538515, 0.0 ], [ 79.985699576799604, 17.096507170486053, 0.0 ], [ 79.969797944695344, 17.112181371883082, 0.0 ], [ 79.964398981858608, 17.119371004980998, 0.0 ], [ 79.961109417189149, 17.125462474698146, 0.0 ], [ 79.951005696145828, 17.129773039658307, 0.0 ], [ 79.946188830700819, 17.135268065815524, 0.0 ], [ 79.943505521763882, 17.134569226875055, 0.0 ], [ 79.939274737668995, 17.130655867973626, 0.0 ], [ 79.931890646040401, 17.127692670364311, 0.0 ], [ 79.925244876066301, 17.129623741017198, 0.0 ], [ 79.921847830753265, 17.128592619792006, 0.0 ], [ 79.918388061511706, 17.129731661860614, 0.0 ], [ 79.912522951559438, 17.14892388833767, 0.0 ], [ 79.909764987006454, 17.151149972356642, 0.0 ], [ 79.898934121109349, 17.15555994136966, 0.0 ], [ 79.890741137356571, 17.167686439413476, 0.0 ], [ 79.888676907808943, 17.171998703832966, 0.0 ], [ 79.885040644720206, 17.173629640627119, 0.0 ], [ 79.881050952714261, 17.173898367023771, 0.0 ], [ 79.877608809775438, 17.192951647922019, 0.0 ], [ 79.876566255065711, 17.193857453659504, 0.0 ], [ 79.881952389002137, 17.198417319044456, 0.0 ], [ 79.886246215357403, 17.209376606881872, 0.0 ], [ 79.901876829050366, 17.211817453967093, 0.0 ], [ 79.895739027419168, 17.231170563009918, 0.0 ], [ 79.897321726087085, 17.236745588162833, 0.0 ], [ 79.899704699463356, 17.236028929207176, 0.0 ], [ 79.902232221248369, 17.24661187553966, 0.0 ], [ 79.900228648684788, 17.246294306545764, 0.0 ], [ 79.900680060506104, 17.254117737382934, 0.0 ], [ 79.894296465341483, 17.256527759035553, 0.0 ], [ 79.889538733654518, 17.259643064284955, 0.0 ], [ 79.890099787391293, 17.256258067952064, 0.0 ], [ 79.886984606907589, 17.259296611023846, 0.0 ], [ 79.881394811860616, 17.259090581261642, 0.0 ], [ 79.874827097887817, 17.263023249387111, 0.0 ], [ 79.874288623921558, 17.265137705502617, 0.0 ], [ 79.872817695116311, 17.266001505872755, 0.0 ], [ 79.871495055339608, 17.266078984735511, 0.0 ], [ 79.86985334480498, 17.264392180762655, 0.0 ], [ 79.869725821117257, 17.263062490638745, 0.0 ], [ 79.868123682681968, 17.262280034497838, 0.0 ], [ 79.845903773777522, 17.276089483766874, 0.0 ], [ 79.845141577554813, 17.277443558351631, 0.0 ], [ 79.840405706773865, 17.279255625818102, 0.0 ], [ 79.838201785613151, 17.279682879379585, 0.0 ], [ 79.83810611769826, 17.278733021144468, 0.0 ], [ 79.836541620811744, 17.277941452072433, 0.0 ], [ 79.836068590950035, 17.274462942998461, 0.0 ], [ 79.834447957069173, 17.274991471331489, 0.0 ], [ 79.832788830462206, 17.271563532856142, 0.0 ], [ 79.83228397593264, 17.271968812209913, 0.0 ], [ 79.830467718566382, 17.270475581179049, 0.0 ], [ 79.817744087107371, 17.28224984466361, 0.0 ], [ 79.817426189734476, 17.284346777036134, 0.0 ], [ 79.819084451119451, 17.287964723729718, 0.0 ], [ 79.818790520432685, 17.289957818571235, 0.0 ], [ 79.814909488523753, 17.293458536238031, 0.0 ], [ 79.813116592780389, 17.297422543691763, 0.0 ], [ 79.809082933474087, 17.301460746006207, 0.0 ], [ 79.807697285484608, 17.304648391475876, 0.0 ], [ 79.801872897087307, 17.311850068041117, 0.0 ], [ 79.801565550434077, 17.313553659811294, 0.0 ], [ 79.802773111595883, 17.316813002702411, 0.0 ], [ 79.803748535335515, 17.324520947629356, 0.0 ], [ 79.806121620679036, 17.325681354929216, 0.0 ], [ 79.806222667550543, 17.32640064051235, 0.0 ], [ 79.808441238990255, 17.325996366087153, 0.0 ], [ 79.811088895579005, 17.326737431519376, 0.0 ], [ 79.815107103263784, 17.331339598701799, 0.0 ], [ 79.831464230141108, 17.335935462261393, 0.0 ], [ 79.843524105573934, 17.32919992467761, 0.0 ], [ 79.845600372107668, 17.331932674385182, 0.0 ], [ 79.849851812854837, 17.334631359161527, 0.0 ], [ 79.85215919344688, 17.334425888946416, 0.0 ], [ 79.855172225336446, 17.332915858300414, 0.0 ], [ 79.856019665211647, 17.334338167265379, 0.0 ], [ 79.868034905087057, 17.33241625467527, 0.0 ], [ 79.872936898082571, 17.330468550825398, 0.0 ], [ 79.875426906782465, 17.330548212098666, 0.0 ], [ 79.875436336983796, 17.33648926512916, 0.0 ], [ 79.876418228283114, 17.337111580286987, 0.0 ], [ 79.879157906354024, 17.3431375411914, 0.0 ], [ 79.878870790421459, 17.353540259943639, 0.0 ], [ 79.880290321151804, 17.354276811430111, 0.0 ], [ 79.882338700850056, 17.357158336578085, 0.0 ], [ 79.891338492458203, 17.353286816837127, 0.0 ], [ 79.895843666974471, 17.356473641502642, 0.0 ], [ 79.896883528460776, 17.358217243251975, 0.0 ], [ 79.89630028260251, 17.361118339088655, 0.0 ], [ 79.897294023032927, 17.367125417552607, 0.0 ], [ 79.899364841623026, 17.372068572736179, 0.0 ], [ 79.902487608683899, 17.373257332527018, 0.0 ], [ 79.903105942938595, 17.375867920677457, 0.0 ], [ 79.906727237585216, 17.375733291280856, 0.0 ], [ 79.908467712652012, 17.374738955634037, 0.0 ], [ 79.915595728220254, 17.373375074370347, 0.0 ], [ 79.930152316995176, 17.372501126579316, 0.0 ], [ 79.929526992357907, 17.3673045002799, 0.0 ], [ 79.930575027149956, 17.366362319072053, 0.0 ], [ 79.932227226291587, 17.369762291746063, 0.0 ], [ 79.936992141720523, 17.374707611949919, 0.0 ], [ 79.937486061977523, 17.378145120629977, 0.0 ], [ 79.940351689915389, 17.382158472714565, 0.0 ], [ 79.936613702801139, 17.395065894280773, 0.0 ], [ 79.956521035731029, 17.395899687220069, 0.0 ], [ 79.964769219685408, 17.398389193798803, 0.0 ], [ 79.968928234112269, 17.399837310747042, 0.0 ], [ 79.969700891213506, 17.406550358307054, 0.0 ], [ 79.974045451328919, 17.405727539873261, 0.0 ], [ 79.979766360017138, 17.40602193968811, 0.0 ], [ 79.991500294419566, 17.399367828148378, 0.0 ], [ 79.992555735516675, 17.397313226058362, 0.0 ], [ 79.992734882934428, 17.388117373231605, 0.0 ], [ 79.993403468401652, 17.386305952464955, 0.0 ], [ 79.992151157648308, 17.373444467519764, 0.0 ], [ 79.992467306253417, 17.364063553430501, 0.0 ], [ 79.999380746001947, 17.363428827173507, 0.0 ], [ 80.015223537270188, 17.359789582781854, 0.0 ], [ 80.027961854824042, 17.35475878969805, 0.0 ], [ 80.036572639643353, 17.354886210584638, 0.0 ], [ 80.04661613120895, 17.352317089050267, 0.0 ], [ 80.048501348528646, 17.351412268819402, 0.0 ], [ 80.052321052554049, 17.346605161342385, 0.0 ], [ 80.053599417172109, 17.347561799804023, 0.0 ], [ 80.057283458070415, 17.346488853507541, 0.0 ], [ 80.06856770397215, 17.353117637432266, 0.0 ], [ 80.070248112586199, 17.353288392146645, 0.0 ], [ 80.073963040660743, 17.350962864646494, 0.0 ], [ 80.074938373026569, 17.352782362154674, 0.0 ], [ 80.07290057640661, 17.356797715692817, 0.0 ], [ 80.076627444049279, 17.364269833057165, 0.0 ], [ 80.085816642373402, 17.367136302723566, 0.0 ], [ 80.100435827618597, 17.357990474238736, 0.0 ], [ 80.108447708426027, 17.35866999315715, 0.0 ], [ 80.112659156824023, 17.367023909182176, 0.0 ], [ 80.111461282541953, 17.370390079333166, 0.0 ], [ 80.112439205379147, 17.371115314078644, 0.0 ], [ 80.112669993362076, 17.373471256197636, 0.0 ], [ 80.11635866070479, 17.370086979205578, 0.0 ], [ 80.117020753882187, 17.375857376660491, 0.0 ], [ 80.118089649704558, 17.37826007944232, 0.0 ], [ 80.119799404595852, 17.377987283433484, 0.0 ], [ 80.12017466634444, 17.378720432742316, 0.0 ], [ 80.12038366619521, 17.382667849055593, 0.0 ], [ 80.123778933395116, 17.382511064787934, 0.0 ], [ 80.123869780058683, 17.381765256274068, 0.0 ], [ 80.124636846262575, 17.382024334129085, 0.0 ], [ 80.128300229050097, 17.37953948561977, 0.0 ], [ 80.129103326312574, 17.380639586134972, 0.0 ], [ 80.12993188497191, 17.388245786734444, 0.0 ], [ 80.143727964272045, 17.393871045179093, 0.0 ], [ 80.160738057793765, 17.376822022326163, 0.0 ], [ 80.162138027779491, 17.389614886382137, 0.0 ], [ 80.160273431131884, 17.40317110504229, 0.0 ], [ 80.166340864789987, 17.40760699748763, 0.0 ], [ 80.162490106822332, 17.420477291417761, 0.0 ], [ 80.170112967246325, 17.438528607022416, 0.0 ], [ 80.180911954623454, 17.439218648347715, 0.0 ], [ 80.191659196869921, 17.442950823605734, 0.0 ], [ 80.203169956600064, 17.442032338233197, 0.0 ], [ 80.203531901656802, 17.444030138643768, 0.0 ], [ 80.200736046020694, 17.448927087498713, 0.0 ], [ 80.198226112921319, 17.463829696806204, 0.0 ], [ 80.195252272481426, 17.47081961348179, 0.0 ], [ 80.195814266499227, 17.476028645656051, 0.0 ], [ 80.200240201036067, 17.486817619996447, 0.0 ], [ 80.201222789127414, 17.485055769536554, 0.0 ], [ 80.201546227200211, 17.479929330378976, 0.0 ], [ 80.204093663606102, 17.474525702944362, 0.0 ], [ 80.208635261871635, 17.474328563164466, 0.0 ], [ 80.209474956479369, 17.473574684127716, 0.0 ], [ 80.20986037187302, 17.470971076585815, 0.0 ], [ 80.216562371158645, 17.475275020265848, 0.0 ], [ 80.217738066071661, 17.476705296267767, 0.0 ], [ 80.217031803103936, 17.479719926713713, 0.0 ], [ 80.220985730695219, 17.492054015037887, 0.0 ], [ 80.221966965944105, 17.494478497756063, 0.0 ], [ 80.224861845566608, 17.496326824978944, 0.0 ], [ 80.227705640221515, 17.504549655883643, 0.0 ], [ 80.226387097528232, 17.507369103637899, 0.0 ], [ 80.228811625637647, 17.522544600635165, 0.0 ], [ 80.228272767584713, 17.530564083671443, 0.0 ], [ 80.204943411171584, 17.545556152829207, 0.0 ], [ 80.201508798530256, 17.557378104141595, 0.0 ], [ 80.201898831038321, 17.558101972339326, 0.0 ], [ 80.205713393722974, 17.556922777779668, 0.0 ], [ 80.218632831859651, 17.555932018008132, 0.0 ], [ 80.23021723736268, 17.552370929757497, 0.0 ], [ 80.231892213157082, 17.557865953180762, 0.0 ], [ 80.232509804759886, 17.564666087503497, 0.0 ], [ 80.233742430801428, 17.566281649496421, 0.0 ], [ 80.237951205080719, 17.559229765382096, 0.0 ], [ 80.242097994011672, 17.55974113639996, 0.0 ], [ 80.248010007015992, 17.561859413312852, 0.0 ], [ 80.25643338527739, 17.557045413715667, 0.0 ], [ 80.260622977067555, 17.553374709176524, 0.0 ], [ 80.265980124960507, 17.551385229741847, 0.0 ], [ 80.266429877622571, 17.55001915703917, 0.0 ], [ 80.281017634596878, 17.541107212067647, 0.0 ], [ 80.292959641319769, 17.554686453961583, 0.0 ], [ 80.286299574879095, 17.55940250686141, 0.0 ], [ 80.281676496191039, 17.563777928775778, 0.0 ], [ 80.285371014119733, 17.566424491795043, 0.0 ], [ 80.284798121748068, 17.568594262916072, 0.0 ], [ 80.286652439101928, 17.572205202454391, 0.0 ], [ 80.288060273937873, 17.571404846476394, 0.0 ], [ 80.288966376328347, 17.572486363833718, 0.0 ], [ 80.295974560184916, 17.570780516701564, 0.0 ], [ 80.304935319436453, 17.569825983972585, 0.0 ], [ 80.317349184841049, 17.5654833421269, 0.0 ], [ 80.323951652433479, 17.560904729734645, 0.0 ], [ 80.335775620460012, 17.562048899876732, 0.0 ], [ 80.339662987083685, 17.563127752764299, 0.0 ], [ 80.3461444201251, 17.567825232652133, 0.0 ], [ 80.348826664371956, 17.567262052879883, 0.0 ], [ 80.356428371828656, 17.568004178843992, 0.0 ], [ 80.368484739177347, 17.567840111203058, 0.0 ], [ 80.366599852780254, 17.560338858420902, 0.0 ], [ 80.355965186165648, 17.531239901749952, 0.0 ], [ 80.343390047064148, 17.534630776153474, 0.0 ], [ 80.342531610751678, 17.526324164269397, 0.0 ], [ 80.340211555089127, 17.522622495961194, 0.0 ], [ 80.339655497650213, 17.520233294697476, 0.0 ], [ 80.347152748805243, 17.509245315485, 0.0 ], [ 80.348117231841925, 17.500811966024248, 0.0 ], [ 80.346491732494343, 17.485159826945452, 0.0 ], [ 80.360473606532295, 17.486376564040768, 0.0 ], [ 80.359679264808662, 17.496986906207599, 0.0 ], [ 80.361019261074475, 17.500979781661346, 0.0 ], [ 80.371132200735104, 17.505149982390797, 0.0 ], [ 80.376812253534681, 17.508675228403501, 0.0 ], [ 80.37923660255494, 17.512198390327448, 0.0 ], [ 80.396812773623523, 17.528211806149493, 0.0 ], [ 80.400672191809448, 17.527883631243295, 0.0 ], [ 80.402009212866858, 17.521012442769702, 0.0 ], [ 80.403726603011705, 17.516465069853588, 0.0 ], [ 80.405796579268866, 17.513459573402358, 0.0 ], [ 80.407394527727433, 17.512036115409959, 0.0 ], [ 80.411715474398434, 17.511644654741502, 0.0 ], [ 80.415919015170587, 17.510109191256827, 0.0 ], [ 80.423992457318363, 17.50448812780342, 0.0 ], [ 80.423640461216536, 17.500979648761316, 0.0 ], [ 80.431316877072319, 17.497315741686261, 0.0 ], [ 80.430479159195642, 17.494548643781108, 0.0 ], [ 80.428580761372544, 17.493743256216874, 0.0 ], [ 80.414751937991156, 17.47412586041526, 0.0 ], [ 80.408141580951451, 17.465980714483248, 0.0 ], [ 80.401782544157655, 17.459661908432142, 0.0 ], [ 80.403442454804633, 17.452825604871059, 0.0 ], [ 80.402668143818673, 17.452876473412601, 0.0 ], [ 80.402011339564254, 17.450411824419035, 0.0 ], [ 80.393351918786806, 17.436301818977491, 0.0 ], [ 80.383948006052975, 17.424980487733027, 0.0 ], [ 80.3758900330741, 17.416892077980908, 0.0 ], [ 80.385084373326848, 17.414695359967876, 0.0 ], [ 80.391167319432157, 17.417673537169588, 0.0 ], [ 80.399319106940382, 17.418554578799455, 0.0 ], [ 80.406203456346574, 17.421059257071388, 0.0 ], [ 80.407997922639439, 17.420660855120644, 0.0 ], [ 80.411663331490075, 17.417587990905069, 0.0 ], [ 80.428318241461668, 17.412430990463289, 0.0 ], [ 80.429679669868918, 17.411124884897312, 0.0 ], [ 80.434087184840664, 17.412570769598613, 0.0 ], [ 80.433983374456815, 17.413364223660846, 0.0 ], [ 80.436750358026799, 17.412623348350191, 0.0 ], [ 80.444351268952587, 17.412479411348297, 0.0 ], [ 80.447438046859787, 17.411198261694846, 0.0 ], [ 80.449714990321056, 17.40524838518057, 0.0 ], [ 80.449641572250343, 17.402987958944667, 0.0 ], [ 80.457550170227179, 17.400312817689485, 0.0 ], [ 80.465492686514153, 17.395770285653391, 0.0 ], [ 80.472906426653211, 17.388490152104758, 0.0 ], [ 80.477255494722357, 17.385797322437551, 0.0 ], [ 80.4743708506209, 17.382321117254538, 0.0 ], [ 80.472722758197605, 17.382999074543427, 0.0 ], [ 80.471037312281069, 17.38106378902204, 0.0 ], [ 80.468631213739755, 17.380561563524545, 0.0 ], [ 80.467529976420948, 17.377066453159188, 0.0 ], [ 80.468434191041936, 17.376261763210149, 0.0 ], [ 80.465897274182552, 17.370311397604333, 0.0 ], [ 80.470464370716968, 17.370714452311955, 0.0 ], [ 80.473161974275683, 17.372803632593016, 0.0 ], [ 80.475149005505514, 17.372704461973672, 0.0 ], [ 80.479537124319393, 17.374816330598772, 0.0 ], [ 80.485870055631494, 17.374739986639518, 0.0 ], [ 80.490959992453185, 17.373505947802041, 0.0 ], [ 80.496473763889, 17.367976616752642, 0.0 ], [ 80.498460721529469, 17.366796025351501, 0.0 ], [ 80.501219768240176, 17.366565429910789, 0.0 ], [ 80.500866610955327, 17.360231106807916, 0.0 ], [ 80.49922814975865, 17.356776834054028, 0.0 ], [ 80.498597351313776, 17.352694148495193, 0.0 ], [ 80.498635055503257, 17.341910743171098, 0.0 ], [ 80.507324946788742, 17.326253223126109, 0.0 ], [ 80.506538639021812, 17.321926287445848, 0.0 ], [ 80.50308817554901, 17.318408716211554, 0.0 ], [ 80.500626249253926, 17.317540646309322, 0.0 ], [ 80.498465732892171, 17.315519658844842, 0.0 ], [ 80.497538367745676, 17.316763461074608, 0.0 ], [ 80.495523716869002, 17.31658711720263, 0.0 ], [ 80.494817688298511, 17.31548387819273, 0.0 ], [ 80.494036318154414, 17.316813120385451, 0.0 ], [ 80.492699509977314, 17.315632998053182, 0.0 ], [ 80.492021693137104, 17.316564411980291, 0.0 ], [ 80.489677469542826, 17.316537207848121, 0.0 ], [ 80.486015432814511, 17.315506118226548, 0.0 ], [ 80.483007816755645, 17.312991939474625, 0.0 ], [ 80.480169398298088, 17.313168057550389, 0.0 ], [ 80.479595111668559, 17.314049730904006, 0.0 ], [ 80.475589204301443, 17.315080171105294, 0.0 ], [ 80.471522284268474, 17.315029883467979, 0.0 ], [ 80.47262473372227, 17.307786826846588, 0.0 ], [ 80.472205981468974, 17.30657949672689, 0.0 ], [ 80.467988955177148, 17.304413224995134, 0.0 ], [ 80.467203131843121, 17.303106369994136, 0.0 ], [ 80.469350191377004, 17.298481331171235, 0.0 ], [ 80.468202067217121, 17.296668084029584, 0.0 ], [ 80.472942692799535, 17.288878297170761, 0.0 ], [ 80.473104216578207, 17.277533964764078, 0.0 ], [ 80.476531069892133, 17.271575112193968, 0.0 ], [ 80.478743660794677, 17.264784080683672, 0.0 ], [ 80.482052178060755, 17.26191772269387, 0.0 ], [ 80.484748660410204, 17.26114023401902, 0.0 ], [ 80.489413238277805, 17.258104776834678, 0.0 ], [ 80.491539137971444, 17.26108638441994, 0.0 ], [ 80.492804957364953, 17.260661362187779, 0.0 ], [ 80.49440025194373, 17.26179179291799, 0.0 ], [ 80.4944472038665, 17.264757890612689, 0.0 ], [ 80.499341302205366, 17.266914248963076, 0.0 ], [ 80.515077414335266, 17.259218157878092, 0.0 ], [ 80.546995714116051, 17.275314406911235, 0.0 ], [ 80.561089802221559, 17.272873717101074, 0.0 ], [ 80.572141506801685, 17.265043649553864, 0.0 ], [ 80.577293751095581, 17.287025129918469, 0.0 ], [ 80.596487108441636, 17.288215451837768, 0.0 ], [ 80.600653083244765, 17.262111145689467, 0.0 ], [ 80.602195007644383, 17.259157877229001, 0.0 ], [ 80.60353593233215, 17.258673467522346, 0.0 ], [ 80.604970145790702, 17.256728473592684, 0.0 ], [ 80.608484760917975, 17.255885746263182, 0.0 ], [ 80.612951025096621, 17.256737943897097, 0.0 ], [ 80.615392404908974, 17.255267156297613, 0.0 ], [ 80.617529136203814, 17.255953244164594, 0.0 ], [ 80.622236977791289, 17.251885768725675, 0.0 ], [ 80.624010915011965, 17.251758134277953, 0.0 ], [ 80.626849252869377, 17.253072190166517, 0.0 ], [ 80.628146070489947, 17.257294509822064, 0.0 ], [ 80.632349791294615, 17.259575310549742, 0.0 ], [ 80.63432446081606, 17.257096262564808, 0.0 ], [ 80.633752013897379, 17.252516370230836, 0.0 ], [ 80.632000506530673, 17.251002714619339, 0.0 ], [ 80.632785628492201, 17.249705464089658, 0.0 ], [ 80.649489936819435, 17.250118638931969, 0.0 ], [ 80.653852009887686, 17.255609060741151, 0.0 ], [ 80.653161728559866, 17.257495015930274, 0.0 ], [ 80.653690916052227, 17.26019849568797, 0.0 ], [ 80.652849928590314, 17.261971456389496, 0.0 ], [ 80.653119961654326, 17.264290857658278, 0.0 ], [ 80.654521402746099, 17.269073484602117, 0.0 ], [ 80.65574951885732, 17.268918885196332, 0.0 ], [ 80.65611332834203, 17.270740774482721, 0.0 ], [ 80.652850229452156, 17.274346756876412, 0.0 ], [ 80.651194460051656, 17.281559617679953, 0.0 ], [ 80.649445394922722, 17.283708571620629, 0.0 ], [ 80.651638419481102, 17.283589448173331, 0.0 ], [ 80.64987066954383, 17.285978047646175, 0.0 ], [ 80.652153895763036, 17.286754101804597, 0.0 ], [ 80.656144319007481, 17.286041343555507, 0.0 ], [ 80.658286375523588, 17.286817477262147, 0.0 ], [ 80.660615088593886, 17.297124561779956, 0.0 ], [ 80.662290832726853, 17.297340348578448, 0.0 ], [ 80.665019782191777, 17.296176169090732, 0.0 ], [ 80.669492443349, 17.297804941567772, 0.0 ], [ 80.67260716399602, 17.296545488916848, 0.0 ], [ 80.677294904837765, 17.296405993011199, 0.0 ], [ 80.684973105488126, 17.29319376842211, 0.0 ], [ 80.691172617496903, 17.28930885124246, 0.0 ], [ 80.695539488899314, 17.288599556571835, 0.0 ], [ 80.698364908560649, 17.290134272083453, 0.0 ], [ 80.708828463259678, 17.299917616360638, 0.0 ], [ 80.722422838535948, 17.305284322761775, 0.0 ], [ 80.725686613120857, 17.302825750277492, 0.0 ], [ 80.72745176366152, 17.298885692326195, 0.0 ], [ 80.727586967216766, 17.289657320993282, 0.0 ], [ 80.726786192525992, 17.289016145616316, 0.0 ], [ 80.727312507637123, 17.288373602483819, 0.0 ], [ 80.730759686722806, 17.287812955866894, 0.0 ], [ 80.747514021221932, 17.290537904429687, 0.0 ], [ 80.748519213291289, 17.291497219169006, 0.0 ], [ 80.749800771593272, 17.300000562310569, 0.0 ], [ 80.751272940429118, 17.302869899998214, 0.0 ], [ 80.761007144723663, 17.31389041686467, 0.0 ], [ 80.775390610964223, 17.308219779059176, 0.0 ], [ 80.777352261525834, 17.31542957021399, 0.0 ], [ 80.776231667964268, 17.328619895112887, 0.0 ], [ 80.778710796054767, 17.33732477562226, 0.0 ], [ 80.803728809297368, 17.338434457808876, 0.0 ], [ 80.812798330527698, 17.337078551932098, 0.0 ], [ 80.81928495588447, 17.351256831392863, 0.0 ], [ 80.828642243597258, 17.361243703916941, 0.0 ], [ 80.833402261043545, 17.363980783837409, 0.0 ], [ 80.845136275488159, 17.367258112056518, 0.0 ], [ 80.851901210802453, 17.366717992409214, 0.0 ], [ 80.859932818711769, 17.364702565909411, 0.0 ], [ 80.862230170357037, 17.348208521235094, 0.0 ], [ 80.865284136203826, 17.344938962479073, 0.0 ], [ 80.865517717206956, 17.341416437761662, 0.0 ], [ 80.867933175604477, 17.334074130574741, 0.0 ], [ 80.86758598082686, 17.329697983719583, 0.0 ], [ 80.871468852954806, 17.324265640972769, 0.0 ], [ 80.872189159229933, 17.321822836244756, 0.0 ], [ 80.868887434660508, 17.283197563878801, 0.0 ], [ 80.876193950237791, 17.264732663007386, 0.0 ], [ 80.875646252355793, 17.263788666107128, 0.0 ], [ 80.872981255344499, 17.263029196453971, 0.0 ], [ 80.872738054395128, 17.261347639509694, 0.0 ], [ 80.869770210767797, 17.257125257968799, 0.0 ], [ 80.866333514344163, 17.246211749975849, 0.0 ], [ 80.865255321693184, 17.235768845748886, 0.0 ], [ 80.867984621236545, 17.233399344712048, 0.0 ], [ 80.87123503794254, 17.2329596646486, 0.0 ], [ 80.871909348669419, 17.233740682952085, 0.0 ], [ 80.874558013014806, 17.233537172040165, 0.0 ], [ 80.875232608391002, 17.232003173673721, 0.0 ], [ 80.877921739894958, 17.230849950418534, 0.0 ], [ 80.889395071709487, 17.2273114238617, 0.0 ], [ 80.899647631811987, 17.222856760201868, 0.0 ], [ 80.914714084316614, 17.21901174126393, 0.0 ], [ 80.918842290868426, 17.220007508759092, 0.0 ], [ 80.916722049675343, 17.216362726093415, 0.0 ], [ 80.916725371323523, 17.211230765500421, 0.0 ], [ 80.918821166899349, 17.203476619264169, 0.0 ], [ 80.920629468020635, 17.202121078423495, 0.0 ], [ 80.921011924651452, 17.20054678459967, 0.0 ], [ 80.920137850594116, 17.196592144457014, 0.0 ], [ 80.920586437155606, 17.195180452093943, 0.0 ], [ 80.918975193356985, 17.194062302725971, 0.0 ], [ 80.918251175869585, 17.189854072535365, 0.0 ], [ 80.922670357248279, 17.188588402885166, 0.0 ], [ 80.923836579066574, 17.186225797270534, 0.0 ], [ 80.926399576733445, 17.183751862080531, 0.0 ], [ 80.924577345458559, 17.169869532837552, 0.0 ], [ 80.925198391417382, 17.167747558689634, 0.0 ], [ 80.92360933859635, 17.165933036746029, 0.0 ], [ 80.923091406520712, 17.16129034399065, 0.0 ], [ 80.923959434723685, 17.158118920620634, 0.0 ], [ 80.916556929800421, 17.153964583038029, 0.0 ], [ 80.905928271371806, 17.154301603950227, 0.0 ], [ 80.892370013437656, 17.159644533293232, 0.0 ], [ 80.887591086794956, 17.15948597331078, 0.0 ], [ 80.881541559134448, 17.161418698973396, 0.0 ], [ 80.87943805423285, 17.160830094484439, 0.0 ], [ 80.877700066429881, 17.149813857266182, 0.0 ], [ 80.878250393367821, 17.135139907064229, 0.0 ], [ 80.87363889990155, 17.128772443960681, 0.0 ], [ 80.86929915250947, 17.126686527998821, 0.0 ], [ 80.867740615427323, 17.123130611970144, 0.0 ], [ 80.868300089183947, 17.120547692295851, 0.0 ], [ 80.873451685315388, 17.114375559623838, 0.0 ], [ 80.87569909405785, 17.109316311185406, 0.0 ], [ 80.876430223418879, 17.105589139713231, 0.0 ], [ 80.873891773366722, 17.098539640549575, 0.0 ], [ 80.874305996851959, 17.096291582691439, 0.0 ], [ 80.875296888232455, 17.095647700412709, 0.0 ], [ 80.868329183325415, 17.08365735871072, 0.0 ], [ 80.867580966952133, 17.080449909742637, 0.0 ], [ 80.868709436132619, 17.077997144065225, 0.0 ], [ 80.876108146823583, 17.074877741680872, 0.0 ], [ 80.877228213080286, 17.070557406423845, 0.0 ], [ 80.875475437308054, 17.070981012176929, 0.0 ], [ 80.874326266722321, 17.069897771493345, 0.0 ], [ 80.871491348192222, 17.069834978888988, 0.0 ], [ 80.867927071251131, 17.064405903325138, 0.0 ], [ 80.865509181329458, 17.05855883436098, 0.0 ], [ 80.859109743874257, 17.052609965509678, 0.0 ], [ 80.855841058763929, 17.046515437003301, 0.0 ], [ 80.845309455426872, 17.03996722019906, 0.0 ], [ 80.84078973147983, 17.046707448986037, 0.0 ], [ 80.828822558657379, 17.05276752491444, 0.0 ], [ 80.810413442051129, 17.055322890651631, 0.0 ], [ 80.804065896498258, 17.057502564139263, 0.0 ], [ 80.798735989720271, 17.061236068249539, 0.0 ], [ 80.790460764125925, 17.063463293177023, 0.0 ], [ 80.78228210242456, 17.064324398305377, 0.0 ], [ 80.779331467189351, 17.065413496530585, 0.0 ], [ 80.764980416660762, 17.066612068276999, 0.0 ], [ 80.750894044782044, 17.072620592088267, 0.0 ], [ 80.746467203904203, 17.077771571712521, 0.0 ], [ 80.744646640068936, 17.07693713127053, 0.0 ], [ 80.738881325950445, 17.079588912517725, 0.0 ], [ 80.736800927289423, 17.077687611136966, 0.0 ], [ 80.726996360960968, 17.079945629374897, 0.0 ], [ 80.72106309628974, 17.079884030036212, 0.0 ], [ 80.71058096053595, 17.081884334328002, 0.0 ], [ 80.705356409562867, 17.080777026840437, 0.0 ], [ 80.699449690687246, 17.083794224376039, 0.0 ], [ 80.698982029623409, 17.081601559143085, 0.0 ], [ 80.697792669532063, 17.081765433854564, 0.0 ], [ 80.696432446849258, 17.08025640357652, 0.0 ], [ 80.69726603529223, 17.077063310872692, 0.0 ], [ 80.694936204628576, 17.074411142008778, 0.0 ], [ 80.690722889963226, 17.07339751748497, 0.0 ], [ 80.682636162727775, 17.072975045544631, 0.0 ], [ 80.681173123552099, 17.071949854725975, 0.0 ], [ 80.679640839158481, 17.072303851912586, 0.0 ], [ 80.678953749478467, 17.071495084292145, 0.0 ], [ 80.676376971589832, 17.071026925889097, 0.0 ], [ 80.673439801015604, 17.066914485122091, 0.0 ], [ 80.671710610174856, 17.067856439342183, 0.0 ], [ 80.671040442010522, 17.070312378638025, 0.0 ], [ 80.666379394564103, 17.067756741881176, 0.0 ], [ 80.653785837438306, 17.068887641242839, 0.0 ], [ 80.649890613064528, 17.071644163782665, 0.0 ], [ 80.657093168234226, 17.089558819257054, 0.0 ], [ 80.65889081620476, 17.091560660123079, 0.0 ], [ 80.668052726948062, 17.094926831290731, 0.0 ], [ 80.670554771457091, 17.101187538994363, 0.0 ], [ 80.665597561505834, 17.105120854300218, 0.0 ], [ 80.655811582009164, 17.109839897549715, 0.0 ], [ 80.64923902154537, 17.111363940910277, 0.0 ], [ 80.641939815647234, 17.115962991880291, 0.0 ], [ 80.645481553322753, 17.123516472634115, 0.0 ], [ 80.636296389541442, 17.12852811206977, 0.0 ], [ 80.627903007658048, 17.129898824838616, 0.0 ], [ 80.619437138300952, 17.128049880697034, 0.0 ], [ 80.618252270163651, 17.128421333133989, 0.0 ], [ 80.61872320652644, 17.129533358855461, 0.0 ], [ 80.616965814550156, 17.131854020368415, 0.0 ], [ 80.606621621211573, 17.135264328654205, 0.0 ], [ 80.600939622610909, 17.142280212407943, 0.0 ], [ 80.579997153150899, 17.153344721115396, 0.0 ], [ 80.578185179359579, 17.150293253543193, 0.0 ], [ 80.576548213597718, 17.149516093003349, 0.0 ], [ 80.563162520692046, 17.133378047851135, 0.0 ], [ 80.55730265887658, 17.132398596042037, 0.0 ], [ 80.554269811693942, 17.133873387413793, 0.0 ], [ 80.548799768703191, 17.131062313489139, 0.0 ], [ 80.542322865817951, 17.124877892742376, 0.0 ], [ 80.535771859254027, 17.122961886472627, 0.0 ], [ 80.531327532085299, 17.120109458354179, 0.0 ], [ 80.527565470327161, 17.119187501580186, 0.0 ], [ 80.514060323321516, 17.122326934876064, 0.0 ], [ 80.513829342980898, 17.113853247726585, 0.0 ], [ 80.512883740458236, 17.109245595665108, 0.0 ], [ 80.505496379881237, 17.09824002299095, 0.0 ], [ 80.504033945044128, 17.092642045642553, 0.0 ], [ 80.503925813249296, 17.091837215061144, 0.0 ], [ 80.50549618704953, 17.090344989995508, 0.0 ], [ 80.510061314418763, 17.087179596128703, 0.0 ], [ 80.505377961495896, 17.068739828420192, 0.0 ], [ 80.497654016409598, 17.062929378070965, 0.0 ], [ 80.493855680485225, 17.058086491417804, 0.0 ], [ 80.490913166393838, 17.05124482951128, 0.0 ], [ 80.485977294565743, 17.052361434035905, 0.0 ], [ 80.471357969801119, 17.050646193987305, 0.0 ], [ 80.467960672818748, 17.041981879514921, 0.0 ], [ 80.464841612210861, 17.03030140490797, 0.0 ], [ 80.458669688607699, 17.032172381630236, 0.0 ], [ 80.45877764319215, 17.033017961082098, 0.0 ], [ 80.453282488327503, 17.035038062148121, 0.0 ], [ 80.438611729581424, 17.037860614750684, 0.0 ], [ 80.431705119324889, 17.055801167611733, 0.0 ], [ 80.425271770122023, 17.062649588173787, 0.0 ], [ 80.42348389091346, 17.06640209604171, 0.0 ], [ 80.417030743030594, 17.073887816383806, 0.0 ], [ 80.418537950607615, 17.078704095114738, 0.0 ], [ 80.417758231712057, 17.08810011699499, 0.0 ], [ 80.418964874264361, 17.092301310727706, 0.0 ], [ 80.41206262195756, 17.092461284052362, 0.0 ], [ 80.409387631106981, 17.091759296609325, 0.0 ], [ 80.407851938184052, 17.08785184349226, 0.0 ], [ 80.404434379760048, 17.08676058596377, 0.0 ], [ 80.40495743156356, 17.084305482127139, 0.0 ], [ 80.403801901079262, 17.082238502531357, 0.0 ], [ 80.400618925740474, 17.082237093497731, 0.0 ], [ 80.39686454350614, 17.078210861315032, 0.0 ], [ 80.391008387888107, 17.074943220755706, 0.0 ], [ 80.387249222415434, 17.071567999894427, 0.0 ], [ 80.385769957571156, 17.068659735283759, 0.0 ], [ 80.385775684144392, 17.066900694501712, 0.0 ], [ 80.391659912575136, 17.061296751596689, 0.0 ], [ 80.393636721231942, 17.056979367778947, 0.0 ], [ 80.393816520370734, 17.054768287640965, 0.0 ], [ 80.39522704600553, 17.05428970979743, 0.0 ], [ 80.395420231303291, 17.053412584596053, 0.0 ], [ 80.39849494757695, 17.052604673753162, 0.0 ], [ 80.398233357310517, 17.049366870345811, 0.0 ], [ 80.395917359275913, 17.046607413932541, 0.0 ], [ 80.396531738860276, 17.040394700785086, 0.0 ], [ 80.395758564050709, 17.035727807947495, 0.0 ], [ 80.400738177346071, 17.032189475734697, 0.0 ], [ 80.400024319152564, 17.030990900755331, 0.0 ], [ 80.403625625166043, 17.029125033639396, 0.0 ], [ 80.407476646210554, 17.025835418292168, 0.0 ], [ 80.407034871106845, 17.015796631576176, 0.0 ], [ 80.399948968327081, 17.012577731812613, 0.0 ], [ 80.387853394083976, 17.009266267950302, 0.0 ], [ 80.386920824522534, 17.004585576810225, 0.0 ], [ 80.38110188893593, 16.997993934942798, 0.0 ], [ 80.375764400332244, 16.988698325672647, 0.0 ], [ 80.373744993777493, 16.986662355870394, 0.0 ], [ 80.371564768124344, 16.98634900157575, 0.0 ], [ 80.368071801250281, 16.981476757091809, 0.0 ], [ 80.366615092371944, 16.981435134640584, 0.0 ], [ 80.363404569586876, 16.976065561735048, 0.0 ], [ 80.36693416119374, 16.975172397418543, 0.0 ], [ 80.371355489197711, 16.975808178462692, 0.0 ], [ 80.376304998415577, 16.973495895233867, 0.0 ], [ 80.407651324909622, 16.963965900057335, 0.0 ], [ 80.419398630073317, 16.962568905274491, 0.0 ], [ 80.449650591388846, 16.955044534099962, 0.0 ], [ 80.456459389351721, 16.952084113515976, 0.0 ], [ 80.467417057725513, 16.945728166223656, 0.0 ], [ 80.472999564487466, 16.938765035241396, 0.0 ], [ 80.482011138984376, 16.93240803912164, 0.0 ], [ 80.493427340977036, 16.927710268322013, 0.0 ], [ 80.494136336164786, 16.938802770179905, 0.0 ], [ 80.496255114987548, 16.946413392072564, 0.0 ], [ 80.495592565794453, 16.949994787766695, 0.0 ], [ 80.499229034731158, 16.956334620082632, 0.0 ], [ 80.501700542676943, 16.957379239254571, 0.0 ], [ 80.505459339059456, 16.956538054328693, 0.0 ], [ 80.510853091414731, 16.954028126100194, 0.0 ], [ 80.520169819101582, 16.95115146394166, 0.0 ], [ 80.52610348304745, 16.947881381493271, 0.0 ], [ 80.534675761461401, 16.961694801165994, 0.0 ], [ 80.545749303302102, 16.957206900352553, 0.0 ], [ 80.557751591817052, 16.948793069935018, 0.0 ], [ 80.567000843845747, 16.943445354010347, 0.0 ], [ 80.570960805429337, 16.941562949795227, 0.0 ], [ 80.573464939090996, 16.941602729637641, 0.0 ], [ 80.575451027652647, 16.938423013130674, 0.0 ], [ 80.577583684640686, 16.937698776044549, 0.0 ], [ 80.578255675040793, 16.938200508379115, 0.0 ], [ 80.580956388841884, 16.936435886828484, 0.0 ], [ 80.581885857159605, 16.93476243860896, 0.0 ], [ 80.581307103699274, 16.932546792991637, 0.0 ], [ 80.584035086460332, 16.929086413552962, 0.0 ], [ 80.590381189349586, 16.927374451369765, 0.0 ], [ 80.591198238238462, 16.92665510821919, 0.0 ], [ 80.591689951736896, 16.923272436369423, 0.0 ], [ 80.596890803264202, 16.924138379552335, 0.0 ], [ 80.598200076930056, 16.921343207320689, 0.0 ], [ 80.599557715935603, 16.921437483426985, 0.0 ], [ 80.60205074784173, 16.91869593045768, 0.0 ], [ 80.594563900391051, 16.911278763073035, 0.0 ], [ 80.592340181409625, 16.907445061075425, 0.0 ], [ 80.591315752103952, 16.90649131216157, 0.0 ], [ 80.588168260866468, 16.905882211596769, 0.0 ], [ 80.58712000320358, 16.904177812084292, 0.0 ], [ 80.587654729007539, 16.902576808268339, 0.0 ], [ 80.594797610436757, 16.899173160002118, 0.0 ], [ 80.595749941071006, 16.89681218830955, 0.0 ], [ 80.594955289440577, 16.89504445768662, 0.0 ], [ 80.596239745241164, 16.889762036949978, 0.0 ], [ 80.59588976752346, 16.884905469239719, 0.0 ], [ 80.592840561084827, 16.88293973869197, 0.0 ], [ 80.585057696331091, 16.882115547593369, 0.0 ], [ 80.577537102388035, 16.879237895509153, 0.0 ], [ 80.568215485685457, 16.86958636262337, 0.0 ], [ 80.571185297701035, 16.861120010620979, 0.0 ], [ 80.570119462416812, 16.848806649236685, 0.0 ], [ 80.562826309830868, 16.833126197165388, 0.0 ], [ 80.565510170238355, 16.827128995647524, 0.0 ], [ 80.577388320805781, 16.823620404186666, 0.0 ], [ 80.584525484837826, 16.813234760553666, 0.0 ], [ 80.586149827146585, 16.812777393257271, 0.0 ], [ 80.588631745609746, 16.80870643448219, 0.0 ], [ 80.59095043611255, 16.80748440281431, 0.0 ], [ 80.594398989358623, 16.80280696460261, 0.0 ], [ 80.598524970603393, 16.801267581931771, 0.0 ], [ 80.599913861843945, 16.799747414447094, 0.0 ], [ 80.605321401467094, 16.797954034064826, 0.0 ], [ 80.607667514389988, 16.795872632333936, 0.0 ], [ 80.612544443260461, 16.794310013998942, 0.0 ], [ 80.612966564166015, 16.793540940553644, 0.0 ], [ 80.610543737763663, 16.792949873746679, 0.0 ], [ 80.609863769813629, 16.794184783153185, 0.0 ], [ 80.600863630287762, 16.793343543863259, 0.0 ], [ 80.599478194719453, 16.792213652256997, 0.0 ], [ 80.597107384837983, 16.792205712745165, 0.0 ], [ 80.596867129782126, 16.790550777188457, 0.0 ], [ 80.595603713218082, 16.789371058435588, 0.0 ], [ 80.592979116207019, 16.788648609746556, 0.0 ], [ 80.593156839694061, 16.787242184146592, 0.0 ], [ 80.590128650648154, 16.78660586648256, 0.0 ], [ 80.588386392671836, 16.785245417915675, 0.0 ], [ 80.587164484437253, 16.78224768072953, 0.0 ], [ 80.584953957573404, 16.783550953750876, 0.0 ], [ 80.583450790603948, 16.781326627971659, 0.0 ], [ 80.576872398518987, 16.77714612549174, 0.0 ], [ 80.573213152844843, 16.770667050527617, 0.0 ], [ 80.570240848592562, 16.76800902185408, 0.0 ], [ 80.567908390270247, 16.769294096166053, 0.0 ], [ 80.562233550010006, 16.770390217377194, 0.0 ], [ 80.551583930747327, 16.77501029309429, 0.0 ], [ 80.52858707040788, 16.775353843614244, 0.0 ], [ 80.526192912186616, 16.774585313960493, 0.0 ], [ 80.504393161323108, 16.778688583111453, 0.0 ], [ 80.498468606042664, 16.782307811652302, 0.0 ], [ 80.494046904686044, 16.783690121615123, 0.0 ], [ 80.490741752177641, 16.787696693918026, 0.0 ], [ 80.486295761429488, 16.791110701963795, 0.0 ], [ 80.48115511687142, 16.792742860340503, 0.0 ], [ 80.464451158772249, 16.795449585690104, 0.0 ], [ 80.463815496825561, 16.80565139692126, 0.0 ], [ 80.465945904384711, 16.81242597858099, 0.0 ], [ 80.46612359369874, 16.816636166802851, 0.0 ], [ 80.464240220653878, 16.819977759303075, 0.0 ], [ 80.460159937965798, 16.820040328036505, 0.0 ], [ 80.456741363556759, 16.82207013189209, 0.0 ], [ 80.453271277577741, 16.823010001042409, 0.0 ], [ 80.451721642360113, 16.824013552669992, 0.0 ], [ 80.450068031289703, 16.827228467175537, 0.0 ], [ 80.441408553521967, 16.83078060491853, 0.0 ], [ 80.440876936263976, 16.83427154049836, 0.0 ], [ 80.438200428565466, 16.834248183975532, 0.0 ], [ 80.434400631021276, 16.837426099359256, 0.0 ], [ 80.428544834325251, 16.838120717074624, 0.0 ], [ 80.429706398233549, 16.84672667590166, 0.0 ], [ 80.427931215088933, 16.84688434001551, 0.0 ], [ 80.427709442293619, 16.849796515855438, 0.0 ], [ 80.412122549339372, 16.851902501428878, 0.0 ], [ 80.412061035571369, 16.85294255467635, 0.0 ], [ 80.402319846748853, 16.856099309595123, 0.0 ], [ 80.393859843461769, 16.860427416758398, 0.0 ], [ 80.3852593106147, 16.863289982416322, 0.0 ], [ 80.384037146517215, 16.865256470570642, 0.0 ], [ 80.382708017493556, 16.865287352224485, 0.0 ], [ 80.38292492024955, 16.863826860503192, 0.0 ], [ 80.380299611968226, 16.863938441358069, 0.0 ], [ 80.378812174724033, 16.861830323007553, 0.0 ], [ 80.380613749825045, 16.857155476059638, 0.0 ], [ 80.38249267520591, 16.856233976294643, 0.0 ], [ 80.382765709088304, 16.855184963770647, 0.0 ], [ 80.378367420960444, 16.851989918340532, 0.0 ], [ 80.383473214231714, 16.850025636967079, 0.0 ], [ 80.407780355113871, 16.848513579757071, 0.0 ], [ 80.406577609824851, 16.839807945836583, 0.0 ], [ 80.404200420461279, 16.832331823736517, 0.0 ], [ 80.399691914326894, 16.833831093503989, 0.0 ], [ 80.397178228981829, 16.827828993815782, 0.0 ], [ 80.395187745510754, 16.827154253551146, 0.0 ], [ 80.392158771169349, 16.827853716107292, 0.0 ], [ 80.391507505150571, 16.825226010706913, 0.0 ], [ 80.390287145285967, 16.824537948968572, 0.0 ], [ 80.387521020570631, 16.825477168457574, 0.0 ], [ 80.386065792013014, 16.824902039565607, 0.0 ], [ 80.38574742227064, 16.823242287479932, 0.0 ], [ 80.387317940312769, 16.819245534182805, 0.0 ], [ 80.386000168137471, 16.816536032931523, 0.0 ], [ 80.383150407342072, 16.816091313878903, 0.0 ], [ 80.379641756835028, 16.81833691092011, 0.0 ], [ 80.374335681320289, 16.826405883011198, 0.0 ], [ 80.37368164571987, 16.828517374882381, 0.0 ], [ 80.374336835671528, 16.832013326509927, 0.0 ], [ 80.378437492617351, 16.837265949457059, 0.0 ], [ 80.379599562052803, 16.841363600408201, 0.0 ], [ 80.378058998313364, 16.841905439636669, 0.0 ], [ 80.37337863848596, 16.839781823924394, 0.0 ], [ 80.373059542364729, 16.846845217412362, 0.0 ], [ 80.374065603989862, 16.852394453310048, 0.0 ], [ 80.364492994776867, 16.855400275316111, 0.0 ], [ 80.355508443624686, 16.856669636056896, 0.0 ], [ 80.349382796057171, 16.859120877560702, 0.0 ], [ 80.340633230591365, 16.859675210678688, 0.0 ], [ 80.341767206688544, 16.862877742972959, 0.0 ], [ 80.341629178949418, 16.865111603993711, 0.0 ], [ 80.343012472755191, 16.86777158719897, 0.0 ], [ 80.344007591885713, 16.874370067544607, 0.0 ], [ 80.33132869845349, 16.87780620034755, 0.0 ], [ 80.323898024884798, 16.878379010438923, 0.0 ], [ 80.32169886043404, 16.87962986456608, 0.0 ], [ 80.324972953239794, 16.900334627056207, 0.0 ], [ 80.323792900503619, 16.906709737152667, 0.0 ], [ 80.320180899825274, 16.91165371547719, 0.0 ], [ 80.315601699952964, 16.915783023557339, 0.0 ], [ 80.311574792532639, 16.916941624374637, 0.0 ], [ 80.313859493014689, 16.925110485942021, 0.0 ], [ 80.312698572389365, 16.935600483439366, 0.0 ], [ 80.313093236224915, 16.94052528560076, 0.0 ], [ 80.31662338584529, 16.948613705085915, 0.0 ], [ 80.308262276330197, 16.951513972654606, 0.0 ], [ 80.305003813754951, 16.953980051316954, 0.0 ], [ 80.306589062877265, 16.966466652346696, 0.0 ], [ 80.306576930957078, 16.974072608123041, 0.0 ], [ 80.301269765813885, 16.976143319580135, 0.0 ], [ 80.293506195306293, 16.976940822630255, 0.0 ], [ 80.292385266831175, 16.979340866613519, 0.0 ], [ 80.290263866592312, 16.981355567876726, 0.0 ], [ 80.291161139883783, 16.98605469049177, 0.0 ], [ 80.293519463334491, 16.991117174605087, 0.0 ], [ 80.29447861124433, 16.99525105315421, 0.0 ], [ 80.283101531532964, 17.007779036105788, 0.0 ], [ 80.280789261712755, 17.007722483277529, 0.0 ], [ 80.277201277241176, 17.005403493823483, 0.0 ], [ 80.270463287646464, 17.004265883727491, 0.0 ], [ 80.26688527669144, 17.001616662114841, 0.0 ], [ 80.26486926520964, 16.997517635955653, 0.0 ], [ 80.256849817244657, 16.999208859258335, 0.0 ], [ 80.25606226693246, 17.001382994608051, 0.0 ], [ 80.240392537477547, 17.002427123075101, 0.0 ], [ 80.24006426961121, 17.005397631559255, 0.0 ], [ 80.235812829540862, 17.007612651300015, 0.0 ], [ 80.22881923123731, 17.014685149843551, 0.0 ], [ 80.226153138750519, 17.015599738314648, 0.0 ], [ 80.222859648421391, 17.008116229760091, 0.0 ], [ 80.21621295158964, 17.008921425153716, 0.0 ], [ 80.211421527601274, 17.010551857654171, 0.0 ], [ 80.202049233009078, 17.017303684650017, 0.0 ], [ 80.20141104028022, 17.02288733608437, 0.0 ], [ 80.199581899990207, 17.026493224652025, 0.0 ], [ 80.200355703779849, 17.030722270096454, 0.0 ], [ 80.203193107489497, 17.034899994969813, 0.0 ], [ 80.2040904823792, 17.038288114019675, 0.0 ], [ 80.196452766236575, 17.04403365088136, 0.0 ], [ 80.192003567679421, 17.033536568946271, 0.0 ], [ 80.192634577890459, 17.02674564455371, 0.0 ], [ 80.187287082979338, 17.019955020014326, 0.0 ], [ 80.184696728635927, 17.020344581589548, 0.0 ], [ 80.180384227286652, 17.019022305720682, 0.0 ], [ 80.179099916861531, 17.016872474696594, 0.0 ], [ 80.177727987277507, 17.016603621911337, 0.0 ], [ 80.17016538645079, 17.016827177836248, 0.0 ], [ 80.167763810612016, 17.005590971137327, 0.0 ], [ 80.162021959346546, 17.004939860641166, 0.0 ], [ 80.15728502361064, 17.007414792903525, 0.0 ], [ 80.153356873840664, 17.006942698756323, 0.0 ], [ 80.146370998918769, 17.000256857081631, 0.0 ], [ 80.140236853090286, 16.990592322614578, 0.0 ], [ 80.136230498038586, 16.991973709005066, 0.0 ], [ 80.127855641836916, 16.992266726875826, 0.0 ], [ 80.120479527317741, 16.991222751555487, 0.0 ], [ 80.120396700376006, 16.987894379496858, 0.0 ], [ 80.109627312490005, 16.987214762320185, 0.0 ], [ 80.102547313031948, 16.990959348878402, 0.0 ], [ 80.095160580481846, 16.990651502576146, 0.0 ], [ 80.093952717608943, 16.983875309722279, 0.0 ], [ 80.094105489197375, 16.975858228155257, 0.0 ], [ 80.091484884340744, 16.968378373167557, 0.0 ], [ 80.08754254203771, 16.96838884913765, 0.0 ], [ 80.083380293268135, 16.970176006199186, 0.0 ], [ 80.072319673431181, 16.969932516202626, 0.0 ], [ 80.055438048206852, 16.971421830255792, 0.0 ], [ 80.056307556565031, 16.975516018620272, 0.0 ], [ 80.059405226919381, 16.9813331060781, 0.0 ], [ 80.061187169144972, 16.987256052758614, 0.0 ], [ 80.060522634405473, 16.99020297043797, 0.0 ], [ 80.056427409352921, 16.995326932305957, 0.0 ], [ 80.057593594947349, 16.997088352254643, 0.0 ], [ 80.056151399693135, 16.99893936277515, 0.0 ], [ 80.059935393654911, 17.000651982272661, 0.0 ], [ 80.05955279371733, 17.003640116196593, 0.0 ], [ 80.061997426921764, 17.009627721327639, 0.0 ], [ 80.060138458673805, 17.010772445568033, 0.0 ], [ 80.055134419628232, 17.010174199284016, 0.0 ], [ 80.050958340535388, 17.011354713024922, 0.0 ], [ 80.051327367403573, 17.012336687262852, 0.0 ], [ 80.049669521905685, 17.013857132568031, 0.0 ], [ 80.045794879976867, 17.014689936828095, 0.0 ], [ 80.04632949733454, 17.017245913514191, 0.0 ], [ 80.043578306256805, 17.017999711599913, 0.0 ], [ 80.041566378260185, 17.020147885555563, 0.0 ], [ 80.039275139644801, 17.021151327872481, 0.0 ], [ 80.039317220175278, 17.023254079134652, 0.0 ], [ 80.036870292400565, 17.024442521522499, 0.0 ], [ 80.038124512878781, 17.032770007845684, 0.0 ], [ 80.040347134616056, 17.03909195245901, 0.0 ], [ 80.039762865137476, 17.043752697256277, 0.0 ], [ 80.040734481826803, 17.048367121595454, 0.0 ], [ 80.039763642580454, 17.051453455697839, 0.0 ], [ 80.037916149927426, 17.053484288573898, 0.0 ], [ 80.035963785810992, 17.054117561704111, 0.0 ], [ 80.029407660398007, 17.05344749124842, 0.0 ], [ 80.022575265366399, 17.058180265135611, 0.0 ], [ 80.015682316871661, 17.066394461109567, 0.0 ], [ 80.012088397906183, 17.067299624192156, 0.0 ] ] ] } },
{ "type": "Feature", "properties": { "DISTRICT": "KUMURAM BHEEM", "Dist_LGD": "699" }, "geometry": { "type": "MultiPolygon", "coordinates": [ [ [ [ 78.998624165608717, 19.220553500492763, 0.0 ], [ 78.99785170228887, 19.222096945837873, 0.0 ], [ 78.999054285034603, 19.224552564673132, 0.0 ], [ 78.998289353844001, 19.225125238394607, 0.0 ], [ 78.998113467561268, 19.231282839245626, 0.0 ], [ 78.994440799353299, 19.234724954809479, 0.0 ], [ 78.992679054198675, 19.234482348808569, 0.0 ], [ 78.99095554674031, 19.236055140230601, 0.0 ], [ 78.988151318604025, 19.234771186375134, 0.0 ], [ 78.984782195143268, 19.23523520937448, 0.0 ], [ 78.978803897523434, 19.230131455664178, 0.0 ], [ 78.975459884629913, 19.232239061371882, 0.0 ], [ 78.972826699164344, 19.232807424807834, 0.0 ], [ 78.971358373954459, 19.232128786048904, 0.0 ], [ 78.968460927010966, 19.233656901031971, 0.0 ], [ 78.968038522173075, 19.23960953346954, 0.0 ], [ 78.966237805246891, 19.241294457639444, 0.0 ], [ 78.966413287753994, 19.244962124950604, 0.0 ], [ 78.962959493519861, 19.247077728372801, 0.0 ], [ 78.953257712753199, 19.249925157035346, 0.0 ], [ 78.954401019313309, 19.250836313958622, 0.0 ], [ 78.950692076542595, 19.253907132462132, 0.0 ], [ 78.948031343875897, 19.25430794352355, 0.0 ], [ 78.94510859256583, 19.252399545675832, 0.0 ], [ 78.941742646777257, 19.252397807647188, 0.0 ], [ 78.934798622348978, 19.260452228780466, 0.0 ], [ 78.928326628144262, 19.265326635314352, 0.0 ], [ 78.920927309861725, 19.267850711780842, 0.0 ], [ 78.916386821062645, 19.270761259506781, 0.0 ], [ 78.907981527158199, 19.278212402177584, 0.0 ], [ 78.898036010410792, 19.285543456266403, 0.0 ], [ 78.893983649259653, 19.290294717765121, 0.0 ], [ 78.893034628172927, 19.281429119129463, 0.0 ], [ 78.888097935287959, 19.277549924938775, 0.0 ], [ 78.888144948020454, 19.275324353893922, 0.0 ], [ 78.885521385173874, 19.272916229669093, 0.0 ], [ 78.883635164165085, 19.2746872071281, 0.0 ], [ 78.883191500624989, 19.277354458523384, 0.0 ], [ 78.88451622432548, 19.28536844645792, 0.0 ], [ 78.883108123881343, 19.291854147362663, 0.0 ], [ 78.88358512033976, 19.296006403475484, 0.0 ], [ 78.8885524569436, 19.306531984965908, 0.0 ], [ 78.888122082331165, 19.310004280105804, 0.0 ], [ 78.892086895186324, 19.319390638295314, 0.0 ], [ 78.888160813321647, 19.321011620932754, 0.0 ], [ 78.885114372769053, 19.321336462540511, 0.0 ], [ 78.878975964995078, 19.318893021174016, 0.0 ], [ 78.876506897847463, 19.32069845293443, 0.0 ], [ 78.875857903697039, 19.32608888689909, 0.0 ], [ 78.873860235559007, 19.329518652473464, 0.0 ], [ 78.869417448150557, 19.329597941630826, 0.0 ], [ 78.86554524135893, 19.330828294156312, 0.0 ], [ 78.857578471776321, 19.329007406013094, 0.0 ], [ 78.856736069295621, 19.351807921747564, 0.0 ], [ 78.85418570508773, 19.3687109428502, 0.0 ], [ 78.852148754757792, 19.36993688746664, 0.0 ], [ 78.846092319533554, 19.37115018540544, 0.0 ], [ 78.840672831037665, 19.370742828854056, 0.0 ], [ 78.83470281754137, 19.372394324779506, 0.0 ], [ 78.828694204095271, 19.375210185197975, 0.0 ], [ 78.824816161311887, 19.374773709981106, 0.0 ], [ 78.821358817205734, 19.377401519564948, 0.0 ], [ 78.821144221962953, 19.379119902992983, 0.0 ], [ 78.817438219907004, 19.37913618243169, 0.0 ], [ 78.815557768089803, 19.380927346194433, 0.0 ], [ 78.813437889574658, 19.380170371160432, 0.0 ], [ 78.810647308244754, 19.381042402388903, 0.0 ], [ 78.809094196849841, 19.383450798465041, 0.0 ], [ 78.810514659172455, 19.384260289026066, 0.0 ], [ 78.809907600192034, 19.386779145698842, 0.0 ], [ 78.812620991543696, 19.388773258712622, 0.0 ], [ 78.819574121877835, 19.386841121842355, 0.0 ], [ 78.820906025943387, 19.387962068290264, 0.0 ], [ 78.821882844598306, 19.391644607003066, 0.0 ], [ 78.821820504363203, 19.397206015377005, 0.0 ], [ 78.829747692289956, 19.407059471343238, 0.0 ], [ 78.829450007949447, 19.409585231864092, 0.0 ], [ 78.834301114544118, 19.41258875893817, 0.0 ], [ 78.84454906719732, 19.422743869022831, 0.0 ], [ 78.844754904948374, 19.423716005672873, 0.0 ], [ 78.841272322070907, 19.431458544258053, 0.0 ], [ 78.841387587312425, 19.434122822817631, 0.0 ], [ 78.84541131788184, 19.439936584425386, 0.0 ], [ 78.853047454305369, 19.447430098058057, 0.0 ], [ 78.855058734538048, 19.448185725260501, 0.0 ], [ 78.859979892417357, 19.448132904309542, 0.0 ], [ 78.862106021900345, 19.445444994216434, 0.0 ], [ 78.865448354985702, 19.444684879583967, 0.0 ], [ 78.884542275483923, 19.445645683314368, 0.0 ], [ 78.887238171419398, 19.450518712637425, 0.0 ], [ 78.89331718039027, 19.454897727959025, 0.0 ], [ 78.903851014464962, 19.474341797833787, 0.0 ], [ 78.905834579878317, 19.475065139215285, 0.0 ], [ 78.914637385250586, 19.473604210551464, 0.0 ], [ 78.918128231304948, 19.46692629003951, 0.0 ], [ 78.921127550166361, 19.463300806858637, 0.0 ], [ 78.924148816194048, 19.462234927891025, 0.0 ], [ 78.926866130108522, 19.462259256421095, 0.0 ], [ 78.942520728288841, 19.468602400902824, 0.0 ], [ 78.957667734419744, 19.473672187532465, 0.0 ], [ 78.960568759053174, 19.478161897165851, 0.0 ], [ 78.975966379110631, 19.490256038062096, 0.0 ], [ 78.977605006227819, 19.492533606397089, 0.0 ], [ 78.96884621022302, 19.496809694369148, 0.0 ], [ 78.95881938959694, 19.503062398234242, 0.0 ], [ 78.955493805202934, 19.502244162943267, 0.0 ], [ 78.954621881931729, 19.503537957340111, 0.0 ], [ 78.952266828899653, 19.503976977561582, 0.0 ], [ 78.949106599797389, 19.50152126524365, 0.0 ], [ 78.948974132449422, 19.51034968694983, 0.0 ], [ 78.942185075261932, 19.513993211560635, 0.0 ], [ 78.950294163663301, 19.533434124396631, 0.0 ], [ 78.94480208083958, 19.537326229021936, 0.0 ], [ 78.936739187788049, 19.545311586356132, 0.0 ], [ 78.935443441166413, 19.550122920938819, 0.0 ], [ 78.940473267369541, 19.552041287925906, 0.0 ], [ 78.945646874334983, 19.54964883893075, 0.0 ], [ 78.952095532282399, 19.548864619161286, 0.0 ], [ 78.9692640987559, 19.550264449388337, 0.0 ], [ 78.972363949198865, 19.550263854553634, 0.0 ], [ 78.974223114915631, 19.549383227920547, 0.0 ], [ 78.976801732834119, 19.55693509817862, 0.0 ], [ 78.979853102004981, 19.557656247539711, 0.0 ], [ 78.98125194182883, 19.560839381248858, 0.0 ], [ 78.997747678552685, 19.549065118750995, 0.0 ], [ 78.998031391594481, 19.540084339236241, 0.0 ], [ 79.006867835932084, 19.542023472144784, 0.0 ], [ 79.024024937434859, 19.541775787119718, 0.0 ], [ 79.039450717370656, 19.547604301512145, 0.0 ], [ 79.046011460374956, 19.548325712828902, 0.0 ], [ 79.065336121498291, 19.539625692792701, 0.0 ], [ 79.06769369544547, 19.5356555190485, 0.0 ], [ 79.073134709174141, 19.534504344674385, 0.0 ], [ 79.076901955773408, 19.532398621445768, 0.0 ], [ 79.08188242422311, 19.533004613175148, 0.0 ], [ 79.096001511544642, 19.532690657138588, 0.0 ], [ 79.098034513886361, 19.532026770563665, 0.0 ], [ 79.101103811348992, 19.529609115281843, 0.0 ], [ 79.105388355434471, 19.522378241491587, 0.0 ], [ 79.114343214174795, 19.519759102683018, 0.0 ], [ 79.117107450908961, 19.517334660797875, 0.0 ], [ 79.120930198517641, 19.512000934721176, 0.0 ], [ 79.123296448399799, 19.510621202931066, 0.0 ], [ 79.127670360433129, 19.510102789641845, 0.0 ], [ 79.133108684605403, 19.507826106386776, 0.0 ], [ 79.135662518929351, 19.506153994195515, 0.0 ], [ 79.137610721675841, 19.501232305636243, 0.0 ], [ 79.138606197761689, 19.500484756842702, 0.0 ], [ 79.142985311830699, 19.500534955351132, 0.0 ], [ 79.157548786722813, 19.489286329316641, 0.0 ], [ 79.161354380828342, 19.488262711420113, 0.0 ], [ 79.16390350711454, 19.483750715431221, 0.0 ], [ 79.165245085736274, 19.476233801287897, 0.0 ], [ 79.167463160017178, 19.472757992862604, 0.0 ], [ 79.174119146647996, 19.468284653544096, 0.0 ], [ 79.176304957144794, 19.465318628213154, 0.0 ], [ 79.180828019895173, 19.461585928154665, 0.0 ], [ 79.190869336371719, 19.458902348122152, 0.0 ], [ 79.194457180117766, 19.461127022093685, 0.0 ], [ 79.198334754331214, 19.46132204389755, 0.0 ], [ 79.208205250901329, 19.464970145066296, 0.0 ], [ 79.2156845649655, 19.46463558459256, 0.0 ], [ 79.217766543033221, 19.466471760567504, 0.0 ], [ 79.222414178784419, 19.467569260919401, 0.0 ], [ 79.223695128902222, 19.469635301343583, 0.0 ], [ 79.223187130099973, 19.472345445047125, 0.0 ], [ 79.215767040000358, 19.480941685716356, 0.0 ], [ 79.210749662120818, 19.481737877402448, 0.0 ], [ 79.207150276215202, 19.485454096135076, 0.0 ], [ 79.204446417244782, 19.490475714360212, 0.0 ], [ 79.203851142226625, 19.494083474039527, 0.0 ], [ 79.20524943346679, 19.494263460298228, 0.0 ], [ 79.20579701824964, 19.497097119007456, 0.0 ], [ 79.207383366972948, 19.497634767999237, 0.0 ], [ 79.207464818609679, 19.506130851366827, 0.0 ], [ 79.214029240777009, 19.511194179666486, 0.0 ], [ 79.221162744241298, 19.520991491896229, 0.0 ], [ 79.231980747988601, 19.519317389236075, 0.0 ], [ 79.233728239039891, 19.520009208529228, 0.0 ], [ 79.240023091791429, 19.5352402066735, 0.0 ], [ 79.238538364019888, 19.542449331016975, 0.0 ], [ 79.238845531707454, 19.547935525670535, 0.0 ], [ 79.237082267716048, 19.550362721961914, 0.0 ], [ 79.237123824555084, 19.557138302967683, 0.0 ], [ 79.246218348177891, 19.567518897513388, 0.0 ], [ 79.251025633669585, 19.577499617406659, 0.0 ], [ 79.253124262744407, 19.593287158797029, 0.0 ], [ 79.248570108396436, 19.593463947565674, 0.0 ], [ 79.244412839477405, 19.594866098404264, 0.0 ], [ 79.238643248804976, 19.606170695040387, 0.0 ], [ 79.243557070475589, 19.616688943740748, 0.0 ], [ 79.248572773166288, 19.616677424921367, 0.0 ], [ 79.251097717430866, 19.615870492876521, 0.0 ], [ 79.272949226792349, 19.59883960287511, 0.0 ], [ 79.284362463626181, 19.595523401932034, 0.0 ], [ 79.306840493586648, 19.596556016634594, 0.0 ], [ 79.310264556214548, 19.577960403305802, 0.0 ], [ 79.309851717290343, 19.571512523630101, 0.0 ], [ 79.313930551913856, 19.566420805980865, 0.0 ], [ 79.318537120542373, 19.567700879470024, 0.0 ], [ 79.318444115312062, 19.576723379183047, 0.0 ], [ 79.326183108949309, 19.577429150713559, 0.0 ], [ 79.334813722396859, 19.574794720019273, 0.0 ], [ 79.339858253898385, 19.576157952887314, 0.0 ], [ 79.34181065457112, 19.575364990259285, 0.0 ], [ 79.351555294418532, 19.575945094735339, 0.0 ], [ 79.3573888444473, 19.577578405126225, 0.0 ], [ 79.359047275075397, 19.576567052866324, 0.0 ], [ 79.365730028491271, 19.576331394783814, 0.0 ], [ 79.367078437830571, 19.572944210444529, 0.0 ], [ 79.369470373733833, 19.572699443077983, 0.0 ], [ 79.372752886010176, 19.560989768480155, 0.0 ], [ 79.376803054617895, 19.558884846712235, 0.0 ], [ 79.385677343039092, 19.558330525661518, 0.0 ], [ 79.387321770393498, 19.554714342172076, 0.0 ], [ 79.389440514642132, 19.553077708056101, 0.0 ], [ 79.391746304485551, 19.55287293146128, 0.0 ], [ 79.396211476466249, 19.548056893279874, 0.0 ], [ 79.400481640888529, 19.542337063292134, 0.0 ], [ 79.401713053846976, 19.538447773474413, 0.0 ], [ 79.405318703246849, 19.535667473761265, 0.0 ], [ 79.420472995230966, 19.529758233666794, 0.0 ], [ 79.422998850303401, 19.530159097582459, 0.0 ], [ 79.422559917079468, 19.538042737988093, 0.0 ], [ 79.433334147142617, 19.537256597209726, 0.0 ], [ 79.44220718866066, 19.527978958149401, 0.0 ], [ 79.446045513955085, 19.526923417195896, 0.0 ], [ 79.453271256769966, 19.520101812660617, 0.0 ], [ 79.456761439416027, 19.519125653360579, 0.0 ], [ 79.45848850576219, 19.51666023652075, 0.0 ], [ 79.46896155654666, 19.509573805059301, 0.0 ], [ 79.471424890332997, 19.500191724764733, 0.0 ], [ 79.482631997421464, 19.506280227005867, 0.0 ], [ 79.494556150597049, 19.506412798967688, 0.0 ], [ 79.496628832822708, 19.505135947727855, 0.0 ], [ 79.498387230858938, 19.505694863780121, 0.0 ], [ 79.50076349953261, 19.507389619317877, 0.0 ], [ 79.502255490902684, 19.511635192542407, 0.0 ], [ 79.514826632702267, 19.519443457949205, 0.0 ], [ 79.518588597679837, 19.520182827188407, 0.0 ], [ 79.520809111058767, 19.534885856071718, 0.0 ], [ 79.51990241734444, 19.540957547325714, 0.0 ], [ 79.51861081963321, 19.543109248970353, 0.0 ], [ 79.529217436508219, 19.551047459999975, 0.0 ], [ 79.539927213492987, 19.554661262453198, 0.0 ], [ 79.54248153956344, 19.554230216561635, 0.0 ], [ 79.545379756101525, 19.550695170821651, 0.0 ], [ 79.546568426965976, 19.539411217773633, 0.0 ], [ 79.548387250321028, 19.531623735278622, 0.0 ], [ 79.550787142076686, 19.526696057163505, 0.0 ], [ 79.552932373967067, 19.524168599132214, 0.0 ], [ 79.569000061553083, 19.518266446352346, 0.0 ], [ 79.584044089432936, 19.509131159072542, 0.0 ], [ 79.593199143038817, 19.506957971450184, 0.0 ], [ 79.596153969366782, 19.507277322424851, 0.0 ], [ 79.60046132596473, 19.509507193457001, 0.0 ], [ 79.602965800695415, 19.51455078111562, 0.0 ], [ 79.605764676050711, 19.526009872081964, 0.0 ], [ 79.606042715291991, 19.532827092166276, 0.0 ], [ 79.611660218805881, 19.54751586606336, 0.0 ], [ 79.612716378140036, 19.55603325462841, 0.0 ], [ 79.614137840042943, 19.559677256234988, 0.0 ], [ 79.623111867727133, 19.569567415387056, 0.0 ], [ 79.627919502632608, 19.573170822392061, 0.0 ], [ 79.635464580504902, 19.575936401229679, 0.0 ], [ 79.658287309100274, 19.579714238033297, 0.0 ], [ 79.668718816623198, 19.580291749841191, 0.0 ], [ 79.6753217426064, 19.579712293530754, 0.0 ], [ 79.688952864301385, 19.583866842315487, 0.0 ], [ 79.696413486123589, 19.583195085051042, 0.0 ], [ 79.708999704401378, 19.584478292085645, 0.0 ], [ 79.714409587377986, 19.58685860283855, 0.0 ], [ 79.71797570992473, 19.589453424676847, 0.0 ], [ 79.726518875615611, 19.597996803812954, 0.0 ], [ 79.735245117505102, 19.604960720715454, 0.0 ], [ 79.743080008882714, 19.608626251421637, 0.0 ], [ 79.753448277295931, 19.607533911982095, 0.0 ], [ 79.769720570211319, 19.603143699306948, 0.0 ], [ 79.780859873278374, 19.598229638756571, 0.0 ], [ 79.798583356400016, 19.581966614974114, 0.0 ], [ 79.803260152329287, 19.580568985921758, 0.0 ], [ 79.809831053743025, 19.576807678838602, 0.0 ], [ 79.814044104797759, 19.575882227193468, 0.0 ], [ 79.815782119125586, 19.574574222314112, 0.0 ], [ 79.816792747653935, 19.572902814468108, 0.0 ], [ 79.817170518437152, 19.570922289500803, 0.0 ], [ 79.8166223029978, 19.570759126296284, 0.0 ], [ 79.817170540810878, 19.57092222798299, 0.0 ], [ 79.817893542220318, 19.568618281366266, 0.0 ], [ 79.82115185611363, 19.564218597510202, 0.0 ], [ 79.821251592338783, 19.560210763237528, 0.0 ], [ 79.824110993210837, 19.556793684162038, 0.0 ], [ 79.824904110205381, 19.550531050510525, 0.0 ], [ 79.828418920490918, 19.543405649991676, 0.0 ], [ 79.832868427061371, 19.538553422993783, 0.0 ], [ 79.84563830902259, 19.532796669294815, 0.0 ], [ 79.848173115736543, 19.526534508687043, 0.0 ], [ 79.855318516006193, 19.521026360984099, 0.0 ], [ 79.864583949686391, 19.510513651078874, 0.0 ], [ 79.870953530328435, 19.509056202864876, 0.0 ], [ 79.880853678874502, 19.503568683584504, 0.0 ], [ 79.901964412093307, 19.500901657128679, 0.0 ], [ 79.914503399214055, 19.49603827146187, 0.0 ], [ 79.920544926726421, 19.489342102513284, 0.0 ], [ 79.924357065115899, 19.486318775727586, 0.0 ], [ 79.932410866820717, 19.476544393016731, 0.0 ], [ 79.937013421238362, 19.473274613307396, 0.0 ], [ 79.944819483578215, 19.469814403439635, 0.0 ], [ 79.946443450568566, 19.467823277100145, 0.0 ], [ 79.948215405022509, 19.460600442440384, 0.0 ], [ 79.946973626227901, 19.452087874307761, 0.0 ], [ 79.947608697142343, 19.449678879980031, 0.0 ], [ 79.950781680103361, 19.445082343431963, 0.0 ], [ 79.952477948459247, 19.440947030061697, 0.0 ], [ 79.96792120484676, 19.423212404162495, 0.0 ], [ 79.972394024139874, 19.416212406058186, 0.0 ], [ 79.974692139009022, 19.410994793229992, 0.0 ], [ 79.974700526805165, 19.404358461934297, 0.0 ], [ 79.977937127607547, 19.400357408039564, 0.0 ], [ 79.976981144214349, 19.394946672818797, 0.0 ], [ 79.97961495448483, 19.390325506525958, 0.0 ], [ 79.979671721559257, 19.388659764767329, 0.0 ], [ 79.978462540300526, 19.387198662005666, 0.0 ], [ 79.974037856699866, 19.385503944588567, 0.0 ], [ 79.971826921315071, 19.381557287391946, 0.0 ], [ 79.971416411032394, 19.376811395630252, 0.0 ], [ 79.969528799959363, 19.37468931897072, 0.0 ], [ 79.970233335122145, 19.371029699671617, 0.0 ], [ 79.967574967491416, 19.360318700179235, 0.0 ], [ 79.967965595820459, 19.356631171978087, 0.0 ], [ 79.965667477790277, 19.349930047031854, 0.0 ], [ 79.962894758600754, 19.346338442266408, 0.0 ], [ 79.959080494708246, 19.33594022579938, 0.0 ], [ 79.959085119100379, 19.330860957381059, 0.0 ], [ 79.965569005690085, 19.313065743697123, 0.0 ], [ 79.965872440234222, 19.303038741742849, 0.0 ], [ 79.96460701435565, 19.29974415203155, 0.0 ], [ 79.962269289964951, 19.297354394725463, 0.0 ], [ 79.954818286299414, 19.293764210128167, 0.0 ], [ 79.950566280341178, 19.289044223095612, 0.0 ], [ 79.936355199157163, 19.264126947852617, 0.0 ], [ 79.930844967438205, 19.250803154561432, 0.0 ], [ 79.929659679206566, 19.243450566526125, 0.0 ], [ 79.924816898601804, 19.227731541685536, 0.0 ], [ 79.924222321677178, 19.2154626212876, 0.0 ], [ 79.925453419479055, 19.210638926577545, 0.0 ], [ 79.93291173084809, 19.1973651009923, 0.0 ], [ 79.944097863963265, 19.181458862143863, 0.0 ], [ 79.94649935821856, 19.174249130729798, 0.0 ], [ 79.946116265649721, 19.170260841495931, 0.0 ], [ 79.944623521715187, 19.167114118425673, 0.0 ], [ 79.931139995525143, 19.155625777115677, 0.0 ], [ 79.923993788587595, 19.16536995629582, 0.0 ], [ 79.909522100388827, 19.161433900511476, 0.0 ], [ 79.903518044560755, 19.163819638687681, 0.0 ], [ 79.900161614072431, 19.162825953235306, 0.0 ], [ 79.897366147825196, 19.163278710315751, 0.0 ], [ 79.894878308632713, 19.162594446773475, 0.0 ], [ 79.887825744686154, 19.164380654108022, 0.0 ], [ 79.884504053834462, 19.16445698530892, 0.0 ], [ 79.882837349078372, 19.167062144400656, 0.0 ], [ 79.874339474937671, 19.173445123132211, 0.0 ], [ 79.854809063772478, 19.173274684240276, 0.0 ], [ 79.852196217292388, 19.173036522459157, 0.0 ], [ 79.850947264600435, 19.168494759901737, 0.0 ], [ 79.838657378718594, 19.168899880227304, 0.0 ], [ 79.836010367459551, 19.161992060348595, 0.0 ], [ 79.833484762665108, 19.158529883168942, 0.0 ], [ 79.820317249076155, 19.157328272737654, 0.0 ], [ 79.814218565831908, 19.151249140656404, 0.0 ], [ 79.799230266168934, 19.151819548391586, 0.0 ], [ 79.795526891770734, 19.154972888818605, 0.0 ], [ 79.783568339495872, 19.162361483984963, 0.0 ], [ 79.781787838542044, 19.169706721750448, 0.0 ], [ 79.78714861691806, 19.176041618175233, 0.0 ], [ 79.787271074009624, 19.184133648827064, 0.0 ], [ 79.783396300367258, 19.184563349610801, 0.0 ], [ 79.779184507439737, 19.186188336769543, 0.0 ], [ 79.772511437553945, 19.190198220529343, 0.0 ], [ 79.767167823984622, 19.189416956915601, 0.0 ], [ 79.76084017693583, 19.189968824186185, 0.0 ], [ 79.760221331219526, 19.18898687260447, 0.0 ], [ 79.760402417167384, 19.183849018039265, 0.0 ], [ 79.759337760725955, 19.182644251732839, 0.0 ], [ 79.756023153540184, 19.181987059303584, 0.0 ], [ 79.75155465580761, 19.182355455509501, 0.0 ], [ 79.743057780185453, 19.18604968370218, 0.0 ], [ 79.734074593955484, 19.18635661392894, 0.0 ], [ 79.729535350058981, 19.188927693744933, 0.0 ], [ 79.723201111326148, 19.197059725405953, 0.0 ], [ 79.722976603049275, 19.199731991502002, 0.0 ], [ 79.71886920373926, 19.203537157423625, 0.0 ], [ 79.70971745220686, 19.207703039311784, 0.0 ], [ 79.699917866046647, 19.206330278770487, 0.0 ], [ 79.699309223052509, 19.205230820397666, 0.0 ], [ 79.699980318061733, 19.201526256695729, 0.0 ], [ 79.699101557247445, 19.200263193783567, 0.0 ], [ 79.689530110754987, 19.201274974558036, 0.0 ], [ 79.681289070086024, 19.197839287862521, 0.0 ], [ 79.676112351992828, 19.199192212287947, 0.0 ], [ 79.676327634328317, 19.207857921494611, 0.0 ], [ 79.67881382234998, 19.211136439033027, 0.0 ], [ 79.679908695369662, 19.21636032654332, 0.0 ], [ 79.679236927520208, 19.225740415969117, 0.0 ], [ 79.669412437435327, 19.220022590752333, 0.0 ], [ 79.662609075877299, 19.218167614373066, 0.0 ], [ 79.661095072293364, 19.220947665057469, 0.0 ], [ 79.660208853533888, 19.227870203358144, 0.0 ], [ 79.650443421332753, 19.230555918963471, 0.0 ], [ 79.64986740656461, 19.235656308750581, 0.0 ], [ 79.648737181274086, 19.237499991794348, 0.0 ], [ 79.644945961532798, 19.23967744537401, 0.0 ], [ 79.643249553048463, 19.242783045420627, 0.0 ], [ 79.641857799569735, 19.246715387244397, 0.0 ], [ 79.642669966854115, 19.24909820829097, 0.0 ], [ 79.640972212822973, 19.252641121571646, 0.0 ], [ 79.648949680897829, 19.253996421028578, 0.0 ], [ 79.650539017734687, 19.260938914358739, 0.0 ], [ 79.649131490514293, 19.260992069870063, 0.0 ], [ 79.648744570530638, 19.25924778619903, 0.0 ], [ 79.64304338281903, 19.258362794457891, 0.0 ], [ 79.641972037025951, 19.259835000379226, 0.0 ], [ 79.637926439950661, 19.260843711325858, 0.0 ], [ 79.63535326358965, 19.258968710822266, 0.0 ], [ 79.632592203226366, 19.259774826865563, 0.0 ], [ 79.632703804905987, 19.258213087480431, 0.0 ], [ 79.631030339573044, 19.256079735728807, 0.0 ], [ 79.629365309141434, 19.256334901528568, 0.0 ], [ 79.628404486447423, 19.255382863366293, 0.0 ], [ 79.626789613986787, 19.256098713221387, 0.0 ], [ 79.62287407934258, 19.255690037694233, 0.0 ], [ 79.622572827690561, 19.26028514439114, 0.0 ], [ 79.620504402543332, 19.2677265669832, 0.0 ], [ 79.618422227124611, 19.27186732499068, 0.0 ], [ 79.614875214567348, 19.2750358936038, 0.0 ], [ 79.614259367148236, 19.27664069938842, 0.0 ], [ 79.609549784449669, 19.273036358505696, 0.0 ], [ 79.604444608744274, 19.272766939730037, 0.0 ], [ 79.600516066966122, 19.274082485219978, 0.0 ], [ 79.593970921990206, 19.27267349535407, 0.0 ], [ 79.590085913119538, 19.267722261762739, 0.0 ], [ 79.582980254787998, 19.26927233126564, 0.0 ], [ 79.579245634614438, 19.268782384679085, 0.0 ], [ 79.578542500001646, 19.267668664832332, 0.0 ], [ 79.576570808837744, 19.267371239355708, 0.0 ], [ 79.574606090768938, 19.265611038787291, 0.0 ], [ 79.570436951799635, 19.265520808737172, 0.0 ], [ 79.566831538371744, 19.261897780429649, 0.0 ], [ 79.560510052004034, 19.258678276596406, 0.0 ], [ 79.557796806494551, 19.25930293383702, 0.0 ], [ 79.549699867902049, 19.264279091643726, 0.0 ], [ 79.544735990230791, 19.262424074972749, 0.0 ], [ 79.54255507075105, 19.263132229424819, 0.0 ], [ 79.541556897193146, 19.265010639435062, 0.0 ], [ 79.540620425198739, 19.2649883715745, 0.0 ], [ 79.540341736170291, 19.262684456121935, 0.0 ], [ 79.539277115032775, 19.262621013957876, 0.0 ], [ 79.537490118597447, 19.259619601135565, 0.0 ], [ 79.53526681719147, 19.258331900493594, 0.0 ], [ 79.532646449854767, 19.258491717912605, 0.0 ], [ 79.530968434511536, 19.257504372294306, 0.0 ], [ 79.532096250038379, 19.253468423589798, 0.0 ], [ 79.524995389412013, 19.254068543415322, 0.0 ], [ 79.524095529969685, 19.251490845110165, 0.0 ], [ 79.532045032747405, 19.249502604545629, 0.0 ], [ 79.53083938218596, 19.245320685329428, 0.0 ], [ 79.530527737135273, 19.239183233136046, 0.0 ], [ 79.531804151025739, 19.237730513021386, 0.0 ], [ 79.530349301679664, 19.234929132629173, 0.0 ], [ 79.530582544519575, 19.232948004887959, 0.0 ], [ 79.532431150169501, 19.230197467697501, 0.0 ], [ 79.534582543206625, 19.228667424586032, 0.0 ], [ 79.5343491793314, 19.225889498153482, 0.0 ], [ 79.538758466904568, 19.22529513230478, 0.0 ], [ 79.541624393864325, 19.223434093273198, 0.0 ], [ 79.543803311071471, 19.22110940919562, 0.0 ], [ 79.545643766459747, 19.215103194100848, 0.0 ], [ 79.549067143870403, 19.212932934895242, 0.0 ], [ 79.547763843867202, 19.202456228832553, 0.0 ], [ 79.544060904077909, 19.201590914329959, 0.0 ], [ 79.539917348892288, 19.203333496835338, 0.0 ], [ 79.536595042178391, 19.200478487844695, 0.0 ], [ 79.530440580927163, 19.204216684525512, 0.0 ], [ 79.523929008123332, 19.203311291147969, 0.0 ], [ 79.506683521537767, 19.207481461032664, 0.0 ], [ 79.503961897755389, 19.203400556940469, 0.0 ], [ 79.502254276828054, 19.202742480449594, 0.0 ], [ 79.497547201308265, 19.203006394396727, 0.0 ], [ 79.480682119987463, 19.201586259691918, 0.0 ], [ 79.475811500418985, 19.198691413053645, 0.0 ], [ 79.47576109604006, 19.197444912578707, 0.0 ], [ 79.479118690245187, 19.194300076411704, 0.0 ], [ 79.47733656571873, 19.193379506368892, 0.0 ], [ 79.475705691228058, 19.190807036974277, 0.0 ], [ 79.472662001850892, 19.190313856793011, 0.0 ], [ 79.470499015258937, 19.187734306204518, 0.0 ], [ 79.47792370048613, 19.184757869053342, 0.0 ], [ 79.477986365182957, 19.183678985838736, 0.0 ], [ 79.472302367590956, 19.174715878742376, 0.0 ], [ 79.465887071926247, 19.177385387528904, 0.0 ], [ 79.462314688384879, 19.171809663533043, 0.0 ], [ 79.438054763898521, 19.179883274578465, 0.0 ], [ 79.422850051099033, 19.192192870056452, 0.0 ], [ 79.419609889200814, 19.196267634703734, 0.0 ], [ 79.413382812009687, 19.198159836879199, 0.0 ], [ 79.407942599487313, 19.201261495225161, 0.0 ], [ 79.39858697526148, 19.203322563865946, 0.0 ], [ 79.394800512207951, 19.20472098676693, 0.0 ], [ 79.39465860248518, 19.205433742076032, 0.0 ], [ 79.393587387920959, 19.204913445148055, 0.0 ], [ 79.389034660048594, 19.207314735855373, 0.0 ], [ 79.387362712008141, 19.207125494200586, 0.0 ], [ 79.387271454128509, 19.206474862126175, 0.0 ], [ 79.379854962072457, 19.207628520573095, 0.0 ], [ 79.36943914331583, 19.207185788187825, 0.0 ], [ 79.349765025416005, 19.218717671452708, 0.0 ], [ 79.340328283687811, 19.221389777292313, 0.0 ], [ 79.339395833679603, 19.211171178966215, 0.0 ], [ 79.341150750203397, 19.210995432177395, 0.0 ], [ 79.343772692218536, 19.212070675398735, 0.0 ], [ 79.346350598850023, 19.210987200460497, 0.0 ], [ 79.350759105981197, 19.211367485814872, 0.0 ], [ 79.350942994395254, 19.210817651708176, 0.0 ], [ 79.350974410353331, 19.192620821426218, 0.0 ], [ 79.346751944549965, 19.188182264537421, 0.0 ], [ 79.343363032237392, 19.179462835825515, 0.0 ], [ 79.34344148288848, 19.17745381560065, 0.0 ], [ 79.348307894176742, 19.177430273455958, 0.0 ], [ 79.334591025628725, 19.169043424352793, 0.0 ], [ 79.322161593160104, 19.16559374752449, 0.0 ], [ 79.317417694170501, 19.163499597076214, 0.0 ], [ 79.317411573520715, 19.161381811368603, 0.0 ], [ 79.32296562453395, 19.155694866759745, 0.0 ], [ 79.321741245281459, 19.154970845534592, 0.0 ], [ 79.325508081367303, 19.149667527976479, 0.0 ], [ 79.326289335120478, 19.145404522420623, 0.0 ], [ 79.326211289233015, 19.144153245740014, 0.0 ], [ 79.322397353780715, 19.138420227187932, 0.0 ], [ 79.317136537711079, 19.126108727278808, 0.0 ], [ 79.316057582018942, 19.092609193295754, 0.0 ], [ 79.310839260837511, 19.093045625016398, 0.0 ], [ 79.303885219495243, 19.095337278974483, 0.0 ], [ 79.283267001325967, 19.11090968808422, 0.0 ], [ 79.276901578148539, 19.116888675345233, 0.0 ], [ 79.273824312808401, 19.082013414884038, 0.0 ], [ 79.273757900389739, 19.060137821912246, 0.0 ], [ 79.264415939134764, 19.048907170896982, 0.0 ], [ 79.262167993590069, 19.044680784588991, 0.0 ], [ 79.262393732506865, 19.042040226251451, 0.0 ], [ 79.267222557819849, 19.033920886774045, 0.0 ], [ 79.253397705346671, 19.030427065930148, 0.0 ], [ 79.248601673948883, 19.029672136118492, 0.0 ], [ 79.244325404645735, 19.030058164239641, 0.0 ], [ 79.235641505243521, 19.03278022907914, 0.0 ], [ 79.226092332028244, 19.033337832612652, 0.0 ], [ 79.224068269341231, 19.037228103712955, 0.0 ], [ 79.223398389725119, 19.040891191579146, 0.0 ], [ 79.224449212540094, 19.045765775487794, 0.0 ], [ 79.223750274693259, 19.049523492593707, 0.0 ], [ 79.213033437117716, 19.061454256419591, 0.0 ], [ 79.208938693363109, 19.064428396570161, 0.0 ], [ 79.205356835329226, 19.065251431470866, 0.0 ], [ 79.203075788590922, 19.066876927253201, 0.0 ], [ 79.201278998867579, 19.070655002548861, 0.0 ], [ 79.198737766339406, 19.07210737409919, 0.0 ], [ 79.198275511746715, 19.078720447959469, 0.0 ], [ 79.195637234933372, 19.082588154588741, 0.0 ], [ 79.162103950746712, 19.090027923825538, 0.0 ], [ 79.152775797143008, 19.091247710419253, 0.0 ], [ 79.150593965120493, 19.092832725911713, 0.0 ], [ 79.148738294837628, 19.094645427097873, 0.0 ], [ 79.146682218816906, 19.098638074850189, 0.0 ], [ 79.14082817552746, 19.104322786641557, 0.0 ], [ 79.141114463866913, 19.111626671360156, 0.0 ], [ 79.135171743207508, 19.111575615717999, 0.0 ], [ 79.136544091695299, 19.128617741257695, 0.0 ], [ 79.133260390527482, 19.132096539077232, 0.0 ], [ 79.12999866951553, 19.132446154546084, 0.0 ], [ 79.124544997557749, 19.137062606084584, 0.0 ], [ 79.1223112614109, 19.141171069273078, 0.0 ], [ 79.122515849942488, 19.143150258871174, 0.0 ], [ 79.120569172727386, 19.148317274073804, 0.0 ], [ 79.115544085091301, 19.150705365506454, 0.0 ], [ 79.113511939559686, 19.154480960483674, 0.0 ], [ 79.106708957604368, 19.162249052613348, 0.0 ], [ 79.104649822284117, 19.169754108867959, 0.0 ], [ 79.09281759811411, 19.178897821651205, 0.0 ], [ 79.090789192434954, 19.179444473658979, 0.0 ], [ 79.089244291954671, 19.178842879339186, 0.0 ], [ 79.08601536557417, 19.180447248284569, 0.0 ], [ 79.083417181372411, 19.178958127148281, 0.0 ], [ 79.078874316339494, 19.183466353630905, 0.0 ], [ 79.074463162992373, 19.18618256909668, 0.0 ], [ 79.070005274683666, 19.187489621154661, 0.0 ], [ 79.057799500103982, 19.208824916885259, 0.0 ], [ 79.015828580509265, 19.214035178239811, 0.0 ], [ 78.998624165608717, 19.220553500492763, 0.0 ] ] ], [ [ [ 79.492724505695179, 19.189893826959022, 0.0 ], [ 79.494785100803952, 19.186584657088154, 0.0 ], [ 79.493978187179991, 19.185488114079927, 0.0 ], [ 79.484734951933902, 19.188185628500499, 0.0 ], [ 79.482779566101954, 19.187675221368195, 0.0 ], [ 79.484013619662548, 19.192539604141952, 0.0 ], [ 79.489340626986461, 19.189905090352326, 0.0 ], [ 79.492724505695179, 19.189893826959022, 0.0 ] ] ] ] } },
{ "type": "Feature", "properties": { "DISTRICT": "MAHABUBABAD", "Dist_LGD": "688" }, "geometry": { "type": "Polygon", "coordinates": [ [ [ 79.762003854422446, 17.429857495900297, 0.0 ], [ 79.75200934781671, 17.439828027642683, 0.0 ], [ 79.748551479971695, 17.434272346931596, 0.0 ], [ 79.743628865474349, 17.429101393248221, 0.0 ], [ 79.737628418058733, 17.430327876915086, 0.0 ], [ 79.729571857959357, 17.428612529350215, 0.0 ], [ 79.719850046728709, 17.434721476451788, 0.0 ], [ 79.718358041856163, 17.434449257886676, 0.0 ], [ 79.710135943907744, 17.445780657294961, 0.0 ], [ 79.707905874877412, 17.446310421236838, 0.0 ], [ 79.707002110625595, 17.447333391109755, 0.0 ], [ 79.704750766942666, 17.444955962054401, 0.0 ], [ 79.702583952938852, 17.447303375174382, 0.0 ], [ 79.700282104908695, 17.448085958750703, 0.0 ], [ 79.700681833350842, 17.450578517242754, 0.0 ], [ 79.6998678334744, 17.456132062820821, 0.0 ], [ 79.697061067489344, 17.455972299300264, 0.0 ], [ 79.697381030361527, 17.454906513376486, 0.0 ], [ 79.692516296010311, 17.455742613415001, 0.0 ], [ 79.690258817262901, 17.454888623717618, 0.0 ], [ 79.670888003359678, 17.465248994586588, 0.0 ], [ 79.66296007228523, 17.467397214738256, 0.0 ], [ 79.66120876404932, 17.46934794412681, 0.0 ], [ 79.65649069645589, 17.471047371033844, 0.0 ], [ 79.657890057683787, 17.480877275516075, 0.0 ], [ 79.659104861386041, 17.484345276480582, 0.0 ], [ 79.658716886630813, 17.488019364975088, 0.0 ], [ 79.65543564577257, 17.494010367970358, 0.0 ], [ 79.653884374510184, 17.493217572905078, 0.0 ], [ 79.650213674372509, 17.493334067712642, 0.0 ], [ 79.642013150800423, 17.487460006860843, 0.0 ], [ 79.639152588481181, 17.486571389478947, 0.0 ], [ 79.629602531154603, 17.490918082145985, 0.0 ], [ 79.626401242520387, 17.496732674500162, 0.0 ], [ 79.62078684776435, 17.500543420403943, 0.0 ], [ 79.616289520344452, 17.499014876014133, 0.0 ], [ 79.612816605170977, 17.500180453359484, 0.0 ], [ 79.609623210262171, 17.496821603875052, 0.0 ], [ 79.603653188736743, 17.499002886731009, 0.0 ], [ 79.602678178085867, 17.508226191292152, 0.0 ], [ 79.599231877807014, 17.511742682719529, 0.0 ], [ 79.599160159585466, 17.516077912482167, 0.0 ], [ 79.595108301553438, 17.527241268939914, 0.0 ], [ 79.594029641823838, 17.528159002263568, 0.0 ], [ 79.589681517644365, 17.528909033847238, 0.0 ], [ 79.589636914998721, 17.524288354385916, 0.0 ], [ 79.59185967910453, 17.522552774598132, 0.0 ], [ 79.589891536158333, 17.520202520217126, 0.0 ], [ 79.591371566082572, 17.519074041677246, 0.0 ], [ 79.591133419067788, 17.51658195857587, 0.0 ], [ 79.594131263364432, 17.510211005364315, 0.0 ], [ 79.594351210481932, 17.506463991725976, 0.0 ], [ 79.597243194138258, 17.501548287119093, 0.0 ], [ 79.596135165879261, 17.499667389148929, 0.0 ], [ 79.591698844756365, 17.499259734783141, 0.0 ], [ 79.584188909554413, 17.503233235365194, 0.0 ], [ 79.576044380146357, 17.50381756375133, 0.0 ], [ 79.570035464340478, 17.502154844010736, 0.0 ], [ 79.565981701888219, 17.497570860809915, 0.0 ], [ 79.562965073857782, 17.50098056337805, 0.0 ], [ 79.553900571061405, 17.50850376169155, 0.0 ], [ 79.551329832958359, 17.512986241838259, 0.0 ], [ 79.551362001541605, 17.515115801013273, 0.0 ], [ 79.545938690472937, 17.522845191785816, 0.0 ], [ 79.539725394149315, 17.52919196201622, 0.0 ], [ 79.533735871441181, 17.529237197914316, 0.0 ], [ 79.53565447623005, 17.534847412919426, 0.0 ], [ 79.535453560448204, 17.541211996488759, 0.0 ], [ 79.537506087385779, 17.543572220892287, 0.0 ], [ 79.533358015523859, 17.544733344448534, 0.0 ], [ 79.532300288438222, 17.546116584649152, 0.0 ], [ 79.533064860822805, 17.552589497372864, 0.0 ], [ 79.531844214076884, 17.555459325494546, 0.0 ], [ 79.533026142793901, 17.55661746038799, 0.0 ], [ 79.532059112446319, 17.55775237468465, 0.0 ], [ 79.528830284693086, 17.55879113133069, 0.0 ], [ 79.526624185769435, 17.558880483219799, 0.0 ], [ 79.523651407439488, 17.557705147174662, 0.0 ], [ 79.516382434526619, 17.559756477491423, 0.0 ], [ 79.514385810491817, 17.56332269291158, 0.0 ], [ 79.515312148164966, 17.568431021856732, 0.0 ], [ 79.514787763908956, 17.573388079704095, 0.0 ], [ 79.515880858396059, 17.575359730381127, 0.0 ], [ 79.514879483153805, 17.577660695157743, 0.0 ], [ 79.514900624106758, 17.580020720615142, 0.0 ], [ 79.511045226612055, 17.585599796177359, 0.0 ], [ 79.510871165639657, 17.587390732384819, 0.0 ], [ 79.512188129865251, 17.587038194458493, 0.0 ], [ 79.512955208429048, 17.588208093758912, 0.0 ], [ 79.520832720548754, 17.591815824687217, 0.0 ], [ 79.528399406649044, 17.591592716582792, 0.0 ], [ 79.530672324878523, 17.592380672049959, 0.0 ], [ 79.532241270069576, 17.593472807571072, 0.0 ], [ 79.537210499899999, 17.600740898283778, 0.0 ], [ 79.541007824459982, 17.598548541897593, 0.0 ], [ 79.545983132284505, 17.59714226081902, 0.0 ], [ 79.554127785368081, 17.597341277181755, 0.0 ], [ 79.559694317833547, 17.601398448148988, 0.0 ], [ 79.561965821136809, 17.604500649174369, 0.0 ], [ 79.563161046373452, 17.61873473461138, 0.0 ], [ 79.572306967878106, 17.617814365072192, 0.0 ], [ 79.57783908774087, 17.62036549365197, 0.0 ], [ 79.577281524540794, 17.623649655987055, 0.0 ], [ 79.577697346532759, 17.628475113837901, 0.0 ], [ 79.587013330377928, 17.629509713033215, 0.0 ], [ 79.613871154903038, 17.636159858880376, 0.0 ], [ 79.616293115421342, 17.621101895136917, 0.0 ], [ 79.621491233052339, 17.623485459139506, 0.0 ], [ 79.626851906065028, 17.622408664469738, 0.0 ], [ 79.635821093404161, 17.622759797681034, 0.0 ], [ 79.640493236766432, 17.624168906877397, 0.0 ], [ 79.653832647658291, 17.626114936100464, 0.0 ], [ 79.65808657655991, 17.642876627055497, 0.0 ], [ 79.661433914342908, 17.649520834604903, 0.0 ], [ 79.665932158999553, 17.650549742112219, 0.0 ], [ 79.670521471903839, 17.649055130923724, 0.0 ], [ 79.67773064358596, 17.649256090093829, 0.0 ], [ 79.678833382540773, 17.654757866211948, 0.0 ], [ 79.680559553380846, 17.658338080578169, 0.0 ], [ 79.682962882063862, 17.670225998364888, 0.0 ], [ 79.686486308787906, 17.675503078389955, 0.0 ], [ 79.689938954348776, 17.683896635204622, 0.0 ], [ 79.694620436243383, 17.684790892675604, 0.0 ], [ 79.698442788344323, 17.682762954388469, 0.0 ], [ 79.705267312719485, 17.682960518068843, 0.0 ], [ 79.705227912078527, 17.682227993847206, 0.0 ], [ 79.70818073491175, 17.682071738601767, 0.0 ], [ 79.708138895389425, 17.683084126248339, 0.0 ], [ 79.714129834700813, 17.683843158349703, 0.0 ], [ 79.713635774699327, 17.689451451773724, 0.0 ], [ 79.716716407956014, 17.6950999671384, 0.0 ], [ 79.715441496591652, 17.697843788682363, 0.0 ], [ 79.72154196952755, 17.700840638606955, 0.0 ], [ 79.724411558085677, 17.699133218100204, 0.0 ], [ 79.722844430688269, 17.69589080091616, 0.0 ], [ 79.725268313972492, 17.695949295057929, 0.0 ], [ 79.733005575047017, 17.691673647244542, 0.0 ], [ 79.741547666568252, 17.688942079244672, 0.0 ], [ 79.749837901344009, 17.687913492534864, 0.0 ], [ 79.753241090654967, 17.690823118590728, 0.0 ], [ 79.759599424813871, 17.6905740245667, 0.0 ], [ 79.762346732627975, 17.689914452111388, 0.0 ], [ 79.767768104375676, 17.686678265752267, 0.0 ], [ 79.771447082644329, 17.689095809790331, 0.0 ], [ 79.771294463636579, 17.697191726392131, 0.0 ], [ 79.778856304911386, 17.703161931493206, 0.0 ], [ 79.781865675364131, 17.703077099610187, 0.0 ], [ 79.783836185943045, 17.705909127386569, 0.0 ], [ 79.791046126597891, 17.708771743215145, 0.0 ], [ 79.805415450256703, 17.70024823807838, 0.0 ], [ 79.809291397048668, 17.700491380016356, 0.0 ], [ 79.819011196156296, 17.699306541143184, 0.0 ], [ 79.822175499673392, 17.69533845275274, 0.0 ], [ 79.82441622316216, 17.695164799745914, 0.0 ], [ 79.824750501408374, 17.696005926523721, 0.0 ], [ 79.818972819385763, 17.709007534268817, 0.0 ], [ 79.821504756287894, 17.713373442264711, 0.0 ], [ 79.824858145614385, 17.713424729392035, 0.0 ], [ 79.844612780559331, 17.71870745324555, 0.0 ], [ 79.852476951594468, 17.718320143332061, 0.0 ], [ 79.863580978488798, 17.719564946779624, 0.0 ], [ 79.863533089913261, 17.722702001990861, 0.0 ], [ 79.861314865334904, 17.723097697096993, 0.0 ], [ 79.861336366085723, 17.728061326036624, 0.0 ], [ 79.866885402812002, 17.730437540941313, 0.0 ], [ 79.864171161520133, 17.7339463624084, 0.0 ], [ 79.864289675593298, 17.735212425495089, 0.0 ], [ 79.872088431186427, 17.73926314272898, 0.0 ], [ 79.868891073137263, 17.741880313646053, 0.0 ], [ 79.869234848994807, 17.742362272141179, 0.0 ], [ 79.873307163307857, 17.741685278029991, 0.0 ], [ 79.876251802242123, 17.739863162922571, 0.0 ], [ 79.878747163605198, 17.736950190951237, 0.0 ], [ 79.882141788046511, 17.736010727212236, 0.0 ], [ 79.884099737559765, 17.734407088329608, 0.0 ], [ 79.888732795962781, 17.73264377408977, 0.0 ], [ 79.889609386881261, 17.731362542728029, 0.0 ], [ 79.893377527702967, 17.730102934157852, 0.0 ], [ 79.896654513822284, 17.735166126161477, 0.0 ], [ 79.898949710836547, 17.741239133609021, 0.0 ], [ 79.903671222813728, 17.746853144872119, 0.0 ], [ 79.902125588519425, 17.750962484435064, 0.0 ], [ 79.903725256804677, 17.76168034818475, 0.0 ], [ 79.902878112142389, 17.764082834631015, 0.0 ], [ 79.900350752005167, 17.766715716633694, 0.0 ], [ 79.898086723632332, 17.768078963005493, 0.0 ], [ 79.894985374627041, 17.768603673351222, 0.0 ], [ 79.88344437300303, 17.779360825453089, 0.0 ], [ 79.882620671404752, 17.790713538149962, 0.0 ], [ 79.877895288538795, 17.800310052891756, 0.0 ], [ 79.875566579811746, 17.808453387947647, 0.0 ], [ 79.883088846680764, 17.80988103431547, 0.0 ], [ 79.887444018244651, 17.811525449579459, 0.0 ], [ 79.886498438128839, 17.809099773922757, 0.0 ], [ 79.891276333412719, 17.809868401794631, 0.0 ], [ 79.892839134856004, 17.812670882670911, 0.0 ], [ 79.894888594592814, 17.813734436918601, 0.0 ], [ 79.901422844000223, 17.814290772466919, 0.0 ], [ 79.910689055857972, 17.813435031320463, 0.0 ], [ 79.90894094415863, 17.812548714571605, 0.0 ], [ 79.909188217696837, 17.808802083738382, 0.0 ], [ 79.910974732987455, 17.804720709862973, 0.0 ], [ 79.909952353479383, 17.804179987057442, 0.0 ], [ 79.915376072602285, 17.798847304494018, 0.0 ], [ 79.917774883695969, 17.809404375782659, 0.0 ], [ 79.923395531847163, 17.814102461836264, 0.0 ], [ 79.930932695579642, 17.818706261229941, 0.0 ], [ 79.934719093309425, 17.826355528208815, 0.0 ], [ 79.934399402532534, 17.834093294488468, 0.0 ], [ 79.938680316158397, 17.840613673778464, 0.0 ], [ 79.939415266737115, 17.841031516566542, 0.0 ], [ 79.942818200298674, 17.839426650716277, 0.0 ], [ 79.947208611293576, 17.835677283546325, 0.0 ], [ 79.951555337293627, 17.844114073191239, 0.0 ], [ 79.952846002663094, 17.85180177631813, 0.0 ], [ 79.952130186304416, 17.856301982778664, 0.0 ], [ 79.952750301185162, 17.860737866786998, 0.0 ], [ 79.96087823001109, 17.864284188846057, 0.0 ], [ 79.975381942883445, 17.861404765905622, 0.0 ], [ 79.980114532681924, 17.87099001939513, 0.0 ], [ 79.982859829905664, 17.873545956257686, 0.0 ], [ 79.98141723945055, 17.876333162334774, 0.0 ], [ 79.984564512819858, 17.876716579847276, 0.0 ], [ 79.986508836698619, 17.878869657888547, 0.0 ], [ 79.98865086617154, 17.879306235645142, 0.0 ], [ 79.989395105763137, 17.881444640132695, 0.0 ], [ 79.991166387078849, 17.881412830677505, 0.0 ], [ 79.991785270931487, 17.886684715655615, 0.0 ], [ 79.994186321380297, 17.889468798364931, 0.0 ], [ 79.994038417540338, 17.89167567112683, 0.0 ], [ 79.990967074122665, 17.896373835559999, 0.0 ], [ 79.991081735682229, 17.899492933643781, 0.0 ], [ 79.98874027941163, 17.904839024832217, 0.0 ], [ 79.994221617907527, 17.91398701717511, 0.0 ], [ 79.99424218010607, 17.917010990329658, 0.0 ], [ 79.99058920570549, 17.920071371030229, 0.0 ], [ 79.989385188072461, 17.927304956911581, 0.0 ], [ 79.985621167409278, 17.931187644548437, 0.0 ], [ 79.985841512308269, 17.93539179142876, 0.0 ], [ 79.983519858026042, 17.941953579535902, 0.0 ], [ 79.979247969888831, 17.946675595681644, 0.0 ], [ 79.976729941951973, 17.952378029532902, 0.0 ], [ 79.980908649701874, 17.949057166039061, 0.0 ], [ 79.985694430073295, 17.953669940442659, 0.0 ], [ 79.986351736697941, 17.956921363949576, 0.0 ], [ 79.985848271624832, 17.961638842905007, 0.0 ], [ 79.987648110923331, 17.965028606032927, 0.0 ], [ 79.988019192462573, 17.969427293007396, 0.0 ], [ 79.983878061833565, 17.970940555495051, 0.0 ], [ 79.985282222226488, 17.977560940441681, 0.0 ], [ 79.986364676262312, 17.991651804238433, 0.0 ], [ 79.992153851608137, 17.999593277520447, 0.0 ], [ 79.993954821842294, 18.000908277403003, 0.0 ], [ 79.992305685016674, 18.002960931898865, 0.0 ], [ 79.988243239942904, 18.00481333563544, 0.0 ], [ 79.979350051707911, 18.020249384158969, 0.0 ], [ 79.980788171098553, 18.039104395213894, 0.0 ], [ 79.984869431087816, 18.053757933094602, 0.0 ], [ 79.981227360653321, 18.060596294301135, 0.0 ], [ 79.991892825286769, 18.107543517295174, 0.0 ], [ 80.002977076107342, 18.110728665338808, 0.0 ], [ 80.01475815926716, 18.115103337082495, 0.0 ], [ 80.018066567770063, 18.117027087168921, 0.0 ], [ 80.03619137556953, 18.115417441854017, 0.0 ], [ 80.054588436100232, 18.085402114662251, 0.0 ], [ 80.07625061840514, 18.074504223758382, 0.0 ], [ 80.077409896009513, 18.071582419166138, 0.0 ], [ 80.079387386980471, 18.070506067876199, 0.0 ], [ 80.089077719154346, 18.07332249327558, 0.0 ], [ 80.095615247445593, 18.079038598814492, 0.0 ], [ 80.100726969186866, 18.081945125683546, 0.0 ], [ 80.10748474099077, 18.081853788129298, 0.0 ], [ 80.113177116677988, 18.082777047333664, 0.0 ], [ 80.144887352961788, 18.094853858843177, 0.0 ], [ 80.149477048074672, 18.083788668095607, 0.0 ], [ 80.164155392613779, 18.080711764645056, 0.0 ], [ 80.172225518078477, 18.07561721026784, 0.0 ], [ 80.185775288113476, 18.062535359377318, 0.0 ], [ 80.233037745098144, 18.039911039630113, 0.0 ], [ 80.237496823355102, 18.037123283743064, 0.0 ], [ 80.24754622337592, 18.029379758639429, 0.0 ], [ 80.258834937682295, 18.015892416174566, 0.0 ], [ 80.267978071884983, 18.009895808894914, 0.0 ], [ 80.276788508262953, 18.001254425954144, 0.0 ], [ 80.281170469290345, 17.998266878312595, 0.0 ], [ 80.285478665011468, 17.997891596656896, 0.0 ], [ 80.294469573826476, 18.000458513025617, 0.0 ], [ 80.304568941830439, 18.000047670433808, 0.0 ], [ 80.316176096396632, 17.995964233529861, 0.0 ], [ 80.315028619201499, 17.988278419029243, 0.0 ], [ 80.311311679860793, 17.983077401250998, 0.0 ], [ 80.310468150833231, 17.976161375029541, 0.0 ], [ 80.309675495783139, 17.97529285079009, 0.0 ], [ 80.294318422260474, 17.964476263113799, 0.0 ], [ 80.275023949959078, 17.966359691824493, 0.0 ], [ 80.268468665704205, 17.950524173860664, 0.0 ], [ 80.270259658034291, 17.945427616083258, 0.0 ], [ 80.267652480484017, 17.925925829884473, 0.0 ], [ 80.269950132788907, 17.91542837376344, 0.0 ], [ 80.272558774011316, 17.913379103109172, 0.0 ], [ 80.273809179121884, 17.909981408940965, 0.0 ], [ 80.277802222451371, 17.906862176174201, 0.0 ], [ 80.277003829969587, 17.899001087650824, 0.0 ], [ 80.276967264221426, 17.881282428887015, 0.0 ], [ 80.272752250948059, 17.876748818470606, 0.0 ], [ 80.272679448740817, 17.870289545367669, 0.0 ], [ 80.265954199011361, 17.861282677403722, 0.0 ], [ 80.266308397314646, 17.853264375529367, 0.0 ], [ 80.263112466542466, 17.84578897950065, 0.0 ], [ 80.257833242329937, 17.83625899574292, 0.0 ], [ 80.247847590780509, 17.824409017064482, 0.0 ], [ 80.254013692676651, 17.803464842072966, 0.0 ], [ 80.254115932297253, 17.800929064404865, 0.0 ], [ 80.253071204135679, 17.798730977483618, 0.0 ], [ 80.25584135572403, 17.790927525343282, 0.0 ], [ 80.253984812176341, 17.788868691533295, 0.0 ], [ 80.252424950951479, 17.779808096755669, 0.0 ], [ 80.258004778767685, 17.777527206161928, 0.0 ], [ 80.256707933331029, 17.76929869816534, 0.0 ], [ 80.256714755756803, 17.760063565901309, 0.0 ], [ 80.258041336673955, 17.755490364335852, 0.0 ], [ 80.258989607068116, 17.755491441886729, 0.0 ], [ 80.259425476788408, 17.75012170681606, 0.0 ], [ 80.258592437275453, 17.748520515812157, 0.0 ], [ 80.2532334779183, 17.744676586505996, 0.0 ], [ 80.252580072042448, 17.742813333326218, 0.0 ], [ 80.249896074443754, 17.742697279912811, 0.0 ], [ 80.248491841039439, 17.738197488609572, 0.0 ], [ 80.246922125605863, 17.725954501219036, 0.0 ], [ 80.244809417139848, 17.721969428161707, 0.0 ], [ 80.247850845073643, 17.719030130235286, 0.0 ], [ 80.247960678278915, 17.717995057768476, 0.0 ], [ 80.245056511211644, 17.713303905978478, 0.0 ], [ 80.247245361901847, 17.70937363006292, 0.0 ], [ 80.247685996107379, 17.70413480359235, 0.0 ], [ 80.241056297650218, 17.692183578526446, 0.0 ], [ 80.241891487131795, 17.68470305689376, 0.0 ], [ 80.239464392526074, 17.679403371886288, 0.0 ], [ 80.237904932827533, 17.671746714987236, 0.0 ], [ 80.237596654101225, 17.658894105902252, 0.0 ], [ 80.236724435568888, 17.655299136134087, 0.0 ], [ 80.230742841128489, 17.657231025263719, 0.0 ], [ 80.2302717635297, 17.660381345795031, 0.0 ], [ 80.22347736300857, 17.660024559797378, 0.0 ], [ 80.221174994832538, 17.660916643090953, 0.0 ], [ 80.21783290814686, 17.660112109120497, 0.0 ], [ 80.213892384994011, 17.655821359246605, 0.0 ], [ 80.208711523520677, 17.655018658121474, 0.0 ], [ 80.206805305814783, 17.652710561424616, 0.0 ], [ 80.20662547894544, 17.624681990170092, 0.0 ], [ 80.209776955395952, 17.613673768883157, 0.0 ], [ 80.213638962755979, 17.609727812092022, 0.0 ], [ 80.222623127720254, 17.607099467329615, 0.0 ], [ 80.22320893389697, 17.606218680255687, 0.0 ], [ 80.217881794906702, 17.589950500229953, 0.0 ], [ 80.201508798530256, 17.557378104141595, 0.0 ], [ 80.204943411171584, 17.545556152829207, 0.0 ], [ 80.228272767584713, 17.530564083671443, 0.0 ], [ 80.228811625637647, 17.522544600635165, 0.0 ], [ 80.226387097528232, 17.507369103637899, 0.0 ], [ 80.227705640221515, 17.504549655883643, 0.0 ], [ 80.224861845566608, 17.496326824978944, 0.0 ], [ 80.221966965944105, 17.494478497756063, 0.0 ], [ 80.220985730695219, 17.492054015037887, 0.0 ], [ 80.217031803103936, 17.479719926713713, 0.0 ], [ 80.217738066071661, 17.476705296267767, 0.0 ], [ 80.216562371158645, 17.475275020265848, 0.0 ], [ 80.20986037187302, 17.470971076585815, 0.0 ], [ 80.209474956479369, 17.473574684127716, 0.0 ], [ 80.208635261871635, 17.474328563164466, 0.0 ], [ 80.204093663606102, 17.474525702944362, 0.0 ], [ 80.201546227200211, 17.479929330378976, 0.0 ], [ 80.201222789127414, 17.485055769536554, 0.0 ], [ 80.200240201036067, 17.486817619996447, 0.0 ], [ 80.195814266499227, 17.476028645656051, 0.0 ], [ 80.195252272481426, 17.47081961348179, 0.0 ], [ 80.198226112921319, 17.463829696806204, 0.0 ], [ 80.200736046020694, 17.448927087498713, 0.0 ], [ 80.203531901656802, 17.444030138643768, 0.0 ], [ 80.203169956600064, 17.442032338233197, 0.0 ], [ 80.191659196869921, 17.442950823605734, 0.0 ], [ 80.180911954623454, 17.439218648347715, 0.0 ], [ 80.170112967246325, 17.438528607022416, 0.0 ], [ 80.162490106822332, 17.420477291417761, 0.0 ], [ 80.166340864789987, 17.40760699748763, 0.0 ], [ 80.160273431131884, 17.40317110504229, 0.0 ], [ 80.162138027779491, 17.389614886382137, 0.0 ], [ 80.160738057793765, 17.376822022326163, 0.0 ], [ 80.143727964272045, 17.393871045179093, 0.0 ], [ 80.12993188497191, 17.388245786734444, 0.0 ], [ 80.129103326312574, 17.380639586134972, 0.0 ], [ 80.128300229050097, 17.37953948561977, 0.0 ], [ 80.124636846262575, 17.382024334129085, 0.0 ], [ 80.123869780058683, 17.381765256274068, 0.0 ], [ 80.123778933395116, 17.382511064787934, 0.0 ], [ 80.12038366619521, 17.382667849055593, 0.0 ], [ 80.12017466634444, 17.378720432742316, 0.0 ], [ 80.119799404595852, 17.377987283433484, 0.0 ], [ 80.118089649704558, 17.37826007944232, 0.0 ], [ 80.117020753882187, 17.375857376660491, 0.0 ], [ 80.11635866070479, 17.370086979205578, 0.0 ], [ 80.112669993362076, 17.373471256197636, 0.0 ], [ 80.112439205379147, 17.371115314078644, 0.0 ], [ 80.111461282541953, 17.370390079333166, 0.0 ], [ 80.112659156824023, 17.367023909182176, 0.0 ], [ 80.108447708426027, 17.35866999315715, 0.0 ], [ 80.100435827618597, 17.357990474238736, 0.0 ], [ 80.085816642373402, 17.367136302723566, 0.0 ], [ 80.076627444049279, 17.364269833057165, 0.0 ], [ 80.07290057640661, 17.356797715692817, 0.0 ], [ 80.074938373026569, 17.352782362154674, 0.0 ], [ 80.073963040660743, 17.350962864646494, 0.0 ], [ 80.070248112586199, 17.353288392146645, 0.0 ], [ 80.06856770397215, 17.353117637432266, 0.0 ], [ 80.057283458070415, 17.346488853507541, 0.0 ], [ 80.053599417172109, 17.347561799804023, 0.0 ], [ 80.052321052554049, 17.346605161342385, 0.0 ], [ 80.048501348528646, 17.351412268819402, 0.0 ], [ 80.04661613120895, 17.352317089050267, 0.0 ], [ 80.036572639643353, 17.354886210584638, 0.0 ], [ 80.027961854824042, 17.35475878969805, 0.0 ], [ 80.015223537270188, 17.359789582781854, 0.0 ], [ 79.999380746001947, 17.363428827173507, 0.0 ], [ 79.992467306253417, 17.364063553430501, 0.0 ], [ 79.992151157648308, 17.373444467519764, 0.0 ], [ 79.993403468401652, 17.386305952464955, 0.0 ], [ 79.992734882934428, 17.388117373231605, 0.0 ], [ 79.992555735516675, 17.397313226058362, 0.0 ], [ 79.991500294419566, 17.399367828148378, 0.0 ], [ 79.979766360017138, 17.40602193968811, 0.0 ], [ 79.974045451328919, 17.405727539873261, 0.0 ], [ 79.969700891213506, 17.406550358307054, 0.0 ], [ 79.968928234112269, 17.399837310747042, 0.0 ], [ 79.964769219685408, 17.398389193798803, 0.0 ], [ 79.956521035731029, 17.395899687220069, 0.0 ], [ 79.936613702801139, 17.395065894280773, 0.0 ], [ 79.940351689915389, 17.382158472714565, 0.0 ], [ 79.937486061977523, 17.378145120629977, 0.0 ], [ 79.936992141720523, 17.374707611949919, 0.0 ], [ 79.932227226291587, 17.369762291746063, 0.0 ], [ 79.930575027149956, 17.366362319072053, 0.0 ], [ 79.929526992357907, 17.3673045002799, 0.0 ], [ 79.930152316995176, 17.372501126579316, 0.0 ], [ 79.915595728220254, 17.373375074370347, 0.0 ], [ 79.908467712652012, 17.374738955634037, 0.0 ], [ 79.906727237585216, 17.375733291280856, 0.0 ], [ 79.903105942938595, 17.375867920677457, 0.0 ], [ 79.902487608683899, 17.373257332527018, 0.0 ], [ 79.899364841623026, 17.372068572736179, 0.0 ], [ 79.897294023032927, 17.367125417552607, 0.0 ], [ 79.89630028260251, 17.361118339088655, 0.0 ], [ 79.896883528460776, 17.358217243251975, 0.0 ], [ 79.895843666974471, 17.356473641502642, 0.0 ], [ 79.891338492458203, 17.353286816837127, 0.0 ], [ 79.882338700850056, 17.357158336578085, 0.0 ], [ 79.880290321151804, 17.354276811430111, 0.0 ], [ 79.878870790421459, 17.353540259943639, 0.0 ], [ 79.879157906354024, 17.3431375411914, 0.0 ], [ 79.876418228283114, 17.337111580286987, 0.0 ], [ 79.875436336983796, 17.33648926512916, 0.0 ], [ 79.875426906782465, 17.330548212098666, 0.0 ], [ 79.872936898082571, 17.330468550825398, 0.0 ], [ 79.868034905087057, 17.33241625467527, 0.0 ], [ 79.856019665211647, 17.334338167265379, 0.0 ], [ 79.855172225336446, 17.332915858300414, 0.0 ], [ 79.85215919344688, 17.334425888946416, 0.0 ], [ 79.849851812854837, 17.334631359161527, 0.0 ], [ 79.845600372107668, 17.331932674385182, 0.0 ], [ 79.843524105573934, 17.32919992467761, 0.0 ], [ 79.831464230141108, 17.335935462261393, 0.0 ], [ 79.815107103263784, 17.331339598701799, 0.0 ], [ 79.811088895579005, 17.326737431519376, 0.0 ], [ 79.808441238990255, 17.325996366087153, 0.0 ], [ 79.806222667550543, 17.32640064051235, 0.0 ], [ 79.806121620679036, 17.325681354929216, 0.0 ], [ 79.803748535335515, 17.324520947629356, 0.0 ], [ 79.803552359008819, 17.325397145512973, 0.0 ], [ 79.792811726137501, 17.326279663281472, 0.0 ], [ 79.794636466927827, 17.330703157609452, 0.0 ], [ 79.792862184918604, 17.335779291095065, 0.0 ], [ 79.792916420987382, 17.33774627295287, 0.0 ], [ 79.794604736135852, 17.342164726604363, 0.0 ], [ 79.795102079232521, 17.3505217572331, 0.0 ], [ 79.796204711616269, 17.354196763617534, 0.0 ], [ 79.777656173384287, 17.369249491330471, 0.0 ], [ 79.779285395838187, 17.376918597620197, 0.0 ], [ 79.781167707886624, 17.381089075982711, 0.0 ], [ 79.786699249276509, 17.382708223607445, 0.0 ], [ 79.787682706815204, 17.384203492287455, 0.0 ], [ 79.791431822853241, 17.383944724928259, 0.0 ], [ 79.79452887687853, 17.388259256793155, 0.0 ], [ 79.796982262112735, 17.393489409542816, 0.0 ], [ 79.793127331664735, 17.396939915561202, 0.0 ], [ 79.782728057153477, 17.399993188324817, 0.0 ], [ 79.775548483796157, 17.403278475476831, 0.0 ], [ 79.772472817832281, 17.399614864117122, 0.0 ], [ 79.767273266711456, 17.406112166452026, 0.0 ], [ 79.762226848543264, 17.408097723153563, 0.0 ], [ 79.761009826504548, 17.426160283352509, 0.0 ], [ 79.762003854422446, 17.429857495900297, 0.0 ] ] ] } },
{ "type": "Feature", "properties": { "DISTRICT": "MAHABUBNAGAR", "Dist_LGD": "538" }, "geometry": { "type": "Polygon", "coordinates": [ [ [ 77.790816391760529, 16.412817047189037, 0.0 ], [ 77.793495380374893, 16.422159325563452, 0.0 ], [ 77.791041196394147, 16.422399392536008, 0.0 ], [ 77.770207892627411, 16.422950898788073, 0.0 ], [ 77.754307794885833, 16.421574201964233, 0.0 ], [ 77.755647609215345, 16.414865956876586, 0.0 ], [ 77.758865626628364, 16.409557037577731, 0.0 ], [ 77.759016324825765, 16.403760503562903, 0.0 ], [ 77.761927042840114, 16.394227383679628, 0.0 ], [ 77.759162630178153, 16.391862437123361, 0.0 ], [ 77.749246811146435, 16.388246847806933, 0.0 ], [ 77.748798145335471, 16.391367977288297, 0.0 ], [ 77.750645945357405, 16.39760619281023, 0.0 ], [ 77.751090227304303, 16.403905100549316, 0.0 ], [ 77.746820956731767, 16.414104748549917, 0.0 ], [ 77.745624471093535, 16.419052002958885, 0.0 ], [ 77.746281861185068, 16.423857947354524, 0.0 ], [ 77.748793281275908, 16.428810881442612, 0.0 ], [ 77.750034094398615, 16.429641991059526, 0.0 ], [ 77.750516400124994, 16.434053629301825, 0.0 ], [ 77.7487931170607, 16.443449029012694, 0.0 ], [ 77.746130948070899, 16.451638717085782, 0.0 ], [ 77.742582386544044, 16.456333152782797, 0.0 ], [ 77.73976873156856, 16.463000167698741, 0.0 ], [ 77.739498282999094, 16.466648870682853, 0.0 ], [ 77.743848986845379, 16.471401569498322, 0.0 ], [ 77.748793019569476, 16.47441754872143, 0.0 ], [ 77.75558981176566, 16.47384636631698, 0.0 ], [ 77.759478355346573, 16.480583668149592, 0.0 ], [ 77.768064818088519, 16.479993364258355, 0.0 ], [ 77.768514993719378, 16.48506481518319, 0.0 ], [ 77.767534941114619, 16.496273493608392, 0.0 ], [ 77.765886978267233, 16.499155961382851, 0.0 ], [ 77.763890658051906, 16.50045540243282, 0.0 ], [ 77.762615167498055, 16.503523533022776, 0.0 ], [ 77.762785030356895, 16.513254398292879, 0.0 ], [ 77.76455868975215, 16.526343800086099, 0.0 ], [ 77.76174739701419, 16.533240839456653, 0.0 ], [ 77.754468945424378, 16.540473317904834, 0.0 ], [ 77.751058933710269, 16.550665152718164, 0.0 ], [ 77.749274038173567, 16.551481026767892, 0.0 ], [ 77.749341236290235, 16.566691695305199, 0.0 ], [ 77.754668756599671, 16.568126652796835, 0.0 ], [ 77.757943962688984, 16.565774532168174, 0.0 ], [ 77.764368997390733, 16.564499882475211, 0.0 ], [ 77.778632544042551, 16.56502686150203, 0.0 ], [ 77.778864401257621, 16.567164713334154, 0.0 ], [ 77.780528861827705, 16.56782109167332, 0.0 ], [ 77.785188783898761, 16.57485064735733, 0.0 ], [ 77.78698283457615, 16.574176702905099, 0.0 ], [ 77.788115762049046, 16.578519849161687, 0.0 ], [ 77.781249575357691, 16.615969792221939, 0.0 ], [ 77.798817216143078, 16.615913461789489, 0.0 ], [ 77.797311841416175, 16.618743690869746, 0.0 ], [ 77.798411317249617, 16.623469454761658, 0.0 ], [ 77.798189179878548, 16.631049250871524, 0.0 ], [ 77.797123659492343, 16.633417757900816, 0.0 ], [ 77.789494434669152, 16.639063359610109, 0.0 ], [ 77.780480489723601, 16.649912955518584, 0.0 ], [ 77.774038507869221, 16.654491203086458, 0.0 ], [ 77.767536063899357, 16.669324998131682, 0.0 ], [ 77.766975521258104, 16.67222295230345, 0.0 ], [ 77.767653024826501, 16.682091873851871, 0.0 ], [ 77.764808701823711, 16.688036608883959, 0.0 ], [ 77.762176504594777, 16.690186454929876, 0.0 ], [ 77.759313401507598, 16.689178088059254, 0.0 ], [ 77.749043393279422, 16.69395281088746, 0.0 ], [ 77.751933328790841, 16.70357739162753, 0.0 ], [ 77.749066435823536, 16.704399215248529, 0.0 ], [ 77.754463835000323, 16.723952452358823, 0.0 ], [ 77.745283423073275, 16.739758919331948, 0.0 ], [ 77.73653814263487, 16.746515310197275, 0.0 ], [ 77.726725939098742, 16.751651764021641, 0.0 ], [ 77.710425787248212, 16.751483565516967, 0.0 ], [ 77.707093235791874, 16.750141819013091, 0.0 ], [ 77.696892258760968, 16.748546689803266, 0.0 ], [ 77.689448533356924, 16.753088598552729, 0.0 ], [ 77.679582665727025, 16.756942281020301, 0.0 ], [ 77.677627252519841, 16.75811018189523, 0.0 ], [ 77.676645845903593, 16.7607566805837, 0.0 ], [ 77.674460475304315, 16.776990992145638, 0.0 ], [ 77.679179752718653, 16.777564741761001, 0.0 ], [ 77.680541902504487, 16.781458684764758, 0.0 ], [ 77.680982373630499, 16.788085690729172, 0.0 ], [ 77.679477340305255, 16.795161731027076, 0.0 ], [ 77.681996588466276, 16.792676037256943, 0.0 ], [ 77.686828238105164, 16.791659130902232, 0.0 ], [ 77.689190274364137, 16.791631616064166, 0.0 ], [ 77.694571756623333, 16.793543402042598, 0.0 ], [ 77.701876740999396, 16.786964359276745, 0.0 ], [ 77.708292233991699, 16.783493980441701, 0.0 ], [ 77.711227344182163, 16.793057072754124, 0.0 ], [ 77.716553181674783, 16.792941376725992, 0.0 ], [ 77.735413275643538, 16.789587758608622, 0.0 ], [ 77.74162370752579, 16.793358895520143, 0.0 ], [ 77.737822396286106, 16.802951636641918, 0.0 ], [ 77.73072779479719, 16.809303992281041, 0.0 ], [ 77.72960875844521, 16.811419599042146, 0.0 ], [ 77.735161307435277, 16.815593815318174, 0.0 ], [ 77.743290990334813, 16.824740268278358, 0.0 ], [ 77.743768333863244, 16.827685879998089, 0.0 ], [ 77.739937089391319, 16.836364693455536, 0.0 ], [ 77.734012983291009, 16.841551970832899, 0.0 ], [ 77.732157560158043, 16.845263417716126, 0.0 ], [ 77.728496035831938, 16.848155372035219, 0.0 ], [ 77.727485443106531, 16.85061756327001, 0.0 ], [ 77.73009241068965, 16.856538306208137, 0.0 ], [ 77.73434207189527, 16.86027046433006, 0.0 ], [ 77.735016303788882, 16.866782568711031, 0.0 ], [ 77.732452628764577, 16.870073272636692, 0.0 ], [ 77.731560979390608, 16.873697776669463, 0.0 ], [ 77.733041713688579, 16.876959694581508, 0.0 ], [ 77.739682283385505, 16.883748330605968, 0.0 ], [ 77.739556362831152, 16.889042524242583, 0.0 ], [ 77.741624819362329, 16.892619513173589, 0.0 ], [ 77.742163783296988, 16.895728884928523, 0.0 ], [ 77.740735223651484, 16.901467448259577, 0.0 ], [ 77.743602768900175, 16.908717994876881, 0.0 ], [ 77.746051132013463, 16.911010955291072, 0.0 ], [ 77.74026705879524, 16.920139084859549, 0.0 ], [ 77.740096244673225, 16.924288529882681, 0.0 ], [ 77.741450839346257, 16.929212898724579, 0.0 ], [ 77.741237505170844, 16.933040656071121, 0.0 ], [ 77.73995139221006, 16.934294720468859, 0.0 ], [ 77.740397612124738, 16.93866019639114, 0.0 ], [ 77.730231862312607, 16.939531972194285, 0.0 ], [ 77.730271434460306, 16.944068431902856, 0.0 ], [ 77.736496437295031, 16.944791663160832, 0.0 ], [ 77.740593286930149, 16.948847125684011, 0.0 ], [ 77.745355588487229, 16.949677680310494, 0.0 ], [ 77.749946207798672, 16.952659861611721, 0.0 ], [ 77.750269885000989, 16.959390391789238, 0.0 ], [ 77.754946473946518, 16.968125110749806, 0.0 ], [ 77.760692269286096, 16.974167955727037, 0.0 ], [ 77.760965205809654, 16.978965101719268, 0.0 ], [ 77.759131697259363, 16.983844191614157, 0.0 ], [ 77.75813722320963, 16.985265079047522, 0.0 ], [ 77.755287236630451, 16.984795361670884, 0.0 ], [ 77.75785938685415, 16.992329421255114, 0.0 ], [ 77.761840113887274, 16.997158053526299, 0.0 ], [ 77.761995292683693, 16.999187842390807, 0.0 ], [ 77.763347744592949, 16.999178248539589, 0.0 ], [ 77.762879447388784, 17.002964720474935, 0.0 ], [ 77.768430156740152, 17.003018760539433, 0.0 ], [ 77.778376841164231, 16.999711828331971, 0.0 ], [ 77.798463584308948, 16.999191194474413, 0.0 ], [ 77.798921904171081, 16.992847721171032, 0.0 ], [ 77.813520239019212, 16.99485958603659, 0.0 ], [ 77.819958311992394, 16.989726422184148, 0.0 ], [ 77.825195591790134, 16.987173959023146, 0.0 ], [ 77.834386919430017, 16.987954180948293, 0.0 ], [ 77.831929256311028, 16.977874757817258, 0.0 ], [ 77.826769096976605, 16.965892519329596, 0.0 ], [ 77.829377891142272, 16.965621507738742, 0.0 ], [ 77.835230910654857, 16.962732783822485, 0.0 ], [ 77.8403147749314, 16.962363367446088, 0.0 ], [ 77.841709916062598, 16.961074586140551, 0.0 ], [ 77.843605549931993, 16.96093097532291, 0.0 ], [ 77.847953000757443, 16.951795745500178, 0.0 ], [ 77.851880330091461, 16.949759944164484, 0.0 ], [ 77.85784432254431, 16.949662243533755, 0.0 ], [ 77.863549171499486, 16.951731932319099, 0.0 ], [ 77.865689183155993, 16.953336609126563, 0.0 ], [ 77.868797180274541, 16.958458286311, 0.0 ], [ 77.86961902155285, 16.966595092401437, 0.0 ], [ 77.870489948086217, 16.967876706759181, 0.0 ], [ 77.874203253166826, 16.968858722530129, 0.0 ], [ 77.878422265658287, 16.968218829393802, 0.0 ], [ 77.883207810576963, 16.961367561705512, 0.0 ], [ 77.88424636699348, 16.958174026324446, 0.0 ], [ 77.880542812952896, 16.95152128755533, 0.0 ], [ 77.87790041826851, 16.941051011434936, 0.0 ], [ 77.871813668989262, 16.932763402452771, 0.0 ], [ 77.869634855901737, 16.927739181779085, 0.0 ], [ 77.87742305334578, 16.928911658236135, 0.0 ], [ 77.88347994144705, 16.927787856095804, 0.0 ], [ 77.889809095628522, 16.924898950047162, 0.0 ], [ 77.89890344949815, 16.92677867948392, 0.0 ], [ 77.903333030218917, 16.9264845839411, 0.0 ], [ 77.909887738665873, 16.922851666722195, 0.0 ], [ 77.91471890580452, 16.921300448864415, 0.0 ], [ 77.921496020399715, 16.914291638466917, 0.0 ], [ 77.931855022310913, 16.907063595707481, 0.0 ], [ 77.933740141225087, 16.895780305881964, 0.0 ], [ 77.936391454562951, 16.888770892096577, 0.0 ], [ 77.942840451290067, 16.882643788921087, 0.0 ], [ 77.948261236040238, 16.872099306488579, 0.0 ], [ 77.954891983153573, 16.86856083602315, 0.0 ], [ 77.959526105505191, 16.863220963772207, 0.0 ], [ 77.960170913036464, 16.860560444442047, 0.0 ], [ 77.967017352330345, 16.850421345694734, 0.0 ], [ 77.977509073636966, 16.847109029436055, 0.0 ], [ 77.980161089578829, 16.849058021378454, 0.0 ], [ 77.984053237875159, 16.856502920119855, 0.0 ], [ 77.987120099577567, 16.859813359911893, 0.0 ], [ 77.989048468504009, 16.864019417419886, 0.0 ], [ 77.990445042409775, 16.870896413566566, 0.0 ], [ 77.983317623091764, 16.872919664881046, 0.0 ], [ 77.982949846948031, 16.874136367279569, 0.0 ], [ 77.978537978786605, 16.876820174189877, 0.0 ], [ 77.980259139828604, 16.879965577383643, 0.0 ], [ 77.980580037701088, 16.890506549564517, 0.0 ], [ 77.981598361792891, 16.89352148534104, 0.0 ], [ 77.985527364951309, 16.898153723774207, 0.0 ], [ 77.988056747662583, 16.899092648298247, 0.0 ], [ 77.992426139685833, 16.900143678259223, 0.0 ], [ 77.999709688058971, 16.899211911290379, 0.0 ], [ 78.003171663167237, 16.900333368139734, 0.0 ], [ 78.004357905857745, 16.901622696880477, 0.0 ], [ 78.008698255177805, 16.902749870071442, 0.0 ], [ 78.011287996439336, 16.909713021842528, 0.0 ], [ 78.010074996473179, 16.923921658910693, 0.0 ], [ 78.008992543859421, 16.928526308356496, 0.0 ], [ 78.007295642596333, 16.934168352952664, 0.0 ], [ 78.004629477417311, 16.936194766779991, 0.0 ], [ 78.005654549718145, 16.936496260832271, 0.0 ], [ 78.008489704606802, 16.944140608153237, 0.0 ], [ 78.012227588525107, 16.943569315153741, 0.0 ], [ 78.010874111060801, 16.94992084357629, 0.0 ], [ 77.998763507484199, 16.952668601174484, 0.0 ], [ 77.994123890520143, 16.94949354705826, 0.0 ], [ 77.990031498149122, 16.951322098762152, 0.0 ], [ 77.987831198257652, 16.953263285533779, 0.0 ], [ 77.98553755306996, 16.959942766192839, 0.0 ], [ 77.986387504188542, 16.961458764890459, 0.0 ], [ 77.987915029398849, 16.962164173491168, 0.0 ], [ 77.99234158534621, 16.962528481313392, 0.0 ], [ 77.995273922786836, 16.963996579536516, 0.0 ], [ 77.996478309889071, 16.966104639430299, 0.0 ], [ 77.999765711019208, 16.979985280888162, 0.0 ], [ 78.010601012349596, 16.978593472317968, 0.0 ], [ 78.014417337629112, 16.985267854845912, 0.0 ], [ 78.01387906348593, 16.986582047160759, 0.0 ], [ 78.008834985675577, 16.990421235014651, 0.0 ], [ 78.009938605269085, 17.001246894728709, 0.0 ], [ 78.016922779849054, 17.007221024290342, 0.0 ], [ 78.021079390035382, 17.009318029714965, 0.0 ], [ 78.026659869719126, 17.010843145509956, 0.0 ], [ 78.034721453002959, 17.010638801465586, 0.0 ], [ 78.057849416947974, 17.001286717210018, 0.0 ], [ 78.059824095163862, 17.001227981408974, 0.0 ], [ 78.063890666120002, 17.004182402758161, 0.0 ], [ 78.068388567289418, 17.005694525055894, 0.0 ], [ 78.074921704958001, 17.000992417551412, 0.0 ], [ 78.085176094381453, 16.996579023039533, 0.0 ], [ 78.088417327245907, 16.989800776719441, 0.0 ], [ 78.089304873239925, 16.986016606811251, 0.0 ], [ 78.092184211657113, 16.98345345503126, 0.0 ], [ 78.095242738262442, 16.984668357729333, 0.0 ], [ 78.097304749014711, 16.983990690573577, 0.0 ], [ 78.099832600119811, 16.984412706835268, 0.0 ], [ 78.100341700390402, 16.982745236536552, 0.0 ], [ 78.108462861525766, 16.98309444268402, 0.0 ], [ 78.114446252310259, 16.98650355644892, 0.0 ], [ 78.119735585816755, 16.983198246992099, 0.0 ], [ 78.124839943238911, 16.986651545799344, 0.0 ], [ 78.126518128029389, 16.991291995883312, 0.0 ], [ 78.126780961879064, 16.994442371506217, 0.0 ], [ 78.136410876808668, 16.993256253587873, 0.0 ], [ 78.13685377046049, 16.995906622441989, 0.0 ], [ 78.135881502960444, 17.007599336196098, 0.0 ], [ 78.146689488392354, 17.013683956230143, 0.0 ], [ 78.150096646625684, 17.013721534781503, 0.0 ], [ 78.15603979350054, 17.012362662490474, 0.0 ], [ 78.160210204671145, 17.012756411728581, 0.0 ], [ 78.174158304146729, 17.008437274298423, 0.0 ], [ 78.175713539274057, 17.004492811018682, 0.0 ], [ 78.176614860414588, 16.997805264902237, 0.0 ], [ 78.183380075339997, 16.991633829595717, 0.0 ], [ 78.183175349166945, 16.989456389030771, 0.0 ], [ 78.185911700526106, 16.988554641788664, 0.0 ], [ 78.184994152377456, 16.983855093251325, 0.0 ], [ 78.181627751670163, 16.979997169020496, 0.0 ], [ 78.181283573487647, 16.973702944261973, 0.0 ], [ 78.18648285089715, 16.971141202235273, 0.0 ], [ 78.191275478922819, 16.963971265719263, 0.0 ], [ 78.19448327728567, 16.961695183950852, 0.0 ], [ 78.196332796662446, 16.961448369528423, 0.0 ], [ 78.198681229986164, 16.957919361148637, 0.0 ], [ 78.201085974858998, 16.957610612860076, 0.0 ], [ 78.20292528734835, 16.954211711238514, 0.0 ], [ 78.206850811872044, 16.954032497507356, 0.0 ], [ 78.211253891189813, 16.952388605231118, 0.0 ], [ 78.211321207778312, 16.946591735641391, 0.0 ], [ 78.219527503347365, 16.939059848674606, 0.0 ], [ 78.225478600432027, 16.939214055930474, 0.0 ], [ 78.233120726739216, 16.940629734935921, 0.0 ], [ 78.233921331550761, 16.947408082827874, 0.0 ], [ 78.24061264548655, 16.96375937564428, 0.0 ], [ 78.261731651442531, 16.961120119694694, 0.0 ], [ 78.264453104121017, 16.963947973941742, 0.0 ], [ 78.269525001547393, 16.965045885109014, 0.0 ], [ 78.277112663869289, 16.956401842073024, 0.0 ], [ 78.274318082295522, 16.947979277662103, 0.0 ], [ 78.272062711383001, 16.935515005012615, 0.0 ], [ 78.271920360886298, 16.933148316193552, 0.0 ], [ 78.274881166088505, 16.924749774971577, 0.0 ], [ 78.275661065145357, 16.92349630288377, 0.0 ], [ 78.301627387863107, 16.919253055329513, 0.0 ], [ 78.3007521094965, 16.908856263632291, 0.0 ], [ 78.303829556810882, 16.901643315040406, 0.0 ], [ 78.304154069272286, 16.889811727524833, 0.0 ], [ 78.303077630165959, 16.880186145546752, 0.0 ], [ 78.299340398520641, 16.879206865260141, 0.0 ], [ 78.30499048750832, 16.875439416317001, 0.0 ], [ 78.3162813913967, 16.874624038052726, 0.0 ], [ 78.318379225779935, 16.87095085742925, 0.0 ], [ 78.320382969500784, 16.86473959719568, 0.0 ], [ 78.320289404844644, 16.862160837277038, 0.0 ], [ 78.322078262140508, 16.85795530411874, 0.0 ], [ 78.320536601614208, 16.856370287132606, 0.0 ], [ 78.328374512490782, 16.851720078766959, 0.0 ], [ 78.326588494733883, 16.848861748421065, 0.0 ], [ 78.324300561465265, 16.840006090229856, 0.0 ], [ 78.322936622864631, 16.825312513412104, 0.0 ], [ 78.32540585179683, 16.82324840432803, 0.0 ], [ 78.330292334894821, 16.814009339904814, 0.0 ], [ 78.331877748741562, 16.81287680934313, 0.0 ], [ 78.332925757171381, 16.808523383093657, 0.0 ], [ 78.334415828760285, 16.807516508631398, 0.0 ], [ 78.334828825173631, 16.806249891476742, 0.0 ], [ 78.332628778732101, 16.80179551073061, 0.0 ], [ 78.333330751963018, 16.798157609056958, 0.0 ], [ 78.336774696289552, 16.794502365622034, 0.0 ], [ 78.340492571232474, 16.793260310488805, 0.0 ], [ 78.342297903776583, 16.788326541999904, 0.0 ], [ 78.344756771507861, 16.785420989108349, 0.0 ], [ 78.346893612455816, 16.784488387294658, 0.0 ], [ 78.348623877518861, 16.785971233991752, 0.0 ], [ 78.348935395009306, 16.781510675588127, 0.0 ], [ 78.346448860408799, 16.773200377929694, 0.0 ], [ 78.350199863037929, 16.772324854262166, 0.0 ], [ 78.35577453361914, 16.769079657141756, 0.0 ], [ 78.361986327465146, 16.763765100859299, 0.0 ], [ 78.367656316221655, 16.756446028207964, 0.0 ], [ 78.371396159139294, 16.753087050355767, 0.0 ], [ 78.371902617064919, 16.74965053472852, 0.0 ], [ 78.366939768162482, 16.744571756372789, 0.0 ], [ 78.363390966980504, 16.734640871083535, 0.0 ], [ 78.361887849107262, 16.726955556339927, 0.0 ], [ 78.36004457830677, 16.725978256905805, 0.0 ], [ 78.350471120715014, 16.708673451847059, 0.0 ], [ 78.354823105797323, 16.701608026648238, 0.0 ], [ 78.356069415595115, 16.697043809194014, 0.0 ], [ 78.353582657060642, 16.689244432342818, 0.0 ], [ 78.350833280403734, 16.683613126397468, 0.0 ], [ 78.349794853412888, 16.682453943600301, 0.0 ], [ 78.344741965075571, 16.682823273012154, 0.0 ], [ 78.341925100067542, 16.684246406956071, 0.0 ], [ 78.337095495196138, 16.685214875517172, 0.0 ], [ 78.318398045024864, 16.682956818967536, 0.0 ], [ 78.317044794956814, 16.684819816725305, 0.0 ], [ 78.31128542382092, 16.687953471522658, 0.0 ], [ 78.298293148687151, 16.690392524227292, 0.0 ], [ 78.297882403967904, 16.693137982724409, 0.0 ], [ 78.295534441823733, 16.697070844119043, 0.0 ], [ 78.285383599092484, 16.702564212945848, 0.0 ], [ 78.282070766694275, 16.705880863745836, 0.0 ], [ 78.277488063587541, 16.707768620108048, 0.0 ], [ 78.268948970827026, 16.709266394528782, 0.0 ], [ 78.265398773151162, 16.711124126878083, 0.0 ], [ 78.263809814842418, 16.713020439531263, 0.0 ], [ 78.263131674382208, 16.717368517845266, 0.0 ], [ 78.259540852279756, 16.721966288212506, 0.0 ], [ 78.235104113222107, 16.742329900305837, 0.0 ], [ 78.233848864082091, 16.73924572085221, 0.0 ], [ 78.229837417982921, 16.741545590358207, 0.0 ], [ 78.22362703905074, 16.741596676900013, 0.0 ], [ 78.222854405511683, 16.736970956483429, 0.0 ], [ 78.218362420000318, 16.731712776011438, 0.0 ], [ 78.216652242772838, 16.726995496842477, 0.0 ], [ 78.213525132567909, 16.722656329483552, 0.0 ], [ 78.212434318350745, 16.716747238171102, 0.0 ], [ 78.211760197546567, 16.716613360691447, 0.0 ], [ 78.211633279493796, 16.710967848301724, 0.0 ], [ 78.210258934684063, 16.711310297228113, 0.0 ], [ 78.208209789054521, 16.707529944521323, 0.0 ], [ 78.198333580907914, 16.701295038753013, 0.0 ], [ 78.188209592483915, 16.704649404616138, 0.0 ], [ 78.182511034665282, 16.703976763612914, 0.0 ], [ 78.181350481113611, 16.714081049458695, 0.0 ], [ 78.183306891967916, 16.723717432775917, 0.0 ], [ 78.183219954274705, 16.731124390369704, 0.0 ], [ 78.163915089656669, 16.72959243384588, 0.0 ], [ 78.163028501641179, 16.72916203888192, 0.0 ], [ 78.160795314043682, 16.724732526555307, 0.0 ], [ 78.157573640384641, 16.714236341053976, 0.0 ], [ 78.158131868235699, 16.710303274024717, 0.0 ], [ 78.155444935614284, 16.701034029259617, 0.0 ], [ 78.154501326641025, 16.699097018009418, 0.0 ], [ 78.153248734119074, 16.699463043595905, 0.0 ], [ 78.144655239121406, 16.688156351144286, 0.0 ], [ 78.144528499629516, 16.682655545328444, 0.0 ], [ 78.142395021371684, 16.681745394605503, 0.0 ], [ 78.142768180593322, 16.679180686678755, 0.0 ], [ 78.141822939236647, 16.678573267675574, 0.0 ], [ 78.141952134883624, 16.675612319086209, 0.0 ], [ 78.140360990452848, 16.674862006594459, 0.0 ], [ 78.140312090276936, 16.669162925812675, 0.0 ], [ 78.139504790548429, 16.667991668056274, 0.0 ], [ 78.140131537267962, 16.661101617090619, 0.0 ], [ 78.150849265256269, 16.647955637853379, 0.0 ], [ 78.150288429357929, 16.646203667353443, 0.0 ], [ 78.14095488251597, 16.635404137465777, 0.0 ], [ 78.134996883276514, 16.631109120561401, 0.0 ], [ 78.130310407948713, 16.626041275923221, 0.0 ], [ 78.129606904034887, 16.613917180851626, 0.0 ], [ 78.127476640590146, 16.609687236912421, 0.0 ], [ 78.127852048780809, 16.607330591136908, 0.0 ], [ 78.1257045778557, 16.60024217956158, 0.0 ], [ 78.12622280740031, 16.593812139052361, 0.0 ], [ 78.125243976832621, 16.591743356692529, 0.0 ], [ 78.119013939089839, 16.592257056907844, 0.0 ], [ 78.116143635851685, 16.598077171979103, 0.0 ], [ 78.113231816276553, 16.597623844463993, 0.0 ], [ 78.111408952094493, 16.598643559069739, 0.0 ], [ 78.101671952444264, 16.59825340168608, 0.0 ], [ 78.089632608756048, 16.604340314862238, 0.0 ], [ 78.076858710326533, 16.609065841014161, 0.0 ], [ 78.07024962609141, 16.614788508211106, 0.0 ], [ 78.068922546341241, 16.618178806229633, 0.0 ], [ 78.069108302627498, 16.624811211450979, 0.0 ], [ 78.062767720828745, 16.624295345203926, 0.0 ], [ 78.057927496092844, 16.626505544531923, 0.0 ], [ 78.056018933673727, 16.623417134551421, 0.0 ], [ 78.051189785366972, 16.625107239658245, 0.0 ], [ 78.038129015427856, 16.625951260568993, 0.0 ], [ 78.037535953566817, 16.624981160391822, 0.0 ], [ 78.031061848742453, 16.622024875846357, 0.0 ], [ 78.025516366855896, 16.616487863172036, 0.0 ], [ 78.021455379782367, 16.616010854188932, 0.0 ], [ 78.012260103973404, 16.617237495210937, 0.0 ], [ 78.008414606862658, 16.615677327154476, 0.0 ], [ 78.000124072813861, 16.607312279426306, 0.0 ], [ 78.00002239301115, 16.602747665221955, 0.0 ], [ 77.998493795592651, 16.602340676643934, 0.0 ], [ 77.998270535169908, 16.599230925156061, 0.0 ], [ 78.00013128571949, 16.598221722108537, 0.0 ], [ 78.000425091941111, 16.594652203505223, 0.0 ], [ 78.003699233523477, 16.59462739366553, 0.0 ], [ 78.004271679337918, 16.591269218589371, 0.0 ], [ 78.00514054708124, 16.591546282607503, 0.0 ], [ 78.006816612834754, 16.594754502824856, 0.0 ], [ 78.00858904157765, 16.595164172916547, 0.0 ], [ 78.022020544211784, 16.58893091182156, 0.0 ], [ 78.013771017796998, 16.585170969427153, 0.0 ], [ 78.012594291361765, 16.580666105216363, 0.0 ], [ 78.014315558404775, 16.577312276113904, 0.0 ], [ 78.0237599552555, 16.56804253937463, 0.0 ], [ 78.022740105287625, 16.566723648529582, 0.0 ], [ 78.009422880930472, 16.566626490000473, 0.0 ], [ 78.003885209245254, 16.567817800752195, 0.0 ], [ 78.002516412957604, 16.566522738901007, 0.0 ], [ 78.002392635665103, 16.56444534908384, 0.0 ], [ 77.998015234440743, 16.55831526157397, 0.0 ], [ 77.997825480987487, 16.554789698485742, 0.0 ], [ 77.998766501403907, 16.553425953777829, 0.0 ], [ 78.013951653987945, 16.545508608398737, 0.0 ], [ 78.020162181623093, 16.533387854866469, 0.0 ], [ 78.019069556416142, 16.531900680224862, 0.0 ], [ 78.01957336522689, 16.530237623981641, 0.0 ], [ 78.018706469816479, 16.528712383932191, 0.0 ], [ 78.007279666816402, 16.532463553533645, 0.0 ], [ 77.997996367309085, 16.531309514176545, 0.0 ], [ 77.996227588983942, 16.528479564834992, 0.0 ], [ 77.994318909617235, 16.52034589741989, 0.0 ], [ 77.995366293249518, 16.516317224714083, 0.0 ], [ 77.992995002227218, 16.516020077945829, 0.0 ], [ 77.989537515973339, 16.518636971709341, 0.0 ], [ 77.985509914892035, 16.515693928214024, 0.0 ], [ 77.986945134516048, 16.510636814970045, 0.0 ], [ 77.985437721402207, 16.507624227096802, 0.0 ], [ 77.98604870319673, 16.504676908146923, 0.0 ], [ 77.983139848150884, 16.50231743326432, 0.0 ], [ 77.977367257664852, 16.502148936493793, 0.0 ], [ 77.967969108206134, 16.504285625763657, 0.0 ], [ 77.967386710426567, 16.501433109861551, 0.0 ], [ 77.941111594473895, 16.501834560708858, 0.0 ], [ 77.940643033259448, 16.499942044559177, 0.0 ], [ 77.935777486975311, 16.49440691411802, 0.0 ], [ 77.933737210122729, 16.490515189559272, 0.0 ], [ 77.931055269714079, 16.48226478420748, 0.0 ], [ 77.931394638269893, 16.476719369159042, 0.0 ], [ 77.930735721060358, 16.474038363224874, 0.0 ], [ 77.927610852936141, 16.469957055318407, 0.0 ], [ 77.922471061645808, 16.466195001200568, 0.0 ], [ 77.92062289729526, 16.463784424665299, 0.0 ], [ 77.924162443859231, 16.45366464139693, 0.0 ], [ 77.924017757868739, 16.451826536538213, 0.0 ], [ 77.922640756785952, 16.449593654933022, 0.0 ], [ 77.919213252232609, 16.44683824367241, 0.0 ], [ 77.916464812034931, 16.442684419642482, 0.0 ], [ 77.90276701992164, 16.44471979866195, 0.0 ], [ 77.90057953021082, 16.44997118299047, 0.0 ], [ 77.89596714499443, 16.451434321937455, 0.0 ], [ 77.891572713708072, 16.45129435707225, 0.0 ], [ 77.89028666971528, 16.449654781656648, 0.0 ], [ 77.880089016225114, 16.449587984231826, 0.0 ], [ 77.87414757968196, 16.447357039183473, 0.0 ], [ 77.863890239206881, 16.446849930797189, 0.0 ], [ 77.863307953802035, 16.43780598768976, 0.0 ], [ 77.867965470714267, 16.426619854616799, 0.0 ], [ 77.85371572675399, 16.419178901592062, 0.0 ], [ 77.847084527680551, 16.41884723823846, 0.0 ], [ 77.823549203328739, 16.407551748769365, 0.0 ], [ 77.82745144769514, 16.400011505348182, 0.0 ], [ 77.831886256245369, 16.397416952893781, 0.0 ], [ 77.826803549998402, 16.396294519955653, 0.0 ], [ 77.81720822929725, 16.391745453708346, 0.0 ], [ 77.80224802417446, 16.397878651391057, 0.0 ], [ 77.796917983929617, 16.405938570397513, 0.0 ], [ 77.792765228409124, 16.407726362791877, 0.0 ], [ 77.791409985631674, 16.409513712243761, 0.0 ], [ 77.790816391760529, 16.412817047189037, 0.0 ] ], [ [ 78.157718699995456, 16.789200577452835, 0.0 ], [ 78.157682084617932, 16.789331900979757, 0.0 ], [ 78.157604101349364, 16.7896115898589, 0.0 ], [ 78.157718699995456, 16.789200577452835, 0.0 ] ], [ [ 78.102272867584915, 16.772323424628873, 0.0 ], [ 78.102135713817447, 16.77204008498493, 0.0 ], [ 78.102272867584915, 16.772323424628873, 0.0 ], [ 78.102272867584915, 16.772323424628873, 0.0 ] ], [ [ 78.133822705357431, 16.796143775661747, 0.0 ], [ 78.134822617939093, 16.796013812902892, 0.0 ], [ 78.134602998035547, 16.796042358789304, 0.0 ], [ 78.133822705357431, 16.796143775661747, 0.0 ] ], [ [ 78.158779517416349, 16.803619124811874, 0.0 ], [ 78.158827070544007, 16.801475706635159, 0.0 ], [ 78.158840102760536, 16.800888289404622, 0.0 ], [ 78.158779517416349, 16.803619124811874, 0.0 ] ] ] } },
{ "type": "Feature", "properties": { "DISTRICT": "MANCHERIAL", "Dist_LGD": "684" }, "geometry": { "type": "Polygon", "coordinates": [ [ [ 79.173512981320101, 18.881019157965579, 0.0 ], [ 79.158961749463799, 18.895938069871786, 0.0 ], [ 79.152407369168131, 18.904320750381178, 0.0 ], [ 79.130507156530257, 18.921788321579477, 0.0 ], [ 79.124110386492831, 18.929732880076404, 0.0 ], [ 79.118285879770923, 18.935887759792514, 0.0 ], [ 79.113046179023186, 18.939851184146157, 0.0 ], [ 79.106786533562627, 18.947023651179599, 0.0 ], [ 79.104287539743311, 18.951980121816053, 0.0 ], [ 79.103082144973826, 18.957893410635965, 0.0 ], [ 79.10417106332585, 18.968229565668118, 0.0 ], [ 79.101337775815381, 18.974737382854684, 0.0 ], [ 79.09595546410101, 18.981824670511962, 0.0 ], [ 79.0922552757971, 18.989315685036743, 0.0 ], [ 79.08952735962454, 19.00083702970927, 0.0 ], [ 79.090570414534511, 19.010233164474489, 0.0 ], [ 79.085476418249769, 19.023192933898404, 0.0 ], [ 79.083021319276668, 19.025827754630253, 0.0 ], [ 79.081219411975894, 19.031994002157596, 0.0 ], [ 79.075247888961641, 19.040761056691455, 0.0 ], [ 79.065927580926711, 19.049541711158071, 0.0 ], [ 79.057639611975247, 19.053478533950351, 0.0 ], [ 79.049246808914845, 19.058705884654771, 0.0 ], [ 79.046819226526935, 19.058161156257547, 0.0 ], [ 79.037075064732406, 19.063017647382928, 0.0 ], [ 79.027106690284711, 19.071078543194307, 0.0 ], [ 79.025622014741529, 19.073958568880311, 0.0 ], [ 79.021960625031426, 19.07574886335934, 0.0 ], [ 79.018226668471655, 19.075199347508043, 0.0 ], [ 79.016971369507246, 19.072892095342858, 0.0 ], [ 79.012943166035853, 19.073568822265038, 0.0 ], [ 79.009603385333776, 19.072425729207584, 0.0 ], [ 79.005144097994446, 19.074187690080908, 0.0 ], [ 79.000519255772232, 19.074620654501192, 0.0 ], [ 78.988109129763842, 19.072054582005933, 0.0 ], [ 78.978794998231848, 19.07387673104709, 0.0 ], [ 78.974554191157935, 19.076213055882864, 0.0 ], [ 78.963347119239003, 19.077700473215682, 0.0 ], [ 78.956918459251497, 19.076177715024258, 0.0 ], [ 78.953206171941872, 19.077113014456948, 0.0 ], [ 78.947569341468395, 19.072795798179921, 0.0 ], [ 78.940793243419961, 19.080884676748969, 0.0 ], [ 78.942043773998549, 19.084276144541754, 0.0 ], [ 78.941818346857886, 19.094042449311459, 0.0 ], [ 78.938513508922838, 19.100385881756193, 0.0 ], [ 78.941249703048896, 19.1086923395372, 0.0 ], [ 78.93072766205114, 19.118641052257839, 0.0 ], [ 78.923780704435899, 19.114106123726252, 0.0 ], [ 78.913570786753368, 19.11651033524053, 0.0 ], [ 78.917081915398384, 19.110638507566755, 0.0 ], [ 78.920784232781131, 19.109265789473735, 0.0 ], [ 78.921148453277866, 19.106540920113105, 0.0 ], [ 78.91209687584103, 19.104424088744402, 0.0 ], [ 78.90289548067166, 19.093969548075371, 0.0 ], [ 78.889229428834511, 19.103680771143488, 0.0 ], [ 78.887008210848904, 19.105732451443153, 0.0 ], [ 78.885287628061562, 19.109278006277179, 0.0 ], [ 78.880302626148037, 19.113458408944496, 0.0 ], [ 78.882616156047717, 19.122046803261206, 0.0 ], [ 78.886725470549038, 19.127234587593971, 0.0 ], [ 78.888082760274202, 19.131430876680422, 0.0 ], [ 78.885623616903331, 19.138059652766547, 0.0 ], [ 78.885427278474623, 19.145125236787671, 0.0 ], [ 78.882372907008929, 19.153596348872036, 0.0 ], [ 78.883106511197369, 19.155656482620234, 0.0 ], [ 78.880216029855148, 19.15924721188933, 0.0 ], [ 78.877513070916777, 19.159154617187955, 0.0 ], [ 78.87762627045548, 19.160392765448083, 0.0 ], [ 78.902633139621088, 19.178023331658135, 0.0 ], [ 78.911022339643182, 19.181919045274764, 0.0 ], [ 78.914260166552495, 19.182904742141734, 0.0 ], [ 78.919932783177771, 19.182544537524912, 0.0 ], [ 78.921294546899574, 19.183972375764533, 0.0 ], [ 78.920453483284732, 19.186892202146804, 0.0 ], [ 78.918175636757681, 19.188234695814828, 0.0 ], [ 78.918007039529698, 19.189091411667121, 0.0 ], [ 78.917947877968373, 19.201630368329635, 0.0 ], [ 78.92755213681771, 19.20883503741026, 0.0 ], [ 78.930524520853695, 19.213927458774563, 0.0 ], [ 78.933766931090133, 19.214416138261043, 0.0 ], [ 78.935812783199097, 19.217722698060911, 0.0 ], [ 78.937179322771584, 19.223340674849393, 0.0 ], [ 78.936311347372978, 19.224878626714119, 0.0 ], [ 78.937124680664454, 19.226595835587471, 0.0 ], [ 78.936124275940443, 19.228629420649991, 0.0 ], [ 78.938288908689074, 19.230193876472782, 0.0 ], [ 78.938753619700009, 19.232703229262409, 0.0 ], [ 78.941170219454804, 19.235448004769598, 0.0 ], [ 78.946435407063134, 19.239852234350462, 0.0 ], [ 78.947619561178115, 19.241576549495026, 0.0 ], [ 78.948096755224469, 19.244320790838891, 0.0 ], [ 78.953257712753199, 19.249925157035346, 0.0 ], [ 78.962959493519861, 19.247077728372801, 0.0 ], [ 78.966413287753994, 19.244962124950604, 0.0 ], [ 78.966237805246891, 19.241294457639444, 0.0 ], [ 78.968038522173075, 19.23960953346954, 0.0 ], [ 78.968034240054592, 19.234118926552515, 0.0 ], [ 78.971358373954459, 19.232128786048904, 0.0 ], [ 78.972826699164344, 19.232807424807834, 0.0 ], [ 78.975459884629913, 19.232239061371882, 0.0 ], [ 78.978803897523434, 19.230131455664178, 0.0 ], [ 78.984782195143268, 19.23523520937448, 0.0 ], [ 78.988151318604025, 19.234771186375134, 0.0 ], [ 78.99095554674031, 19.236055140230601, 0.0 ], [ 78.992679054198675, 19.234482348808569, 0.0 ], [ 78.994440799353299, 19.234724954809479, 0.0 ], [ 78.998113467561268, 19.231282839245626, 0.0 ], [ 78.998289353844001, 19.225125238394607, 0.0 ], [ 78.999054285034603, 19.224552564673132, 0.0 ], [ 78.99785170228887, 19.222096945837873, 0.0 ], [ 78.998624165608717, 19.220553500492763, 0.0 ], [ 79.007735633786993, 19.216909722529987, 0.0 ], [ 79.015828580509265, 19.214035178239811, 0.0 ], [ 79.057799500103982, 19.208824916885259, 0.0 ], [ 79.070005274683666, 19.187489621154661, 0.0 ], [ 79.074463162992373, 19.18618256909668, 0.0 ], [ 79.078874316339494, 19.183466353630905, 0.0 ], [ 79.083417181372411, 19.178958127148281, 0.0 ], [ 79.08601536557417, 19.180447248284569, 0.0 ], [ 79.089244291954671, 19.178842879339186, 0.0 ], [ 79.090789192434954, 19.179444473658979, 0.0 ], [ 79.09281759811411, 19.178897821651205, 0.0 ], [ 79.104649822284117, 19.169754108867959, 0.0 ], [ 79.106708957604368, 19.162249052613348, 0.0 ], [ 79.113511939559686, 19.154480960483674, 0.0 ], [ 79.115544085091301, 19.150705365506454, 0.0 ], [ 79.120569172727386, 19.148317274073804, 0.0 ], [ 79.122515849942488, 19.143150258871174, 0.0 ], [ 79.1223112614109, 19.141171069273078, 0.0 ], [ 79.124544997557749, 19.137062606084584, 0.0 ], [ 79.12999866951553, 19.132446154546084, 0.0 ], [ 79.133260390527482, 19.132096539077232, 0.0 ], [ 79.136544091695299, 19.128617741257695, 0.0 ], [ 79.135171743207508, 19.111575615717999, 0.0 ], [ 79.141114463866913, 19.111626671360156, 0.0 ], [ 79.14082817552746, 19.104322786641557, 0.0 ], [ 79.146682218816906, 19.098638074850189, 0.0 ], [ 79.148738294837628, 19.094645427097873, 0.0 ], [ 79.150593965120493, 19.092832725911713, 0.0 ], [ 79.152775797143008, 19.091247710419253, 0.0 ], [ 79.162103950746712, 19.090027923825538, 0.0 ], [ 79.195637234933372, 19.082588154588741, 0.0 ], [ 79.198275511746715, 19.078720447959469, 0.0 ], [ 79.198737766339406, 19.07210737409919, 0.0 ], [ 79.201278998867579, 19.070655002548861, 0.0 ], [ 79.203075788590922, 19.066876927253201, 0.0 ], [ 79.205356835329226, 19.065251431470866, 0.0 ], [ 79.208938693363109, 19.064428396570161, 0.0 ], [ 79.213033437117716, 19.061454256419591, 0.0 ], [ 79.223750274693259, 19.049523492593707, 0.0 ], [ 79.224449212540094, 19.045765775487794, 0.0 ], [ 79.223398389725119, 19.040891191579146, 0.0 ], [ 79.224068269341231, 19.037228103712955, 0.0 ], [ 79.226092332028244, 19.033337832612652, 0.0 ], [ 79.235641505243521, 19.03278022907914, 0.0 ], [ 79.244325404645735, 19.030058164239641, 0.0 ], [ 79.248601673948883, 19.029672136118492, 0.0 ], [ 79.253397705346671, 19.030427065930148, 0.0 ], [ 79.267222557819849, 19.033920886774045, 0.0 ], [ 79.262393732506865, 19.042040226251451, 0.0 ], [ 79.262167993590069, 19.044680784588991, 0.0 ], [ 79.264415939134764, 19.048907170896982, 0.0 ], [ 79.273757900389739, 19.060137821912246, 0.0 ], [ 79.273824312808401, 19.082013414884038, 0.0 ], [ 79.276901578148539, 19.116888675345233, 0.0 ], [ 79.283267001325967, 19.11090968808422, 0.0 ], [ 79.303885219495243, 19.095337278974483, 0.0 ], [ 79.310839260837511, 19.093045625016398, 0.0 ], [ 79.316057582018942, 19.092609193295754, 0.0 ], [ 79.317136537711079, 19.126108727278808, 0.0 ], [ 79.322397353780715, 19.138420227187932, 0.0 ], [ 79.326211289233015, 19.144153245740014, 0.0 ], [ 79.326289335120478, 19.145404522420623, 0.0 ], [ 79.325508081367303, 19.149667527976479, 0.0 ], [ 79.321741245281459, 19.154970845534592, 0.0 ], [ 79.32296562453395, 19.155694866759745, 0.0 ], [ 79.317411573520715, 19.161381811368603, 0.0 ], [ 79.317417694170501, 19.163499597076214, 0.0 ], [ 79.322161593160104, 19.16559374752449, 0.0 ], [ 79.334591025628725, 19.169043424352793, 0.0 ], [ 79.348307894176742, 19.177430273455958, 0.0 ], [ 79.34344148288848, 19.17745381560065, 0.0 ], [ 79.343363032237392, 19.179462835825515, 0.0 ], [ 79.346751944549965, 19.188182264537421, 0.0 ], [ 79.350974410353331, 19.192620821426218, 0.0 ], [ 79.350942994395254, 19.210817651708176, 0.0 ], [ 79.350759105981197, 19.211367485814872, 0.0 ], [ 79.346350598850023, 19.210987200460497, 0.0 ], [ 79.343772692218536, 19.212070675398735, 0.0 ], [ 79.341150750203397, 19.210995432177395, 0.0 ], [ 79.339395833679603, 19.211171178966215, 0.0 ], [ 79.340328283687811, 19.221389777292313, 0.0 ], [ 79.349765025416005, 19.218717671452708, 0.0 ], [ 79.36943914331583, 19.207185788187825, 0.0 ], [ 79.379854962072457, 19.207628520573095, 0.0 ], [ 79.387271454128509, 19.206474862126175, 0.0 ], [ 79.387362712008141, 19.207125494200586, 0.0 ], [ 79.389034660048594, 19.207314735855373, 0.0 ], [ 79.393587387920959, 19.204913445148055, 0.0 ], [ 79.39465860248518, 19.205433742076032, 0.0 ], [ 79.394800512207951, 19.20472098676693, 0.0 ], [ 79.39858697526148, 19.203322563865946, 0.0 ], [ 79.407942599487313, 19.201261495225161, 0.0 ], [ 79.413382812009687, 19.198159836879199, 0.0 ], [ 79.419609889200814, 19.196267634703734, 0.0 ], [ 79.422850051099033, 19.192192870056452, 0.0 ], [ 79.438054763898521, 19.179883274578465, 0.0 ], [ 79.462314688384879, 19.171809663533043, 0.0 ], [ 79.465887071926247, 19.177385387528904, 0.0 ], [ 79.472302367590956, 19.174715878742376, 0.0 ], [ 79.477986365182957, 19.183678985838736, 0.0 ], [ 79.47792370048613, 19.184757869053342, 0.0 ], [ 79.470499015258937, 19.187734306204518, 0.0 ], [ 79.472662001850892, 19.190313856793011, 0.0 ], [ 79.475705691228058, 19.190807036974277, 0.0 ], [ 79.47733656571873, 19.193379506368892, 0.0 ], [ 79.479118690245187, 19.194300076411704, 0.0 ], [ 79.47576109604006, 19.197444912578707, 0.0 ], [ 79.475811500418985, 19.198691413053645, 0.0 ], [ 79.480682119987463, 19.201586259691918, 0.0 ], [ 79.497547201308265, 19.203006394396727, 0.0 ], [ 79.502254276828054, 19.202742480449594, 0.0 ], [ 79.503961897755389, 19.203400556940469, 0.0 ], [ 79.506683521537767, 19.207481461032664, 0.0 ], [ 79.523929008123332, 19.203311291147969, 0.0 ], [ 79.530440580927163, 19.204216684525512, 0.0 ], [ 79.536595042178391, 19.200478487844695, 0.0 ], [ 79.539917348892288, 19.203333496835338, 0.0 ], [ 79.544060904077909, 19.201590914329959, 0.0 ], [ 79.547763843867202, 19.202456228832553, 0.0 ], [ 79.549067143870403, 19.212932934895242, 0.0 ], [ 79.545643766459747, 19.215103194100848, 0.0 ], [ 79.543803311071471, 19.22110940919562, 0.0 ], [ 79.541624393864325, 19.223434093273198, 0.0 ], [ 79.538758466904568, 19.22529513230478, 0.0 ], [ 79.5343491793314, 19.225889498153482, 0.0 ], [ 79.534582543206625, 19.228667424586032, 0.0 ], [ 79.532431150169501, 19.230197467697501, 0.0 ], [ 79.530582544519575, 19.232948004887959, 0.0 ], [ 79.530349301679664, 19.234929132629173, 0.0 ], [ 79.531804151025739, 19.237730513021386, 0.0 ], [ 79.530527737135273, 19.239183233136046, 0.0 ], [ 79.53083938218596, 19.245320685329428, 0.0 ], [ 79.532045032747405, 19.249502604545629, 0.0 ], [ 79.524095529969685, 19.251490845110165, 0.0 ], [ 79.524995389412013, 19.254068543415322, 0.0 ], [ 79.532096250038379, 19.253468423589798, 0.0 ], [ 79.530968434511536, 19.257504372294306, 0.0 ], [ 79.532646449854767, 19.258491717912605, 0.0 ], [ 79.53526681719147, 19.258331900493594, 0.0 ], [ 79.537490118597447, 19.259619601135565, 0.0 ], [ 79.539277115032775, 19.262621013957876, 0.0 ], [ 79.540341736170291, 19.262684456121935, 0.0 ], [ 79.540620425198739, 19.2649883715745, 0.0 ], [ 79.541556897193146, 19.265010639435062, 0.0 ], [ 79.54255507075105, 19.263132229424819, 0.0 ], [ 79.544735990230791, 19.262424074972749, 0.0 ], [ 79.549699867902049, 19.264279091643726, 0.0 ], [ 79.557796806494551, 19.25930293383702, 0.0 ], [ 79.560510052004034, 19.258678276596406, 0.0 ], [ 79.566831538371744, 19.261897780429649, 0.0 ], [ 79.570436951799635, 19.265520808737172, 0.0 ], [ 79.574606090768938, 19.265611038787291, 0.0 ], [ 79.576570808837744, 19.267371239355708, 0.0 ], [ 79.578542500001646, 19.267668664832332, 0.0 ], [ 79.579245634614438, 19.268782384679085, 0.0 ], [ 79.582980254787998, 19.26927233126564, 0.0 ], [ 79.590085913119538, 19.267722261762739, 0.0 ], [ 79.593970921990206, 19.27267349535407, 0.0 ], [ 79.600516066966122, 19.274082485219978, 0.0 ], [ 79.604444608744274, 19.272766939730037, 0.0 ], [ 79.609549784449669, 19.273036358505696, 0.0 ], [ 79.614259367148236, 19.27664069938842, 0.0 ], [ 79.614875214567348, 19.2750358936038, 0.0 ], [ 79.618422227124611, 19.27186732499068, 0.0 ], [ 79.620504402543332, 19.2677265669832, 0.0 ], [ 79.622572827690561, 19.26028514439114, 0.0 ], [ 79.62287407934258, 19.255690037694233, 0.0 ], [ 79.626789613986787, 19.256098713221387, 0.0 ], [ 79.628404486447423, 19.255382863366293, 0.0 ], [ 79.629365309141434, 19.256334901528568, 0.0 ], [ 79.631030339573044, 19.256079735728807, 0.0 ], [ 79.632703804905987, 19.258213087480431, 0.0 ], [ 79.632592203226366, 19.259774826865563, 0.0 ], [ 79.63535326358965, 19.258968710822266, 0.0 ], [ 79.637926439950661, 19.260843711325858, 0.0 ], [ 79.641972037025951, 19.259835000379226, 0.0 ], [ 79.64304338281903, 19.258362794457891, 0.0 ], [ 79.648744570530638, 19.25924778619903, 0.0 ], [ 79.649131490514293, 19.260992069870063, 0.0 ], [ 79.650539017734687, 19.260938914358739, 0.0 ], [ 79.648949680897829, 19.253996421028578, 0.0 ], [ 79.640972212822973, 19.252641121571646, 0.0 ], [ 79.642669966854115, 19.24909820829097, 0.0 ], [ 79.641857799569735, 19.246715387244397, 0.0 ], [ 79.643249553048463, 19.242783045420627, 0.0 ], [ 79.644945961532798, 19.23967744537401, 0.0 ], [ 79.648737181274086, 19.237499991794348, 0.0 ], [ 79.64986740656461, 19.235656308750581, 0.0 ], [ 79.650443421332753, 19.230555918963471, 0.0 ], [ 79.660208853533888, 19.227870203358144, 0.0 ], [ 79.661095072293364, 19.220947665057469, 0.0 ], [ 79.662609075877299, 19.218167614373066, 0.0 ], [ 79.669412437435327, 19.220022590752333, 0.0 ], [ 79.679236927520208, 19.225740415969117, 0.0 ], [ 79.679908695369662, 19.21636032654332, 0.0 ], [ 79.67881382234998, 19.211136439033027, 0.0 ], [ 79.676327634328317, 19.207857921494611, 0.0 ], [ 79.676112351992828, 19.199192212287947, 0.0 ], [ 79.681289070086024, 19.197839287862521, 0.0 ], [ 79.689530110754987, 19.201274974558036, 0.0 ], [ 79.699101557247445, 19.200263193783567, 0.0 ], [ 79.699980318061733, 19.201526256695729, 0.0 ], [ 79.699309223052509, 19.205230820397666, 0.0 ], [ 79.699917866046647, 19.206330278770487, 0.0 ], [ 79.70971745220686, 19.207703039311784, 0.0 ], [ 79.71886920373926, 19.203537157423625, 0.0 ], [ 79.722976603049275, 19.199731991502002, 0.0 ], [ 79.723201111326148, 19.197059725405953, 0.0 ], [ 79.729535350058981, 19.188927693744933, 0.0 ], [ 79.734074593955484, 19.18635661392894, 0.0 ], [ 79.743057780185453, 19.18604968370218, 0.0 ], [ 79.75155465580761, 19.182355455509501, 0.0 ], [ 79.756023153540184, 19.181987059303584, 0.0 ], [ 79.759337760725955, 19.182644251732839, 0.0 ], [ 79.760402417167384, 19.183849018039265, 0.0 ], [ 79.760221331219526, 19.18898687260447, 0.0 ], [ 79.76084017693583, 19.189968824186185, 0.0 ], [ 79.767167823984622, 19.189416956915601, 0.0 ], [ 79.772511437553945, 19.190198220529343, 0.0 ], [ 79.779184507439737, 19.186188336769543, 0.0 ], [ 79.783396300367258, 19.184563349610801, 0.0 ], [ 79.787271074009624, 19.184133648827064, 0.0 ], [ 79.78714861691806, 19.176041618175233, 0.0 ], [ 79.781787838542044, 19.169706721750448, 0.0 ], [ 79.783568339495872, 19.162361483984963, 0.0 ], [ 79.795526891770734, 19.154972888818605, 0.0 ], [ 79.799230266168934, 19.151819548391586, 0.0 ], [ 79.814218565831908, 19.151249140656404, 0.0 ], [ 79.820317249076155, 19.157328272737654, 0.0 ], [ 79.833484762665108, 19.158529883168942, 0.0 ], [ 79.836010367459551, 19.161992060348595, 0.0 ], [ 79.838657378718594, 19.168899880227304, 0.0 ], [ 79.850947264600435, 19.168494759901737, 0.0 ], [ 79.852196217292388, 19.173036522459157, 0.0 ], [ 79.854809063772478, 19.173274684240276, 0.0 ], [ 79.874339474937671, 19.173445123132211, 0.0 ], [ 79.882837349078372, 19.167062144400656, 0.0 ], [ 79.884504053834462, 19.16445698530892, 0.0 ], [ 79.887825744686154, 19.164380654108022, 0.0 ], [ 79.894878308632713, 19.162594446773475, 0.0 ], [ 79.897366147825196, 19.163278710315751, 0.0 ], [ 79.900161614072431, 19.162825953235306, 0.0 ], [ 79.903518044560755, 19.163819638687681, 0.0 ], [ 79.909522100388827, 19.161433900511476, 0.0 ], [ 79.923993788587595, 19.16536995629582, 0.0 ], [ 79.931130324258277, 19.15561745554346, 0.0 ], [ 79.917459557283422, 19.146825660541104, 0.0 ], [ 79.873751606608309, 19.124051794762366, 0.0 ], [ 79.86395472783137, 19.115424931561723, 0.0 ], [ 79.85941155184976, 19.108624061861697, 0.0 ], [ 79.858360956113671, 19.09585438401038, 0.0 ], [ 79.863194637133489, 19.079091757992813, 0.0 ], [ 79.863634744696611, 19.066524857115418, 0.0 ], [ 79.866359279746987, 19.052465146765901, 0.0 ], [ 79.868594413386788, 19.044238695219704, 0.0 ], [ 79.871750193197443, 19.040540134241333, 0.0 ], [ 79.877036643160807, 19.038798641933358, 0.0 ], [ 79.886744307522633, 19.040055005880813, 0.0 ], [ 79.900173404329607, 19.040395361987184, 0.0 ], [ 79.907558959250252, 19.044814636746271, 0.0 ], [ 79.922422805197812, 19.049881442677474, 0.0 ], [ 79.93153167565336, 19.048325083772909, 0.0 ], [ 79.938092245464489, 19.041057670812496, 0.0 ], [ 79.940378743972573, 19.032013089165748, 0.0 ], [ 79.940269322072595, 19.023824863420835, 0.0 ], [ 79.942329449549547, 19.012489762707684, 0.0 ], [ 79.942644262797657, 19.002021714274321, 0.0 ], [ 79.942396536927376, 19.000657077270127, 0.0 ], [ 79.940958626870099, 19.00022544769865, 0.0 ], [ 79.941622986146996, 18.992089195310097, 0.0 ], [ 79.9442213522846, 18.986514068071454, 0.0 ], [ 79.944985122756052, 18.980030902593953, 0.0 ], [ 79.950624575978509, 18.96152905139953, 0.0 ], [ 79.954813034229161, 18.952313107595419, 0.0 ], [ 79.957046471024029, 18.942875316946878, 0.0 ], [ 79.957870520844452, 18.933289178041605, 0.0 ], [ 79.95741583524611, 18.922792110008267, 0.0 ], [ 79.954025607099311, 18.9099434635731, 0.0 ], [ 79.953613741274808, 18.904504524181792, 0.0 ], [ 79.954319115295121, 18.9000440943739, 0.0 ], [ 79.958673658885516, 18.888610353095242, 0.0 ], [ 79.961262688490905, 18.875460131618084, 0.0 ], [ 79.961297267554883, 18.864701754729108, 0.0 ], [ 79.958512936765146, 18.859423891343255, 0.0 ], [ 79.954600513316436, 18.85723699650098, 0.0 ], [ 79.946700161927026, 18.849484242094441, 0.0 ], [ 79.94137824163785, 18.846037632425467, 0.0 ], [ 79.929550866212793, 18.841634382046625, 0.0 ], [ 79.923637875665108, 18.837684613360356, 0.0 ], [ 79.917823593559092, 18.832546856356419, 0.0 ], [ 79.91396138003303, 18.825901537173117, 0.0 ], [ 79.907510931635159, 18.828804342004293, 0.0 ], [ 79.903595983093908, 18.829430688293954, 0.0 ], [ 79.888719343051548, 18.825680329172421, 0.0 ], [ 79.879192723812466, 18.828001648823658, 0.0 ], [ 79.870202452475567, 18.833092783306462, 0.0 ], [ 79.868027712197346, 18.835281431223432, 0.0 ], [ 79.863973239657327, 18.842247489969353, 0.0 ], [ 79.858733074668592, 18.859155207897, 0.0 ], [ 79.855938649152662, 18.863527824261077, 0.0 ], [ 79.851725712902535, 18.867919039695053, 0.0 ], [ 79.842174104740167, 18.871303973574605, 0.0 ], [ 79.838228108274606, 18.869598216431722, 0.0 ], [ 79.834447778647359, 18.866605667171225, 0.0 ], [ 79.829314687344507, 18.859765358445639, 0.0 ], [ 79.827015512991451, 18.853810069901527, 0.0 ], [ 79.826228397778081, 18.82765234911265, 0.0 ], [ 79.827340904082135, 18.824155490646199, 0.0 ], [ 79.831361388364641, 18.817695679187608, 0.0 ], [ 79.836558949634536, 18.810900674226794, 0.0 ], [ 79.847972152843809, 18.798831049527596, 0.0 ], [ 79.848655760852196, 18.79578883014792, 0.0 ], [ 79.848289674643752, 18.793235801024267, 0.0 ], [ 79.845926615046281, 18.785193274434622, 0.0 ], [ 79.843017636224488, 18.780184409325425, 0.0 ], [ 79.829506221279843, 18.769708803713375, 0.0 ], [ 79.822510024553324, 18.762193470175781, 0.0 ], [ 79.819203014013411, 18.757381605425596, 0.0 ], [ 79.817847186678435, 18.750565797758419, 0.0 ], [ 79.819419321776039, 18.749021989608845, 0.0 ], [ 79.820346904964723, 18.744087594306503, 0.0 ], [ 79.821688021299153, 18.741598250420811, 0.0 ], [ 79.824204484389469, 18.739423953184406, 0.0 ], [ 79.825828162576443, 18.735127609940331, 0.0 ], [ 79.824366964123186, 18.724412490440375, 0.0 ], [ 79.822028179619522, 18.722087736316329, 0.0 ], [ 79.814484922481896, 18.718106598515195, 0.0 ], [ 79.808042249172672, 18.708667252579023, 0.0 ], [ 79.807145712198761, 18.704820061816594, 0.0 ], [ 79.802463570565521, 18.701719532612856, 0.0 ], [ 79.798110488853354, 18.696794915514236, 0.0 ], [ 79.794172775457127, 18.695024653438811, 0.0 ], [ 79.791535903929642, 18.695363847988428, 0.0 ], [ 79.78655114857365, 18.698658641841064, 0.0 ], [ 79.769279820735207, 18.696581286253984, 0.0 ], [ 79.759031409026122, 18.686481318665969, 0.0 ], [ 79.755322464741624, 18.685781792073943, 0.0 ], [ 79.747586029095345, 18.68222670336392, 0.0 ], [ 79.73312381727655, 18.682261371765932, 0.0 ], [ 79.715828992529168, 18.685356711737988, 0.0 ], [ 79.713208237406903, 18.685220642500528, 0.0 ], [ 79.708451344215888, 18.683500028199404, 0.0 ], [ 79.70469351280569, 18.679745694066554, 0.0 ], [ 79.70047723505381, 18.677999856004469, 0.0 ], [ 79.697919920805205, 18.672831287907265, 0.0 ], [ 79.691781119071067, 18.670694106768689, 0.0 ], [ 79.685865197028534, 18.670852424794326, 0.0 ], [ 79.677984690217428, 18.6737994515642, 0.0 ], [ 79.671765656436534, 18.682801589887063, 0.0 ], [ 79.667786764903013, 18.684353762265008, 0.0 ], [ 79.663271697606632, 18.690457486580819, 0.0 ], [ 79.657142492548161, 18.701415424452566, 0.0 ], [ 79.653282514012517, 18.709337330473851, 0.0 ], [ 79.651540091592096, 18.715374809212953, 0.0 ], [ 79.644691707988301, 18.717041602096149, 0.0 ], [ 79.640884023860863, 18.721489618227626, 0.0 ], [ 79.637130599293869, 18.723295033672848, 0.0 ], [ 79.634577695166641, 18.728068705416032, 0.0 ], [ 79.632887666212525, 18.72961576354416, 0.0 ], [ 79.629508251998885, 18.731490383979036, 0.0 ], [ 79.623904658594711, 18.732416223650997, 0.0 ], [ 79.618204474092565, 18.738943038423962, 0.0 ], [ 79.613630583934935, 18.73858543529813, 0.0 ], [ 79.6118068279673, 18.739250959564224, 0.0 ], [ 79.605387023026296, 18.743357616215782, 0.0 ], [ 79.603396192317533, 18.746294637189337, 0.0 ], [ 79.594838459139794, 18.749149780934676, 0.0 ], [ 79.578222711522471, 18.759333276713988, 0.0 ], [ 79.561546327668978, 18.770910955934248, 0.0 ], [ 79.552440290130107, 18.77402402222771, 0.0 ], [ 79.545157182223448, 18.777668781208209, 0.0 ], [ 79.537179474491666, 18.783622843334808, 0.0 ], [ 79.532681839402471, 18.785865755834759, 0.0 ], [ 79.528348126577299, 18.786600543771989, 0.0 ], [ 79.519169481942768, 18.785041136570388, 0.0 ], [ 79.511184571126691, 18.784697405523524, 0.0 ], [ 79.500471401203953, 18.790185805444004, 0.0 ], [ 79.498079726456822, 18.792275197608912, 0.0 ], [ 79.495278113782845, 18.798463995325797, 0.0 ], [ 79.487560960457188, 18.809499082147308, 0.0 ], [ 79.480541790841599, 18.817497192340742, 0.0 ], [ 79.462912180476636, 18.826103585497986, 0.0 ], [ 79.452322497578962, 18.835298395349497, 0.0 ], [ 79.44235824236047, 18.84268894280045, 0.0 ], [ 79.427131449828764, 18.851019419049141, 0.0 ], [ 79.420400260889522, 18.853424866389513, 0.0 ], [ 79.403240873748658, 18.856671519803356, 0.0 ], [ 79.395034511611684, 18.857266338018963, 0.0 ], [ 79.381117736740208, 18.855039866782146, 0.0 ], [ 79.375776017870493, 18.85249606315115, 0.0 ], [ 79.370400230009537, 18.845838016343794, 0.0 ], [ 79.367125325034053, 18.841388888522403, 0.0 ], [ 79.362811548327343, 18.831885072798226, 0.0 ], [ 79.359244798003658, 18.826116039364738, 0.0 ], [ 79.353020083500425, 18.819840467576132, 0.0 ], [ 79.343983687658749, 18.81664367353585, 0.0 ], [ 79.334990752399548, 18.814973566888867, 0.0 ], [ 79.305354405435537, 18.815700789311549, 0.0 ], [ 79.291854369147515, 18.820350120338063, 0.0 ], [ 79.28295754832385, 18.822301008072351, 0.0 ], [ 79.271350526376409, 18.828247050032033, 0.0 ], [ 79.2632922476446, 18.835536399998745, 0.0 ], [ 79.249056177288011, 18.853219101670085, 0.0 ], [ 79.234338074793769, 18.860721304099282, 0.0 ], [ 79.220366915319559, 18.863398399463247, 0.0 ], [ 79.202979393333635, 18.864626741716972, 0.0 ], [ 79.195745391432268, 18.866525219916088, 0.0 ], [ 79.188527422185061, 18.866725218361921, 0.0 ], [ 79.182103878053127, 18.868727575299296, 0.0 ], [ 79.177740697847796, 18.872634942144249, 0.0 ], [ 79.17666113281004, 18.874403384090773, 0.0 ], [ 79.176725386231169, 18.876115653064421, 0.0 ], [ 79.173512981320101, 18.881019157965579, 0.0 ] ], [ [ 79.493530643677616, 19.1856124214621, 0.0 ], [ 79.494785100803952, 19.186584657088154, 0.0 ], [ 79.492724505695179, 19.189893826959022, 0.0 ], [ 79.489340626986461, 19.189905090352326, 0.0 ], [ 79.484013619662548, 19.192539604141952, 0.0 ], [ 79.482779566101954, 19.187675221368195, 0.0 ], [ 79.484734951933902, 19.188185628500499, 0.0 ], [ 79.493530643677616, 19.1856124214621, 0.0 ] ] ] } },
{ "type": "Feature", "properties": { "DISTRICT": "MEDAK", "Dist_LGD": "535" }, "geometry": { "type": "Polygon", "coordinates": [ [ [ 77.998311092532546, 17.887326317241875, 0.0 ], [ 77.995923552123102, 17.884256141694806, 0.0 ], [ 77.972317923981208, 17.88243236675261, 0.0 ], [ 77.973635693503283, 17.886050706066403, 0.0 ], [ 77.972628903493373, 17.88797353935378, 0.0 ], [ 77.974202738690124, 17.890772104243741, 0.0 ], [ 77.962496809116359, 17.889092172571598, 0.0 ], [ 77.955233858592791, 17.887043934838658, 0.0 ], [ 77.952851340805864, 17.887277774737555, 0.0 ], [ 77.952853911027987, 17.888168219624703, 0.0 ], [ 77.949231587076468, 17.888256267934128, 0.0 ], [ 77.949111612444099, 17.88949343719095, 0.0 ], [ 77.940708413375489, 17.889081015305326, 0.0 ], [ 77.936325010562115, 17.889964289286883, 0.0 ], [ 77.932467130548517, 17.896856816030951, 0.0 ], [ 77.931573260568541, 17.900579913298237, 0.0 ], [ 77.93917670545585, 17.901525486912664, 0.0 ], [ 77.941412432355577, 17.908929454635057, 0.0 ], [ 77.94127581893656, 17.915780675266458, 0.0 ], [ 77.940409013099242, 17.919965132423222, 0.0 ], [ 77.93798494929645, 17.920089843025817, 0.0 ], [ 77.928902954681178, 17.932090739986791, 0.0 ], [ 77.926367239799063, 17.933154123846798, 0.0 ], [ 77.922191797199986, 17.925328799838962, 0.0 ], [ 77.91478027155901, 17.924448375352494, 0.0 ], [ 77.901591703050755, 17.928686855626832, 0.0 ], [ 77.899979231250512, 17.933499455682586, 0.0 ], [ 77.89238773813085, 17.932982117114001, 0.0 ], [ 77.88125435765302, 17.934608967026438, 0.0 ], [ 77.882994024479544, 17.944375997945443, 0.0 ], [ 77.879610022041646, 17.948104432148813, 0.0 ], [ 77.871246305627906, 17.947735180235288, 0.0 ], [ 77.867415465051522, 17.94427976387713, 0.0 ], [ 77.860240585631985, 17.93490656157034, 0.0 ], [ 77.858333254772063, 17.929612350412373, 0.0 ], [ 77.856552589107864, 17.920188058591958, 0.0 ], [ 77.850524761445286, 17.90989744833773, 0.0 ], [ 77.847740480751227, 17.902458519608974, 0.0 ], [ 77.844446297191737, 17.900604965121421, 0.0 ], [ 77.831906295802128, 17.900227325374775, 0.0 ], [ 77.822336453495822, 17.903285545297496, 0.0 ], [ 77.824050915127032, 17.910503424767143, 0.0 ], [ 77.821615762485678, 17.919048148835216, 0.0 ], [ 77.821297556645263, 17.927126548726186, 0.0 ], [ 77.820039163528662, 17.928331279262139, 0.0 ], [ 77.817315611693203, 17.927899298189203, 0.0 ], [ 77.810423464273129, 17.923604287553673, 0.0 ], [ 77.803859701587228, 17.924981633945361, 0.0 ], [ 77.794847347994732, 17.924768457051638, 0.0 ], [ 77.795365915241575, 17.927957345716834, 0.0 ], [ 77.794532145066114, 17.929510816019132, 0.0 ], [ 77.794727924847621, 17.932785998418009, 0.0 ], [ 77.795780584516564, 17.935891274656715, 0.0 ], [ 77.800906257383275, 17.939875092550704, 0.0 ], [ 77.800584827957138, 17.945376751690297, 0.0 ], [ 77.801503855035179, 17.948945842753517, 0.0 ], [ 77.805823470288558, 17.95284255485538, 0.0 ], [ 77.809121331009678, 17.959280248354023, 0.0 ], [ 77.811987679922368, 17.96035143639968, 0.0 ], [ 77.820325219072743, 17.957825226853515, 0.0 ], [ 77.821285928278058, 17.957683630534053, 0.0 ], [ 77.82194392111829, 17.958609465212227, 0.0 ], [ 77.822898325516221, 17.962038689744858, 0.0 ], [ 77.822203189743504, 17.96797859464829, 0.0 ], [ 77.822733743705143, 17.969938012808779, 0.0 ], [ 77.821870638430937, 17.971016617349758, 0.0 ], [ 77.822900748825305, 17.98190055515937, 0.0 ], [ 77.825385978860936, 17.987052998235658, 0.0 ], [ 77.826951047291601, 17.987628537651332, 0.0 ], [ 77.827446936430476, 17.989370529324827, 0.0 ], [ 77.831317804496948, 17.991986294003986, 0.0 ], [ 77.831919201075237, 17.991180191618994, 0.0 ], [ 77.83353090662817, 17.991105283183629, 0.0 ], [ 77.837266771654157, 17.9981173813553, 0.0 ], [ 77.844453043166496, 18.004643406077676, 0.0 ], [ 77.853552329261817, 18.016508267706776, 0.0 ], [ 77.864015415977619, 18.021485313473004, 0.0 ], [ 77.865540716911951, 18.023254076706763, 0.0 ], [ 77.863985696613966, 18.028258235927055, 0.0 ], [ 77.858893664830518, 18.037985898537034, 0.0 ], [ 77.857971967269123, 18.042562323110054, 0.0 ], [ 77.852739205647666, 18.051112763684003, 0.0 ], [ 77.851419385901778, 18.073235132224386, 0.0 ], [ 77.861014642780475, 18.074135538168047, 0.0 ], [ 77.867958013988499, 18.0736832003407, 0.0 ], [ 77.875708781854129, 18.074700422637765, 0.0 ], [ 77.880943802417391, 18.074072947990487, 0.0 ], [ 77.888307170730599, 18.070831874239946, 0.0 ], [ 77.894581174404919, 18.074635667527662, 0.0 ], [ 77.896936694410499, 18.074750011452586, 0.0 ], [ 77.897757957455852, 18.074629459118889, 0.0 ], [ 77.897604906359575, 18.071970862955222, 0.0 ], [ 77.899479472831786, 18.067921471753959, 0.0 ], [ 77.902053871275371, 18.067997937091647, 0.0 ], [ 77.904045784775775, 18.069242499505549, 0.0 ], [ 77.904259088719755, 18.069904931590532, 0.0 ], [ 77.902834018704638, 18.071171367342913, 0.0 ], [ 77.90378377110639, 18.07474453180938, 0.0 ], [ 77.90704828410631, 18.076248540766461, 0.0 ], [ 77.906495744036292, 18.077647508782984, 0.0 ], [ 77.910492683418411, 18.084869015348492, 0.0 ], [ 77.911736802946933, 18.090145027122901, 0.0 ], [ 77.91671846107441, 18.091547856720055, 0.0 ], [ 77.924471571044563, 18.091374444424453, 0.0 ], [ 77.929976053430039, 18.093293813895031, 0.0 ], [ 77.927181883052086, 18.096604919014204, 0.0 ], [ 77.92712932178884, 18.097716119441014, 0.0 ], [ 77.929901797571901, 18.098590079097033, 0.0 ], [ 77.932230208144787, 18.100873426116323, 0.0 ], [ 77.934742269242093, 18.104302438545137, 0.0 ], [ 77.937431159552105, 18.110825095774935, 0.0 ], [ 77.94261194430851, 18.112608958511792, 0.0 ], [ 77.975740688315113, 18.115194372404737, 0.0 ], [ 77.988801097486984, 18.111094842014278, 0.0 ], [ 77.992671216926482, 18.109323315736617, 0.0 ], [ 77.99517988628574, 18.107196724754246, 0.0 ], [ 77.997393030323465, 18.098978510148161, 0.0 ], [ 77.998745784612169, 18.08409701566675, 0.0 ], [ 78.000829744563902, 18.081517932686072, 0.0 ], [ 78.000794668507936, 18.085381947296593, 0.0 ], [ 78.001921332161189, 18.087451638005973, 0.0 ], [ 78.004415211139388, 18.087937384686718, 0.0 ], [ 78.005581076804589, 18.086197156627922, 0.0 ], [ 78.009117194470392, 18.08462473556261, 0.0 ], [ 78.009193856775383, 18.081199669260101, 0.0 ], [ 78.011058757934691, 18.081347878477402, 0.0 ], [ 78.012821977071823, 18.078706191378359, 0.0 ], [ 78.013158370496726, 18.075659140929091, 0.0 ], [ 78.01434863606903, 18.076079825497427, 0.0 ], [ 78.014155183706421, 18.078658252311669, 0.0 ], [ 78.015399919474007, 18.078519179439837, 0.0 ], [ 78.015955792728917, 18.079773044875992, 0.0 ], [ 78.011546641386502, 18.086831578924109, 0.0 ], [ 78.009129430619723, 18.088864537620768, 0.0 ], [ 78.012243466151887, 18.0903832639227, 0.0 ], [ 78.017969931259017, 18.086784179739432, 0.0 ], [ 78.019948965431979, 18.082020579464487, 0.0 ], [ 78.027483931619017, 18.081872653611217, 0.0 ], [ 78.029450146587578, 18.084101130925106, 0.0 ], [ 78.031288784992597, 18.081451147571428, 0.0 ], [ 78.032816697303744, 18.076831371551599, 0.0 ], [ 78.028708015595569, 18.074004212590285, 0.0 ], [ 78.030461683536529, 18.070969046844478, 0.0 ], [ 78.03161559827123, 18.070525835909294, 0.0 ], [ 78.031857753986785, 18.071559180094241, 0.0 ], [ 78.032819206597594, 18.070643665427667, 0.0 ], [ 78.031747533326566, 18.069058387310445, 0.0 ], [ 78.034161230817574, 18.068394645898845, 0.0 ], [ 78.033817297164049, 18.066433622384299, 0.0 ], [ 78.034511869750247, 18.064565847816606, 0.0 ], [ 78.035960779327979, 18.065834543458863, 0.0 ], [ 78.037500009203782, 18.069689635908521, 0.0 ], [ 78.038998389002984, 18.06815659057823, 0.0 ], [ 78.041791339845233, 18.067013477356561, 0.0 ], [ 78.042222413904085, 18.065807139635105, 0.0 ], [ 78.045158253724352, 18.068340290413961, 0.0 ], [ 78.042980579367779, 18.069400063979717, 0.0 ], [ 78.040527305261563, 18.075478268895122, 0.0 ], [ 78.04410506274634, 18.078082075073503, 0.0 ], [ 78.044109987559366, 18.07994886360483, 0.0 ], [ 78.046886669762074, 18.080120819198353, 0.0 ], [ 78.050644904633529, 18.073980713251739, 0.0 ], [ 78.05242349545685, 18.073842799021353, 0.0 ], [ 78.053683882439941, 18.079244897858302, 0.0 ], [ 78.055513680656034, 18.079555072346277, 0.0 ], [ 78.059956420431774, 18.075339063895324, 0.0 ], [ 78.060420421019529, 18.074133000064954, 0.0 ], [ 78.059581940691757, 18.072017189020457, 0.0 ], [ 78.064150367607283, 18.072123482743148, 0.0 ], [ 78.064125949894589, 18.071047493920691, 0.0 ], [ 78.067664121421174, 18.070391647351897, 0.0 ], [ 78.06614438995328, 18.068711095855949, 0.0 ], [ 78.068971419560199, 18.065574731888614, 0.0 ], [ 78.068982592465005, 18.062392928984323, 0.0 ], [ 78.071643000720542, 18.060104412303779, 0.0 ], [ 78.074366960460466, 18.066033751506012, 0.0 ], [ 78.073192220215077, 18.07045441583297, 0.0 ], [ 78.074387155390468, 18.072416026078308, 0.0 ], [ 78.076765230951395, 18.072329929404148, 0.0 ], [ 78.078956165893842, 18.069032696559848, 0.0 ], [ 78.083619370901175, 18.067562251652195, 0.0 ], [ 78.084126136660956, 18.067477446962997, 0.0 ], [ 78.085425196311732, 18.072495602191442, 0.0 ], [ 78.089778498861179, 18.068576257999457, 0.0 ], [ 78.091675552650017, 18.06802359205696, 0.0 ], [ 78.093955345839902, 18.068618706805953, 0.0 ], [ 78.097227923696096, 18.070725604412662, 0.0 ], [ 78.098971309396958, 18.074225548262728, 0.0 ], [ 78.099590999428884, 18.08381443536441, 0.0 ], [ 78.101203296648947, 18.090689061362262, 0.0 ], [ 78.103329964090108, 18.093013424356336, 0.0 ], [ 78.106407661990431, 18.093698754952733, 0.0 ], [ 78.111182476579515, 18.092811941480907, 0.0 ], [ 78.115034590532744, 18.089293332432355, 0.0 ], [ 78.115924542674833, 18.084128041475275, 0.0 ], [ 78.115235249549301, 18.07669884729988, 0.0 ], [ 78.116968632993945, 18.07289878709172, 0.0 ], [ 78.124788822944396, 18.070228693859228, 0.0 ], [ 78.134491967584609, 18.071665038277512, 0.0 ], [ 78.138479288084312, 18.069010737880653, 0.0 ], [ 78.143215218315518, 18.068543117093299, 0.0 ], [ 78.146018853659115, 18.071177448814236, 0.0 ], [ 78.151245588520581, 18.082579616639528, 0.0 ], [ 78.154168361006981, 18.085947255071154, 0.0 ], [ 78.160369870022862, 18.086643408851966, 0.0 ], [ 78.171325062084279, 18.092954934971242, 0.0 ], [ 78.174279519262456, 18.093307931561768, 0.0 ], [ 78.179690190291666, 18.097755395501178, 0.0 ], [ 78.180070781339396, 18.099535731195477, 0.0 ], [ 78.177690368002601, 18.110953875915367, 0.0 ], [ 78.176962542729868, 18.118521022394635, 0.0 ], [ 78.180467185463655, 18.124317092154861, 0.0 ], [ 78.179879223692538, 18.135243808782693, 0.0 ], [ 78.177110579720718, 18.138707457783966, 0.0 ], [ 78.175295538294478, 18.14584682132142, 0.0 ], [ 78.169355741245127, 18.153180883990036, 0.0 ], [ 78.170796234410943, 18.156870929315044, 0.0 ], [ 78.169204297488932, 18.161531323406933, 0.0 ], [ 78.168915171132866, 18.167548258089102, 0.0 ], [ 78.173741598111093, 18.181127698822344, 0.0 ], [ 78.173952230031148, 18.18449686129664, 0.0 ], [ 78.178751160551599, 18.195282767448514, 0.0 ], [ 78.180676629093767, 18.204776385469149, 0.0 ], [ 78.187814589656313, 18.206986718503355, 0.0 ], [ 78.193311092320016, 18.206453958277653, 0.0 ], [ 78.195066559015061, 18.207164322863107, 0.0 ], [ 78.206589678938499, 18.217745935635055, 0.0 ], [ 78.215328673742903, 18.21251992151582, 0.0 ], [ 78.217449743641453, 18.207846897744158, 0.0 ], [ 78.220016468113997, 18.196575734485592, 0.0 ], [ 78.221850452505365, 18.182828985396618, 0.0 ], [ 78.216453384047526, 18.175716549861612, 0.0 ], [ 78.227580351357261, 18.175559262180045, 0.0 ], [ 78.229563784609994, 18.170875440898644, 0.0 ], [ 78.236089035060019, 18.165096235000043, 0.0 ], [ 78.237985268039736, 18.162205671138913, 0.0 ], [ 78.24164133630002, 18.158795903031852, 0.0 ], [ 78.248726493611272, 18.155643484995917, 0.0 ], [ 78.25702054014269, 18.13981250811424, 0.0 ], [ 78.277855476629625, 18.143369867244335, 0.0 ], [ 78.290212818110021, 18.158841594697975, 0.0 ], [ 78.297768413183675, 18.162137360395782, 0.0 ], [ 78.313873540339827, 18.179268623890003, 0.0 ], [ 78.312752447313144, 18.202581936974887, 0.0 ], [ 78.332529827804649, 18.196428710829192, 0.0 ], [ 78.335854633074362, 18.192092058971568, 0.0 ], [ 78.336322651543185, 18.189529747724329, 0.0 ], [ 78.337359583469862, 18.188979863737632, 0.0 ], [ 78.337554874562557, 18.18628365078477, 0.0 ], [ 78.336204498539331, 18.183120023942596, 0.0 ], [ 78.337904446482682, 18.180326017029632, 0.0 ], [ 78.357876803070837, 18.172061756659261, 0.0 ], [ 78.365443363761216, 18.154994817403178, 0.0 ], [ 78.36621798403516, 18.151156478278512, 0.0 ], [ 78.363242447700003, 18.147004923269179, 0.0 ], [ 78.367101940324588, 18.145524831180015, 0.0 ], [ 78.374460176820619, 18.14485676163314, 0.0 ], [ 78.37584049586529, 18.141815298027822, 0.0 ], [ 78.375145569231506, 18.135286638211518, 0.0 ], [ 78.384588065571705, 18.123683340114603, 0.0 ], [ 78.386983087689515, 18.127313645796523, 0.0 ], [ 78.389725192065455, 18.129022137901543, 0.0 ], [ 78.396676002796568, 18.129253113595983, 0.0 ], [ 78.400110459009568, 18.131203179999332, 0.0 ], [ 78.403452643925732, 18.129861967028873, 0.0 ], [ 78.407687108158697, 18.129496597116642, 0.0 ], [ 78.411926312782668, 18.130907398823862, 0.0 ], [ 78.414658077463727, 18.135385816991796, 0.0 ], [ 78.418372257361327, 18.137279532664198, 0.0 ], [ 78.4186532683091, 18.138859594424154, 0.0 ], [ 78.421428814184125, 18.141467155433944, 0.0 ], [ 78.422611310565401, 18.152086112636173, 0.0 ], [ 78.424827983361155, 18.156591065637159, 0.0 ], [ 78.427152323736721, 18.156749093097375, 0.0 ], [ 78.433159701518107, 18.163147961422261, 0.0 ], [ 78.434751167614991, 18.162413075502055, 0.0 ], [ 78.44105735490767, 18.156178184665134, 0.0 ], [ 78.445786696656654, 18.145204990803073, 0.0 ], [ 78.446348116558312, 18.140808315803508, 0.0 ], [ 78.441613177097992, 18.130318094500034, 0.0 ], [ 78.450203303980189, 18.124764694258058, 0.0 ], [ 78.458246499175189, 18.12086417676668, 0.0 ], [ 78.462628684806276, 18.122175891111695, 0.0 ], [ 78.464932329716646, 18.124733354543924, 0.0 ], [ 78.468891921817317, 18.125787829334357, 0.0 ], [ 78.471853735208853, 18.127790973804956, 0.0 ], [ 78.479890892848502, 18.126280559293416, 0.0 ], [ 78.484814174084448, 18.130607025361186, 0.0 ], [ 78.491579957270247, 18.132763155403833, 0.0 ], [ 78.491590447930307, 18.13588642517562, 0.0 ], [ 78.483355656569856, 18.141883198307074, 0.0 ], [ 78.483835283995447, 18.14854950943991, 0.0 ], [ 78.491528132056828, 18.155776232125611, 0.0 ], [ 78.492329327902254, 18.158789255483875, 0.0 ], [ 78.498254350029796, 18.166518677826723, 0.0 ], [ 78.502400951497577, 18.175740929878746, 0.0 ], [ 78.512145880005264, 18.170580017569893, 0.0 ], [ 78.515897313650399, 18.166628647925563, 0.0 ], [ 78.520044179434706, 18.173116320663343, 0.0 ], [ 78.521952839078153, 18.182611215685395, 0.0 ], [ 78.527116996653959, 18.185790788032715, 0.0 ], [ 78.532399992942928, 18.184714183421111, 0.0 ], [ 78.536822057104345, 18.18693746684913, 0.0 ], [ 78.54021961634534, 18.182901181440052, 0.0 ], [ 78.542731328601562, 18.183267639117464, 0.0 ], [ 78.544541437833772, 18.180034685207346, 0.0 ], [ 78.547771196463856, 18.18141088498259, 0.0 ], [ 78.550028658321992, 18.17882378710193, 0.0 ], [ 78.553721417520634, 18.178807700600345, 0.0 ], [ 78.558041032043064, 18.176618804854705, 0.0 ], [ 78.562788087511848, 18.177082122781346, 0.0 ], [ 78.564620805775832, 18.175824207075379, 0.0 ], [ 78.566381983048885, 18.176545098243469, 0.0 ], [ 78.569020160769483, 18.180378781852106, 0.0 ], [ 78.568864305348811, 18.185150097393588, 0.0 ], [ 78.570248887204727, 18.183313942129136, 0.0 ], [ 78.573925846728145, 18.181557313811709, 0.0 ], [ 78.580903507976686, 18.17298791667487, 0.0 ], [ 78.58098777009539, 18.163430012791626, 0.0 ], [ 78.56674004040363, 18.162316629194883, 0.0 ], [ 78.569396949171221, 18.157522887043132, 0.0 ], [ 78.55329988933525, 18.143719116039247, 0.0 ], [ 78.552860922194839, 18.133198235167146, 0.0 ], [ 78.551553641674204, 18.129656504201659, 0.0 ], [ 78.550680064612308, 18.123397942152174, 0.0 ], [ 78.545604769483759, 18.118542827276151, 0.0 ], [ 78.545372837664985, 18.116678636726704, 0.0 ], [ 78.546755131911752, 18.113147888201677, 0.0 ], [ 78.547822147945581, 18.112321518103997, 0.0 ], [ 78.558369885876573, 18.109637825747104, 0.0 ], [ 78.575376368290833, 18.110030981835365, 0.0 ], [ 78.57610736788638, 18.10971214811434, 0.0 ], [ 78.575897295778404, 18.108489863387007, 0.0 ], [ 78.579306486207216, 18.106889067008268, 0.0 ], [ 78.579621399802292, 18.105142721258847, 0.0 ], [ 78.578317258427958, 18.100290432888318, 0.0 ], [ 78.576246952200307, 18.096479849862298, 0.0 ], [ 78.576394094762733, 18.093520862991724, 0.0 ], [ 78.572144716571657, 18.090707468113507, 0.0 ], [ 78.570361494209735, 18.08511859998724, 0.0 ], [ 78.569049327906896, 18.078245847028352, 0.0 ], [ 78.569854560506741, 18.074212490593816, 0.0 ], [ 78.572314783954113, 18.071039176790503, 0.0 ], [ 78.569861075085342, 18.066361745842727, 0.0 ], [ 78.57865010891318, 18.065898433169608, 0.0 ], [ 78.586368040612953, 18.064299859152936, 0.0 ], [ 78.587821743163332, 18.063020119056262, 0.0 ], [ 78.586438013060857, 18.059554734043363, 0.0 ], [ 78.58966590005376, 18.055624185865803, 0.0 ], [ 78.583937079480407, 18.049548106555175, 0.0 ], [ 78.581479398393853, 18.039017525451872, 0.0 ], [ 78.582061802896064, 18.032609024961609, 0.0 ], [ 78.578594723706274, 18.03398362453926, 0.0 ], [ 78.559422875476173, 18.046326008469382, 0.0 ], [ 78.557718464266728, 18.031431285529006, 0.0 ], [ 78.555110266339767, 18.020989278987024, 0.0 ], [ 78.554716570613593, 18.014002475526119, 0.0 ], [ 78.552371635644832, 18.004218098649915, 0.0 ], [ 78.550410251925868, 18.002893892904936, 0.0 ], [ 78.548166171741173, 18.002918629624467, 0.0 ], [ 78.549660793087966, 18.000844041821249, 0.0 ], [ 78.548926442378942, 17.998202244969821, 0.0 ], [ 78.542022115242474, 17.99140894035477, 0.0 ], [ 78.53850847838747, 17.991340574381713, 0.0 ], [ 78.537455017103795, 17.988049428098158, 0.0 ], [ 78.536754138277431, 17.987762738371966, 0.0 ], [ 78.54231266158105, 17.979822341190136, 0.0 ], [ 78.54210468201623, 17.973225689652111, 0.0 ], [ 78.535904922736762, 17.969756204724252, 0.0 ], [ 78.535986253442914, 17.964468552881872, 0.0 ], [ 78.531731412500392, 17.951257944699364, 0.0 ], [ 78.531873989599674, 17.950228592148857, 0.0 ], [ 78.53879652272802, 17.945586813728116, 0.0 ], [ 78.541779710008313, 17.941469148134697, 0.0 ], [ 78.53827677233545, 17.932871418757244, 0.0 ], [ 78.531086189087176, 17.929935017575144, 0.0 ], [ 78.529736817465604, 17.925122184936086, 0.0 ], [ 78.531012140998286, 17.923660350756155, 0.0 ], [ 78.536012489075688, 17.923218205831571, 0.0 ], [ 78.541218957542625, 17.918203341080464, 0.0 ], [ 78.545835124276181, 17.916008047488585, 0.0 ], [ 78.545961095136221, 17.915218227434131, 0.0 ], [ 78.543302575106352, 17.914759943325436, 0.0 ], [ 78.543447571950054, 17.911118026865918, 0.0 ], [ 78.541966839709204, 17.909987898775615, 0.0 ], [ 78.54057200906432, 17.910662222098555, 0.0 ], [ 78.540063025759537, 17.91008798450758, 0.0 ], [ 78.540826046506865, 17.907441683748381, 0.0 ], [ 78.535267653091225, 17.907557860446502, 0.0 ], [ 78.533684714368121, 17.904858373205744, 0.0 ], [ 78.534920157891278, 17.903124903003718, 0.0 ], [ 78.524309744161471, 17.896707809134924, 0.0 ], [ 78.534171174531721, 17.892133789335919, 0.0 ], [ 78.535811809651747, 17.889061595144383, 0.0 ], [ 78.537405341522003, 17.887873757652823, 0.0 ], [ 78.541937215068103, 17.888376449328192, 0.0 ], [ 78.543625035816461, 17.88956714495184, 0.0 ], [ 78.552000159743258, 17.8895713182105, 0.0 ], [ 78.555445093523218, 17.890669459334418, 0.0 ], [ 78.558432103862842, 17.893200769747789, 0.0 ], [ 78.566588033328074, 17.903481354492513, 0.0 ], [ 78.569965861161705, 17.905193436599461, 0.0 ], [ 78.573460881837718, 17.901242605323983, 0.0 ], [ 78.577798162818496, 17.882635608028217, 0.0 ], [ 78.561045076670212, 17.877231778607005, 0.0 ], [ 78.56183950061822, 17.857042164433164, 0.0 ], [ 78.54870450860129, 17.841223330891481, 0.0 ], [ 78.545770208906006, 17.839180492719375, 0.0 ], [ 78.545150926182572, 17.836914659617371, 0.0 ], [ 78.542658489357649, 17.836476012019091, 0.0 ], [ 78.540503217465741, 17.837196863619159, 0.0 ], [ 78.537933147131952, 17.835614545557991, 0.0 ], [ 78.53112737309695, 17.83418221236856, 0.0 ], [ 78.530393721997655, 17.83298204341623, 0.0 ], [ 78.529253347145243, 17.819658843975372, 0.0 ], [ 78.527488171717721, 17.817793694525019, 0.0 ], [ 78.526632522598305, 17.812777136078264, 0.0 ], [ 78.523711283762495, 17.809495378019395, 0.0 ], [ 78.521142358545376, 17.808730246761623, 0.0 ], [ 78.520253665070513, 17.807008723269107, 0.0 ], [ 78.520322035675406, 17.800237720762642, 0.0 ], [ 78.515167618856992, 17.785918554616579, 0.0 ], [ 78.510879650793115, 17.755545615777972, 0.0 ], [ 78.513050400536173, 17.752238641080577, 0.0 ], [ 78.525305433295884, 17.751945427002909, 0.0 ], [ 78.526603742540658, 17.750922245059492, 0.0 ], [ 78.524652704609736, 17.746026382370715, 0.0 ], [ 78.525639828903806, 17.744041883970269, 0.0 ], [ 78.523104278915184, 17.740040320008102, 0.0 ], [ 78.521926832573584, 17.739382878549517, 0.0 ], [ 78.525537957897043, 17.728851474771901, 0.0 ], [ 78.519402928294866, 17.728170809025968, 0.0 ], [ 78.514507347396062, 17.726222204900576, 0.0 ], [ 78.511602939311217, 17.724689742524586, 0.0 ], [ 78.506206755233947, 17.719562711216795, 0.0 ], [ 78.507257377961551, 17.714572649777011, 0.0 ], [ 78.504261349382801, 17.703984168406979, 0.0 ], [ 78.505013963644657, 17.699542898854464, 0.0 ], [ 78.504567526674833, 17.694742092898775, 0.0 ], [ 78.503061032075721, 17.690772321133224, 0.0 ], [ 78.499214537396654, 17.685944339368003, 0.0 ], [ 78.496486114516756, 17.685728763774488, 0.0 ], [ 78.49370437179094, 17.688410675729077, 0.0 ], [ 78.49435764150536, 17.695103095466258, 0.0 ], [ 78.480027807986829, 17.694308001211724, 0.0 ], [ 78.471537364406345, 17.690289910802051, 0.0 ], [ 78.472189607972751, 17.691525793193701, 0.0 ], [ 78.459868777468571, 17.698040537095618, 0.0 ], [ 78.458003805517407, 17.70546832003896, 0.0 ], [ 78.448645805754083, 17.708186008138696, 0.0 ], [ 78.450089645580334, 17.711296589667391, 0.0 ], [ 78.444472728734283, 17.7170698472755, 0.0 ], [ 78.440388509290102, 17.724643387890602, 0.0 ], [ 78.440421119879431, 17.726935728231108, 0.0 ], [ 78.432763062178793, 17.72981373779157, 0.0 ], [ 78.422735277711212, 17.73104099760344, 0.0 ], [ 78.416430688208337, 17.733022952824456, 0.0 ], [ 78.411885841607102, 17.726213063684153, 0.0 ], [ 78.406429067757045, 17.722048366966515, 0.0 ], [ 78.402611298996817, 17.716468483516827, 0.0 ], [ 78.403255692111685, 17.712220826456743, 0.0 ], [ 78.40252380900742, 17.710093348805337, 0.0 ], [ 78.396336605194961, 17.699417760050217, 0.0 ], [ 78.385102704659602, 17.700197357675368, 0.0 ], [ 78.374353685094789, 17.70672270768803, 0.0 ], [ 78.374801842291561, 17.709331073825663, 0.0 ], [ 78.373863340828166, 17.710185239113226, 0.0 ], [ 78.371727180686889, 17.709259775694878, 0.0 ], [ 78.372528525401918, 17.711491974271258, 0.0 ], [ 78.372137542222475, 17.714485382589405, 0.0 ], [ 78.372878460487996, 17.718801033977197, 0.0 ], [ 78.372459008757573, 17.726599598567429, 0.0 ], [ 78.370362419700385, 17.728102222732044, 0.0 ], [ 78.364323412839596, 17.728616019900585, 0.0 ], [ 78.361030193804083, 17.731693353091973, 0.0 ], [ 78.363014481912302, 17.732291988293149, 0.0 ], [ 78.360607474804709, 17.733691815000597, 0.0 ], [ 78.359870339565617, 17.735537901052645, 0.0 ], [ 78.361802328218232, 17.737898942780525, 0.0 ], [ 78.360947785282377, 17.739689686391966, 0.0 ], [ 78.351888400400895, 17.741574336329478, 0.0 ], [ 78.351351785511156, 17.741885316514264, 0.0 ], [ 78.35182425928015, 17.743978660348116, 0.0 ], [ 78.338184930646392, 17.741463203125353, 0.0 ], [ 78.329755748583906, 17.741784580058461, 0.0 ], [ 78.320887696168299, 17.743888654863188, 0.0 ], [ 78.31814371690642, 17.743788498472213, 0.0 ], [ 78.317984598487641, 17.740074894587217, 0.0 ], [ 78.312973405026369, 17.739544848409277, 0.0 ], [ 78.318112532774506, 17.723083944302946, 0.0 ], [ 78.320729223944937, 17.721462868615092, 0.0 ], [ 78.322948455352872, 17.725086618375911, 0.0 ], [ 78.323848906368838, 17.725014614009009, 0.0 ], [ 78.323950204301227, 17.716982145229274, 0.0 ], [ 78.319783330951381, 17.716321520006421, 0.0 ], [ 78.319883783920645, 17.711365591743942, 0.0 ], [ 78.322237944666867, 17.70452643940596, 0.0 ], [ 78.324448462537518, 17.70451802312116, 0.0 ], [ 78.325250290203869, 17.702968669175217, 0.0 ], [ 78.324488356451468, 17.696824376192573, 0.0 ], [ 78.321248278847222, 17.688045603536114, 0.0 ], [ 78.319841414702097, 17.680328967944938, 0.0 ], [ 78.325035786334936, 17.677077646852485, 0.0 ], [ 78.325154490358528, 17.674023646629905, 0.0 ], [ 78.319686228666413, 17.663631543414237, 0.0 ], [ 78.3109670237546, 17.667143703901342, 0.0 ], [ 78.305576713904856, 17.667681325845983, 0.0 ], [ 78.308615836055836, 17.674674801117405, 0.0 ], [ 78.31072984837057, 17.676247075519512, 0.0 ], [ 78.31101476425809, 17.677344042958282, 0.0 ], [ 78.307437538699702, 17.677980888187459, 0.0 ], [ 78.305304781819885, 17.679351406892184, 0.0 ], [ 78.304768757363803, 17.677935392872097, 0.0 ], [ 78.301834902094569, 17.678398137306459, 0.0 ], [ 78.299501580879053, 17.68039935565653, 0.0 ], [ 78.297474511413128, 17.68074470871624, 0.0 ], [ 78.290237155369354, 17.677599807711591, 0.0 ], [ 78.285101307747738, 17.685955990572793, 0.0 ], [ 78.281653471776309, 17.687485231969916, 0.0 ], [ 78.279583126087417, 17.686788979067703, 0.0 ], [ 78.276017337166465, 17.689156253126605, 0.0 ], [ 78.273793784020867, 17.686949962576442, 0.0 ], [ 78.268330939813481, 17.68935138216494, 0.0 ], [ 78.265149402637377, 17.687489116236321, 0.0 ], [ 78.264592680818254, 17.68980511306366, 0.0 ], [ 78.261991150672387, 17.690524207848682, 0.0 ], [ 78.260664276258353, 17.689911957111949, 0.0 ], [ 78.259260902654646, 17.690713146754351, 0.0 ], [ 78.258806527897846, 17.692494795796321, 0.0 ], [ 78.256683782370985, 17.693287609030765, 0.0 ], [ 78.252027967995403, 17.691188904613291, 0.0 ], [ 78.248367520882255, 17.690829381584987, 0.0 ], [ 78.236153226297091, 17.692363945143597, 0.0 ], [ 78.231463049963125, 17.691721944291288, 0.0 ], [ 78.23028193719999, 17.692708480712874, 0.0 ], [ 78.230894852830943, 17.694365114740741, 0.0 ], [ 78.230014223809675, 17.698727370431417, 0.0 ], [ 78.231815642506604, 17.700387600702257, 0.0 ], [ 78.229444800031416, 17.702283737500426, 0.0 ], [ 78.229935589689106, 17.703080072061528, 0.0 ], [ 78.232804202545282, 17.702595228560384, 0.0 ], [ 78.238164571095368, 17.703217101484395, 0.0 ], [ 78.238102043958449, 17.705372896371362, 0.0 ], [ 78.234268444478843, 17.709758114689091, 0.0 ], [ 78.226387974079287, 17.714941117110865, 0.0 ], [ 78.23232694733494, 17.722260139175276, 0.0 ], [ 78.235267395059708, 17.724158352382936, 0.0 ], [ 78.2354462499287, 17.726646663379153, 0.0 ], [ 78.236939065335335, 17.728502469012316, 0.0 ], [ 78.233769340510534, 17.731335041438051, 0.0 ], [ 78.23501327655184, 17.735543451391191, 0.0 ], [ 78.226628752276952, 17.733239204409973, 0.0 ], [ 78.222901464264609, 17.733692333567763, 0.0 ], [ 78.221094557500166, 17.732488542011566, 0.0 ], [ 78.218181708243833, 17.732267572464171, 0.0 ], [ 78.217843366464692, 17.739049643883419, 0.0 ], [ 78.215298125337114, 17.74177440849008, 0.0 ], [ 78.207915246596443, 17.739657641110853, 0.0 ], [ 78.201499436922759, 17.736017323426346, 0.0 ], [ 78.201291182199512, 17.740513204348424, 0.0 ], [ 78.19919910971052, 17.746327000609458, 0.0 ], [ 78.202358410372653, 17.753309217577904, 0.0 ], [ 78.20433147598618, 17.75524268355738, 0.0 ], [ 78.204941814207999, 17.760335086459893, 0.0 ], [ 78.204482155003817, 17.765348048325944, 0.0 ], [ 78.198220433322476, 17.76298872311704, 0.0 ], [ 78.196185566932925, 17.763911610046737, 0.0 ], [ 78.19568220822498, 17.773422183324179, 0.0 ], [ 78.196266547232213, 17.775896771789728, 0.0 ], [ 78.199305570341849, 17.780694242492249, 0.0 ], [ 78.200671709897549, 17.791748240633154, 0.0 ], [ 78.202375071847072, 17.795789911934012, 0.0 ], [ 78.203933291405207, 17.802962754605836, 0.0 ], [ 78.196117846433026, 17.805432729371056, 0.0 ], [ 78.194313858223978, 17.802719019891246, 0.0 ], [ 78.193264257572395, 17.798074080549899, 0.0 ], [ 78.177095027502219, 17.789481613319591, 0.0 ], [ 78.173559750150133, 17.788755975894873, 0.0 ], [ 78.168217148958391, 17.788842472624182, 0.0 ], [ 78.165961228068952, 17.790060939091873, 0.0 ], [ 78.163347355437281, 17.797952498702806, 0.0 ], [ 78.166420433691911, 17.814124556489503, 0.0 ], [ 78.16888758906363, 17.816199277276873, 0.0 ], [ 78.180783453450317, 17.821540837613302, 0.0 ], [ 78.187691829238844, 17.83083307236706, 0.0 ], [ 78.175581408733024, 17.828396272970249, 0.0 ], [ 78.174726943024652, 17.822844790187307, 0.0 ], [ 78.160698090684022, 17.815517658703229, 0.0 ], [ 78.149309387887442, 17.806134544698804, 0.0 ], [ 78.147864434048088, 17.809355271285611, 0.0 ], [ 78.15057011688954, 17.816315161518194, 0.0 ], [ 78.149957210342436, 17.821375932430954, 0.0 ], [ 78.151006270241936, 17.832684261332734, 0.0 ], [ 78.148545036494014, 17.836418259101688, 0.0 ], [ 78.139140234548776, 17.831943186989559, 0.0 ], [ 78.138819569185713, 17.827215737461579, 0.0 ], [ 78.13561929748461, 17.817845468959007, 0.0 ], [ 78.131531898173336, 17.811625055499668, 0.0 ], [ 78.122074428923881, 17.807338518995905, 0.0 ], [ 78.119133075288048, 17.803956023424874, 0.0 ], [ 78.120496862006434, 17.801616030241913, 0.0 ], [ 78.119930866127589, 17.800814104731312, 0.0 ], [ 78.115168905768272, 17.803175100860027, 0.0 ], [ 78.114010386822983, 17.802981211064509, 0.0 ], [ 78.11082381624901, 17.80849690736925, 0.0 ], [ 78.10042952257082, 17.813339504307518, 0.0 ], [ 78.097400444186079, 17.818273542603901, 0.0 ], [ 78.097896362047322, 17.824404534475185, 0.0 ], [ 78.093809833306068, 17.832816431745581, 0.0 ], [ 78.094244918547744, 17.836586940618705, 0.0 ], [ 78.096862912096029, 17.844798596670824, 0.0 ], [ 78.095645743441338, 17.849368586165756, 0.0 ], [ 78.095577729867344, 17.856067181343537, 0.0 ], [ 78.09447114904458, 17.86084633487927, 0.0 ], [ 78.090138103213604, 17.864269310964115, 0.0 ], [ 78.084724662900967, 17.866102207839461, 0.0 ], [ 78.074835351556018, 17.86759051895724, 0.0 ], [ 78.073438836738589, 17.869432526636075, 0.0 ], [ 78.07264343524561, 17.877623551673203, 0.0 ], [ 78.07519253434387, 17.882597841758081, 0.0 ], [ 78.074334332917246, 17.885567086844041, 0.0 ], [ 78.075725814392726, 17.888719913850224, 0.0 ], [ 78.075931498672674, 17.89766809274958, 0.0 ], [ 78.079172832951897, 17.905497835844358, 0.0 ], [ 78.07790137606851, 17.908281558721828, 0.0 ], [ 78.075523380915044, 17.910813092408677, 0.0 ], [ 78.074981520872754, 17.914156507056074, 0.0 ], [ 78.073239232271973, 17.916057838387019, 0.0 ], [ 78.071945878386074, 17.919835743400299, 0.0 ], [ 78.068137211279222, 17.922717076009942, 0.0 ], [ 78.065147269910341, 17.923180317461309, 0.0 ], [ 78.063633777073747, 17.924885239166038, 0.0 ], [ 78.059262910005728, 17.922466827167089, 0.0 ], [ 78.059817548147237, 17.921166778693294, 0.0 ], [ 78.06183943333923, 17.920706119898117, 0.0 ], [ 78.060251600549165, 17.917392769861614, 0.0 ], [ 78.057774029686726, 17.917662815503235, 0.0 ], [ 78.055002127958204, 17.91616197124776, 0.0 ], [ 78.054370414493945, 17.917971997352332, 0.0 ], [ 78.053200081979924, 17.918288564279266, 0.0 ], [ 78.047959439427018, 17.915972891599377, 0.0 ], [ 78.046371938246438, 17.914164624571775, 0.0 ], [ 78.045999634131732, 17.91109107867053, 0.0 ], [ 78.048667767533686, 17.904264302810667, 0.0 ], [ 78.046610405009844, 17.89775406098126, 0.0 ], [ 78.04766473469661, 17.895374853610171, 0.0 ], [ 78.047492707353996, 17.892895717191902, 0.0 ], [ 78.04383922541507, 17.889056659514235, 0.0 ], [ 78.040051875400309, 17.887259197341539, 0.0 ], [ 78.034720102761838, 17.878740075522312, 0.0 ], [ 78.01706391663069, 17.88953847370815, 0.0 ], [ 78.007872590268775, 17.889097001608327, 0.0 ], [ 78.007231025192894, 17.888312007089354, 0.0 ], [ 78.00595407618745, 17.88885767707114, 0.0 ], [ 78.003191619837153, 17.887424043488274, 0.0 ], [ 78.002073053848576, 17.888138801566448, 0.0 ], [ 77.998311092532546, 17.887326317241875, 0.0 ] ] ] } },
{ "type": "Feature", "properties": { "DISTRICT": "MEDCHAL_MALKAJGIRI", "Dist_LGD": "700" }, "geometry": { "type": "Polygon", "coordinates": [ [ [ 78.462933867364043, 17.467749621009759, 0.0 ], [ 78.463765449454087, 17.449328659358173, 0.0 ], [ 78.460471593226572, 17.446720008332417, 0.0 ], [ 78.457631090657841, 17.448094483813108, 0.0 ], [ 78.454065569457782, 17.444895342984573, 0.0 ], [ 78.452104501770947, 17.445486903216899, 0.0 ], [ 78.450095894091646, 17.44883596035767, 0.0 ], [ 78.446301427852831, 17.451331479213458, 0.0 ], [ 78.432132198321383, 17.451307608486076, 0.0 ], [ 78.427869912431689, 17.444529405603344, 0.0 ], [ 78.424978806654991, 17.443981342007582, 0.0 ], [ 78.414531732335675, 17.446140066397437, 0.0 ], [ 78.408963351639812, 17.441767648572061, 0.0 ], [ 78.404916340694726, 17.444929060367851, 0.0 ], [ 78.404053673080313, 17.448090136472803, 0.0 ], [ 78.394877953764194, 17.448492559633127, 0.0 ], [ 78.393192596300224, 17.459819938039441, 0.0 ], [ 78.388221658780907, 17.462542340880933, 0.0 ], [ 78.382000111539725, 17.472016149022174, 0.0 ], [ 78.373466735266746, 17.478252055184136, 0.0 ], [ 78.372974239719326, 17.480665888117311, 0.0 ], [ 78.374669277240415, 17.495996495954788, 0.0 ], [ 78.379732558301072, 17.500970484306567, 0.0 ], [ 78.382199255175408, 17.509033733910258, 0.0 ], [ 78.375014438933349, 17.511566531725148, 0.0 ], [ 78.371537338573759, 17.519362678490552, 0.0 ], [ 78.355530815727917, 17.520133687330446, 0.0 ], [ 78.34769874786231, 17.52273132256455, 0.0 ], [ 78.35142492012227, 17.528886172096822, 0.0 ], [ 78.348595776854239, 17.535490208878826, 0.0 ], [ 78.35144740473639, 17.53673516736907, 0.0 ], [ 78.35559569027798, 17.540945424876547, 0.0 ], [ 78.361492385021265, 17.549942940136056, 0.0 ], [ 78.361245737756889, 17.551821269079984, 0.0 ], [ 78.359191656880228, 17.554337021852508, 0.0 ], [ 78.359997036476599, 17.556985447046962, 0.0 ], [ 78.358189730806203, 17.557184247320137, 0.0 ], [ 78.357492619631131, 17.560165675651728, 0.0 ], [ 78.35524473172913, 17.560568151460295, 0.0 ], [ 78.355183985750017, 17.562249385007448, 0.0 ], [ 78.357979969448792, 17.562584912870847, 0.0 ], [ 78.359284817853634, 17.5635203126369, 0.0 ], [ 78.363064272996965, 17.568337054790923, 0.0 ], [ 78.370926953936532, 17.56784596342527, 0.0 ], [ 78.373446669700755, 17.566704659688458, 0.0 ], [ 78.373716120688883, 17.563601342154467, 0.0 ], [ 78.375187044477556, 17.563995688660992, 0.0 ], [ 78.376816983290695, 17.562773148052681, 0.0 ], [ 78.378771876280751, 17.5681139824921, 0.0 ], [ 78.381023250858561, 17.570885093348501, 0.0 ], [ 78.38051941402999, 17.576508901813362, 0.0 ], [ 78.382317637127116, 17.584596827576476, 0.0 ], [ 78.382239595491384, 17.588315407254907, 0.0 ], [ 78.384681359996705, 17.591844932972347, 0.0 ], [ 78.383762173198193, 17.595773679484896, 0.0 ], [ 78.388993733856751, 17.594559536866733, 0.0 ], [ 78.389738261911717, 17.599851984370662, 0.0 ], [ 78.388329450086786, 17.605041743001564, 0.0 ], [ 78.386946963649805, 17.606904267274317, 0.0 ], [ 78.371476084218372, 17.615019484865481, 0.0 ], [ 78.371823765181674, 17.615994990683244, 0.0 ], [ 78.375284480651402, 17.615979703499896, 0.0 ], [ 78.377835416842089, 17.615078268252923, 0.0 ], [ 78.380524991024132, 17.617478535331383, 0.0 ], [ 78.387350964066471, 17.621059000972533, 0.0 ], [ 78.390626418491891, 17.621611325780385, 0.0 ], [ 78.392140537249844, 17.625939303244721, 0.0 ], [ 78.386900686822671, 17.637040650569176, 0.0 ], [ 78.387045286683616, 17.638068339062897, 0.0 ], [ 78.385061679726519, 17.640557778401448, 0.0 ], [ 78.381253005413313, 17.64263588944009, 0.0 ], [ 78.383798867616264, 17.646598808474145, 0.0 ], [ 78.388261972103564, 17.661277193078956, 0.0 ], [ 78.395359569197737, 17.676175681339529, 0.0 ], [ 78.400698812019229, 17.675224541416767, 0.0 ], [ 78.400448746903479, 17.673915613370617, 0.0 ], [ 78.409963756764171, 17.670098389130821, 0.0 ], [ 78.412451226458018, 17.669883157762929, 0.0 ], [ 78.414409351224762, 17.671561424176382, 0.0 ], [ 78.421207081874641, 17.67180853507093, 0.0 ], [ 78.427535399173749, 17.67988545079853, 0.0 ], [ 78.43064211049429, 17.686701317478857, 0.0 ], [ 78.436288460461881, 17.691539008662197, 0.0 ], [ 78.437176244715175, 17.693676878185222, 0.0 ], [ 78.443452890192731, 17.696015901091872, 0.0 ], [ 78.445757725573685, 17.698411492003878, 0.0 ], [ 78.444952328874351, 17.700560107335964, 0.0 ], [ 78.448645805754083, 17.708186008138696, 0.0 ], [ 78.458003805517407, 17.70546832003896, 0.0 ], [ 78.459868777468571, 17.698040537095618, 0.0 ], [ 78.472189607972751, 17.691525793193701, 0.0 ], [ 78.471537364406345, 17.690289910802051, 0.0 ], [ 78.480027807986829, 17.694308001211724, 0.0 ], [ 78.49435764150536, 17.695103095466258, 0.0 ], [ 78.49370437179094, 17.688410675729077, 0.0 ], [ 78.496486114516756, 17.685728763774488, 0.0 ], [ 78.501758914510248, 17.686185105586063, 0.0 ], [ 78.508879521107133, 17.683941484312239, 0.0 ], [ 78.510167864990834, 17.688515011476159, 0.0 ], [ 78.513774761039201, 17.695139852987154, 0.0 ], [ 78.518952492820702, 17.702240297052445, 0.0 ], [ 78.521543906532941, 17.696423553192478, 0.0 ], [ 78.535945927289987, 17.696637817595988, 0.0 ], [ 78.55463791576976, 17.688481666507556, 0.0 ], [ 78.553569502433973, 17.686835428855659, 0.0 ], [ 78.561632689702591, 17.684123914845625, 0.0 ], [ 78.574007337399024, 17.685144564563043, 0.0 ], [ 78.574047880066644, 17.686781415434119, 0.0 ], [ 78.572334913279647, 17.687362710538874, 0.0 ], [ 78.57191861414816, 17.690365299891919, 0.0 ], [ 78.575200763150391, 17.695702316100249, 0.0 ], [ 78.58193394734046, 17.697336097158132, 0.0 ], [ 78.587644584544492, 17.696469567602868, 0.0 ], [ 78.592681444764679, 17.69698927254176, 0.0 ], [ 78.595528106981575, 17.695748907245569, 0.0 ], [ 78.595743480498868, 17.693969651906677, 0.0 ], [ 78.600117859980557, 17.693244603746987, 0.0 ], [ 78.600074721404198, 17.688931421751047, 0.0 ], [ 78.605367543374115, 17.686369921236942, 0.0 ], [ 78.614002012440835, 17.680076623161384, 0.0 ], [ 78.616938283711576, 17.672408110689847, 0.0 ], [ 78.623379088808079, 17.672519026882807, 0.0 ], [ 78.634120403224415, 17.66920000252215, 0.0 ], [ 78.637997506901826, 17.670612675562694, 0.0 ], [ 78.639392508956703, 17.672198059547881, 0.0 ], [ 78.650206412942964, 17.676654509553085, 0.0 ], [ 78.659117608675928, 17.697472819668015, 0.0 ], [ 78.666431033807584, 17.695650556035496, 0.0 ], [ 78.669503660588802, 17.698439074882412, 0.0 ], [ 78.685892729488131, 17.693411718931308, 0.0 ], [ 78.685277820414797, 17.68850151653745, 0.0 ], [ 78.705222425073899, 17.686477461350702, 0.0 ], [ 78.708467274286249, 17.684407038603791, 0.0 ], [ 78.712819755881071, 17.676170460405643, 0.0 ], [ 78.718024267255998, 17.669631746042832, 0.0 ], [ 78.723831433993425, 17.668355640018653, 0.0 ], [ 78.722449851829353, 17.666775391607175, 0.0 ], [ 78.71830526222486, 17.657369205854316, 0.0 ], [ 78.711344251316163, 17.652306468457819, 0.0 ], [ 78.709978122519104, 17.644397103043243, 0.0 ], [ 78.711274070803128, 17.640339205309019, 0.0 ], [ 78.711402840644269, 17.63552554323174, 0.0 ], [ 78.701091784181472, 17.631862880489383, 0.0 ], [ 78.685307985623112, 17.622000333985184, 0.0 ], [ 78.685462224566976, 17.620107434388967, 0.0 ], [ 78.687650591949435, 17.621039182826344, 0.0 ], [ 78.69026434258015, 17.620324512783281, 0.0 ], [ 78.695530535457337, 17.61622338473747, 0.0 ], [ 78.698299292980465, 17.612480851500266, 0.0 ], [ 78.700050175562637, 17.611763230885423, 0.0 ], [ 78.701638365243568, 17.612341744008994, 0.0 ], [ 78.701908465185042, 17.611674871096039, 0.0 ], [ 78.699802711988823, 17.607909273138475, 0.0 ], [ 78.697865945318, 17.608842314250069, 0.0 ], [ 78.697763875909843, 17.606092708758517, 0.0 ], [ 78.690988318875426, 17.601618524009723, 0.0 ], [ 78.686615807583308, 17.595256579844321, 0.0 ], [ 78.693118432084233, 17.592472484921551, 0.0 ], [ 78.691534041400729, 17.588950852756934, 0.0 ], [ 78.691375192217095, 17.584704250525473, 0.0 ], [ 78.681580298686654, 17.578052017390419, 0.0 ], [ 78.678534122831948, 17.577677905911091, 0.0 ], [ 78.676564489969735, 17.576160766794679, 0.0 ], [ 78.688053733762786, 17.565610973922194, 0.0 ], [ 78.68911452276086, 17.562518523261044, 0.0 ], [ 78.699266518139368, 17.55894688586918, 0.0 ], [ 78.70566757830791, 17.557843370920367, 0.0 ], [ 78.69500318599934, 17.551541607356899, 0.0 ], [ 78.698004425620113, 17.541882783354776, 0.0 ], [ 78.701004315702335, 17.540049949395847, 0.0 ], [ 78.700580167971083, 17.535421251723047, 0.0 ], [ 78.702559169106337, 17.534001613729938, 0.0 ], [ 78.712408788966144, 17.52091293722567, 0.0 ], [ 78.712247914426328, 17.512710167057598, 0.0 ], [ 78.707472906294527, 17.505671400204772, 0.0 ], [ 78.708979036112567, 17.50223439507916, 0.0 ], [ 78.706544408096264, 17.485069565025618, 0.0 ], [ 78.709651407608987, 17.484819884519933, 0.0 ], [ 78.709199304073607, 17.476528671608417, 0.0 ], [ 78.716970050879752, 17.468505237572334, 0.0 ], [ 78.719558468234197, 17.471913255952593, 0.0 ], [ 78.725377163321212, 17.470813380494246, 0.0 ], [ 78.729189334381033, 17.471744806776666, 0.0 ], [ 78.74761065292202, 17.470554117191433, 0.0 ], [ 78.751463754460843, 17.471666253955263, 0.0 ], [ 78.75440119534538, 17.465564100579655, 0.0 ], [ 78.757085275554942, 17.463022457045977, 0.0 ], [ 78.757059883745271, 17.462172304898697, 0.0 ], [ 78.757704069166252, 17.462837596077399, 0.0 ], [ 78.760720630126755, 17.460542649820155, 0.0 ], [ 78.758549368903545, 17.454104973421988, 0.0 ], [ 78.752024950570345, 17.444064022740502, 0.0 ], [ 78.751160208097517, 17.438554585855744, 0.0 ], [ 78.751445044709726, 17.43619222539844, 0.0 ], [ 78.752718431054987, 17.434407755136927, 0.0 ], [ 78.758913403803064, 17.43056101702669, 0.0 ], [ 78.759490549552211, 17.427088801259796, 0.0 ], [ 78.757240532824738, 17.419501738524811, 0.0 ], [ 78.756012418317027, 17.417773563649448, 0.0 ], [ 78.754802588322733, 17.404981841180945, 0.0 ], [ 78.751610586944878, 17.403811810590472, 0.0 ], [ 78.749102289830063, 17.401498849086398, 0.0 ], [ 78.742479498783396, 17.401132350496699, 0.0 ], [ 78.740925587107668, 17.400061492890039, 0.0 ], [ 78.737601569363349, 17.392632647631352, 0.0 ], [ 78.737592336667987, 17.386302605498486, 0.0 ], [ 78.73388126211826, 17.386344167001248, 0.0 ], [ 78.731630961174176, 17.385240359294279, 0.0 ], [ 78.728575615216201, 17.385671707752952, 0.0 ], [ 78.726213023958351, 17.388663322782012, 0.0 ], [ 78.722994853145167, 17.396164622683415, 0.0 ], [ 78.718793741178573, 17.400375202900104, 0.0 ], [ 78.71324086058344, 17.400961688896061, 0.0 ], [ 78.709770570769763, 17.399350116412997, 0.0 ], [ 78.705337255129635, 17.394922550028959, 0.0 ], [ 78.702033303296616, 17.39419845777492, 0.0 ], [ 78.698584536489932, 17.395408254119101, 0.0 ], [ 78.692612240124916, 17.40371774407695, 0.0 ], [ 78.686819953354231, 17.405214771262525, 0.0 ], [ 78.681131923484145, 17.403574873448122, 0.0 ], [ 78.67531413020545, 17.398691779754017, 0.0 ], [ 78.673799149479876, 17.394483019387639, 0.0 ], [ 78.674327128706665, 17.386308298143767, 0.0 ], [ 78.672459949150252, 17.383027830685901, 0.0 ], [ 78.669741606925385, 17.381141629422896, 0.0 ], [ 78.66222220040261, 17.378553981707096, 0.0 ], [ 78.658935613944891, 17.379036610468383, 0.0 ], [ 78.651770022323518, 17.384915756291992, 0.0 ], [ 78.647741020759995, 17.385721746425205, 0.0 ], [ 78.644251157570821, 17.385275450477685, 0.0 ], [ 78.640583832110551, 17.383683622349743, 0.0 ], [ 78.635340756656831, 17.383402699265499, 0.0 ], [ 78.627594566717448, 17.385374015808701, 0.0 ], [ 78.613462628770534, 17.387369997164122, 0.0 ], [ 78.590992232698213, 17.387748692100917, 0.0 ], [ 78.58236889689627, 17.389782835359476, 0.0 ], [ 78.578982899510095, 17.389806589939298, 0.0 ], [ 78.57813815190292, 17.389505061476957, 0.0 ], [ 78.578537774957837, 17.384277382786738, 0.0 ], [ 78.577352515445924, 17.383172537248132, 0.0 ], [ 78.571728069142495, 17.382891046439497, 0.0 ], [ 78.572159998958952, 17.378219868219048, 0.0 ], [ 78.574427692369582, 17.372651757561428, 0.0 ], [ 78.574336598814284, 17.368011929638779, 0.0 ], [ 78.575739773386616, 17.368969560041336, 0.0 ], [ 78.58162242710425, 17.363981208595931, 0.0 ], [ 78.571413776006267, 17.361167122536454, 0.0 ], [ 78.563252684291697, 17.360839906970135, 0.0 ], [ 78.556908741413253, 17.361487570037344, 0.0 ], [ 78.556311939568204, 17.366134693714521, 0.0 ], [ 78.552693848725454, 17.371084346247887, 0.0 ], [ 78.549936617945718, 17.372772862264263, 0.0 ], [ 78.545006985201582, 17.37320693963731, 0.0 ], [ 78.540854918640676, 17.371690325048679, 0.0 ], [ 78.537042879839319, 17.372437461509033, 0.0 ], [ 78.536271885843021, 17.370897612309864, 0.0 ], [ 78.535424666773352, 17.37133741155251, 0.0 ], [ 78.532578504786059, 17.3691950916816, 0.0 ], [ 78.529203345866961, 17.371451813668873, 0.0 ], [ 78.527891119418413, 17.374125420895862, 0.0 ], [ 78.530390565078918, 17.377028683051851, 0.0 ], [ 78.529130570747199, 17.37965753199628, 0.0 ], [ 78.526811579404722, 17.38081168578821, 0.0 ], [ 78.528124870131592, 17.396355085186112, 0.0 ], [ 78.527850993169253, 17.401588327351028, 0.0 ], [ 78.525373808960751, 17.403939166388877, 0.0 ], [ 78.523179754185236, 17.402010746218657, 0.0 ], [ 78.522213389692382, 17.402571529899692, 0.0 ], [ 78.523345350991391, 17.403807349927146, 0.0 ], [ 78.523149328682493, 17.406441486295385, 0.0 ], [ 78.53483230173056, 17.40421643609373, 0.0 ], [ 78.535134992230169, 17.405503311399983, 0.0 ], [ 78.533412684284414, 17.411482789737885, 0.0 ], [ 78.527053476341919, 17.413011106189444, 0.0 ], [ 78.527793422340082, 17.41999445664673, 0.0 ], [ 78.526260100472868, 17.422132449203268, 0.0 ], [ 78.530285876945172, 17.425542605361173, 0.0 ], [ 78.536883900686377, 17.42230288396668, 0.0 ], [ 78.543495694746952, 17.427120117260834, 0.0 ], [ 78.545226056500397, 17.429310724836053, 0.0 ], [ 78.545866465595964, 17.433589374341526, 0.0 ], [ 78.548982509990125, 17.437592111949918, 0.0 ], [ 78.54737803528127, 17.441208022221129, 0.0 ], [ 78.54548587598758, 17.440598416535163, 0.0 ], [ 78.543853876681268, 17.443187759616187, 0.0 ], [ 78.541643339832532, 17.442855503872494, 0.0 ], [ 78.531372254906898, 17.4369871378406, 0.0 ], [ 78.51779261879922, 17.44072264607702, 0.0 ], [ 78.520605938041967, 17.457902644231218, 0.0 ], [ 78.518611006130371, 17.462337572839495, 0.0 ], [ 78.52026723843214, 17.468605962696923, 0.0 ], [ 78.51955560519643, 17.471443264485625, 0.0 ], [ 78.517702876086005, 17.473903695273957, 0.0 ], [ 78.522888836295976, 17.475873368498309, 0.0 ], [ 78.52314269786558, 17.481540876138471, 0.0 ], [ 78.522373415737434, 17.482614250621342, 0.0 ], [ 78.518338432139473, 17.482825520044639, 0.0 ], [ 78.513118557605594, 17.480927754011631, 0.0 ], [ 78.507881740346974, 17.480250392199476, 0.0 ], [ 78.505076777622605, 17.48042772479781, 0.0 ], [ 78.501551107536685, 17.481972624064632, 0.0 ], [ 78.500369384310147, 17.483281784569733, 0.0 ], [ 78.497719213696186, 17.479825284480185, 0.0 ], [ 78.498090446984861, 17.474828214090824, 0.0 ], [ 78.499553008148808, 17.47323689926283, 0.0 ], [ 78.503931864548221, 17.471157475370827, 0.0 ], [ 78.504721759190247, 17.468528909726341, 0.0 ], [ 78.503166901579945, 17.467166978414891, 0.0 ], [ 78.500444325606693, 17.466666790940199, 0.0 ], [ 78.497165041716713, 17.467635238521758, 0.0 ], [ 78.495773184061022, 17.465994509431905, 0.0 ], [ 78.493889688538758, 17.458991249849802, 0.0 ], [ 78.488386154771092, 17.456362339328287, 0.0 ], [ 78.485443041265981, 17.45625775250425, 0.0 ], [ 78.476430445520677, 17.462289708343302, 0.0 ], [ 78.475905260762815, 17.463437677202652, 0.0 ], [ 78.476465676505924, 17.4707675205198, 0.0 ], [ 78.477023313623889, 17.471518879443238, 0.0 ], [ 78.479565835285911, 17.471655934205906, 0.0 ], [ 78.482817078428852, 17.476185378407656, 0.0 ], [ 78.480132732202037, 17.482964520799886, 0.0 ], [ 78.477189134677317, 17.482868921574493, 0.0 ], [ 78.474969624761201, 17.481536574806277, 0.0 ], [ 78.471899604965543, 17.477709510607905, 0.0 ], [ 78.46549715891409, 17.474981017041472, 0.0 ], [ 78.463709682394779, 17.472906900669283, 0.0 ], [ 78.462933867364043, 17.467749621009759, 0.0 ] ] ] } },
{ "type": "Feature", "properties": { "DISTRICT": "MULUGU", "Dist_LGD": "720" }, "geometry": { "type": "Polygon", "coordinates": [ [ [ 80.233037745098144, 18.039911039630113, 0.0 ], [ 80.185775288113476, 18.062535359377318, 0.0 ], [ 80.172225518078477, 18.07561721026784, 0.0 ], [ 80.164155392613779, 18.080711764645056, 0.0 ], [ 80.149477048074672, 18.083788668095607, 0.0 ], [ 80.144887352961788, 18.094853858843177, 0.0 ], [ 80.113177116677988, 18.082777047333664, 0.0 ], [ 80.10748474099077, 18.081853788129298, 0.0 ], [ 80.100726969186866, 18.081945125683546, 0.0 ], [ 80.095615247445593, 18.079038598814492, 0.0 ], [ 80.089077719154346, 18.07332249327558, 0.0 ], [ 80.079387386980471, 18.070506067876199, 0.0 ], [ 80.077409896009513, 18.071582419166138, 0.0 ], [ 80.07625061840514, 18.074504223758382, 0.0 ], [ 80.054588436100232, 18.085402114662251, 0.0 ], [ 80.03619137556953, 18.115417441854017, 0.0 ], [ 80.031384472083943, 18.115488325537378, 0.0 ], [ 80.028371596332505, 18.116412791066494, 0.0 ], [ 80.018066567770063, 18.117027087168921, 0.0 ], [ 80.01475815926716, 18.115103337082495, 0.0 ], [ 80.002977076107342, 18.110728665338808, 0.0 ], [ 79.991892825286769, 18.107543517295174, 0.0 ], [ 79.979479773641103, 18.11191117828605, 0.0 ], [ 79.975446563611484, 18.107232756976178, 0.0 ], [ 79.965100219047812, 18.100608766278754, 0.0 ], [ 79.957796289010886, 18.089476905182863, 0.0 ], [ 79.953891796403838, 18.088174477391018, 0.0 ], [ 79.950760242587293, 18.085915684855998, 0.0 ], [ 79.936330010808518, 18.083604862319518, 0.0 ], [ 79.90753855244381, 18.084675132514811, 0.0 ], [ 79.893279974004912, 18.083595744309541, 0.0 ], [ 79.89054296489897, 18.085382210640354, 0.0 ], [ 79.884493142093575, 18.085721819434887, 0.0 ], [ 79.887152423539234, 18.098198896556255, 0.0 ], [ 79.86384025409086, 18.093539073643729, 0.0 ], [ 79.862941013244779, 18.095403002008055, 0.0 ], [ 79.849590259905654, 18.094034115944122, 0.0 ], [ 79.837224535162292, 18.094900103812698, 0.0 ], [ 79.831007885461503, 18.092752002346476, 0.0 ], [ 79.82722950201493, 18.093481421146866, 0.0 ], [ 79.827046993811038, 18.094312433434393, 0.0 ], [ 79.82333898362424, 18.093803613668424, 0.0 ], [ 79.823223584720523, 18.09438619469076, 0.0 ], [ 79.814494183863388, 18.091895303172219, 0.0 ], [ 79.816229896374864, 18.096922043982644, 0.0 ], [ 79.8158494673646, 18.100292331818135, 0.0 ], [ 79.81976074769878, 18.113099466790619, 0.0 ], [ 79.824101343938182, 18.11255275621615, 0.0 ], [ 79.829469509268691, 18.122467217079691, 0.0 ], [ 79.835350221246713, 18.127768674503379, 0.0 ], [ 79.840727243578229, 18.131134216421387, 0.0 ], [ 79.858692561737072, 18.150233330281964, 0.0 ], [ 79.844299820891976, 18.158216057062283, 0.0 ], [ 79.836347346067072, 18.186391727268564, 0.0 ], [ 79.838727107295128, 18.188749043772489, 0.0 ], [ 79.863078314508158, 18.202859440420372, 0.0 ], [ 79.844462120895429, 18.212808724542572, 0.0 ], [ 79.844163697756088, 18.214362357508747, 0.0 ], [ 79.843225237411545, 18.222064597114553, 0.0 ], [ 79.854141166407942, 18.240210164804513, 0.0 ], [ 79.857416624292213, 18.250912047215653, 0.0 ], [ 79.853419731451524, 18.259630784110236, 0.0 ], [ 79.856706111340529, 18.258434047251644, 0.0 ], [ 79.856991466240842, 18.259392945829511, 0.0 ], [ 79.860568947736198, 18.258874911564899, 0.0 ], [ 79.864831366847127, 18.260044430133632, 0.0 ], [ 79.866567656386493, 18.262851281825643, 0.0 ], [ 79.866755576965488, 18.266155266924638, 0.0 ], [ 79.868679116808295, 18.271059468731341, 0.0 ], [ 79.872291588771375, 18.277374009803644, 0.0 ], [ 79.881478525795231, 18.283112663483525, 0.0 ], [ 79.887684080387785, 18.28336093893677, 0.0 ], [ 79.889205988260329, 18.285290317517198, 0.0 ], [ 79.888175232463013, 18.288134272187488, 0.0 ], [ 79.882610292414526, 18.294733946262379, 0.0 ], [ 79.882033084036479, 18.299246670426406, 0.0 ], [ 79.882629735464164, 18.300540704038465, 0.0 ], [ 79.888015182469587, 18.304541834812522, 0.0 ], [ 79.891805824761207, 18.305686826177617, 0.0 ], [ 79.892847524840874, 18.306918892708076, 0.0 ], [ 79.89557457429413, 18.312398860660064, 0.0 ], [ 79.893484780725245, 18.314986661969296, 0.0 ], [ 79.89293907314466, 18.317045821957752, 0.0 ], [ 79.894170885132297, 18.31802073060199, 0.0 ], [ 79.897722371146571, 18.318582125538512, 0.0 ], [ 79.904660754261187, 18.317819771506155, 0.0 ], [ 79.919937330892608, 18.318019793595727, 0.0 ], [ 79.931606200847682, 18.315845840121408, 0.0 ], [ 79.944553033201132, 18.318387697679629, 0.0 ], [ 79.953904556623698, 18.339500705119946, 0.0 ], [ 79.949219855356915, 18.344612974480491, 0.0 ], [ 79.950168047361828, 18.345672737129046, 0.0 ], [ 79.956122656451313, 18.368805351747934, 0.0 ], [ 79.958049113696461, 18.372095324782975, 0.0 ], [ 79.967390794530573, 18.379208349843967, 0.0 ], [ 79.968839802988271, 18.384155301528921, 0.0 ], [ 79.96875549621808, 18.390774745929271, 0.0 ], [ 79.990169360135724, 18.386475279386296, 0.0 ], [ 80.002226355303279, 18.391189478724186, 0.0 ], [ 80.042317434956189, 18.404296465881593, 0.0 ], [ 80.057280945819613, 18.401598709666025, 0.0 ], [ 80.073601865332421, 18.388261434861082, 0.0 ], [ 80.075683449799996, 18.388681317256896, 0.0 ], [ 80.076787603489777, 18.390233380402343, 0.0 ], [ 80.078764358584564, 18.391028000914474, 0.0 ], [ 80.079152798828645, 18.393016881095832, 0.0 ], [ 80.082338241138331, 18.393000541910112, 0.0 ], [ 80.084918843940841, 18.394713493004328, 0.0 ], [ 80.089558392002246, 18.391961636300927, 0.0 ], [ 80.090940876227762, 18.387219780203363, 0.0 ], [ 80.097964305087572, 18.385000944989578, 0.0 ], [ 80.106033325952097, 18.389995305946528, 0.0 ], [ 80.109933449821241, 18.389889537067546, 0.0 ], [ 80.11269234977766, 18.392515197141286, 0.0 ], [ 80.115753200138087, 18.390817286708142, 0.0 ], [ 80.118754193493274, 18.390709607240325, 0.0 ], [ 80.122009066275012, 18.389011873127473, 0.0 ], [ 80.127202686930545, 18.388176029781203, 0.0 ], [ 80.128480375470019, 18.385760862335136, 0.0 ], [ 80.131845341423954, 18.38334465907381, 0.0 ], [ 80.134978303338457, 18.378352527589993, 0.0 ], [ 80.134402785218512, 18.372264976856687, 0.0 ], [ 80.135851265244483, 18.372131860829608, 0.0 ], [ 80.139093549585937, 18.374396739598932, 0.0 ], [ 80.141001620573377, 18.373961604139065, 0.0 ], [ 80.147490119353549, 18.368640370130944, 0.0 ], [ 80.14754539652327, 18.366855620090519, 0.0 ], [ 80.146263051355177, 18.364178449854101, 0.0 ], [ 80.146823547873254, 18.363027168190875, 0.0 ], [ 80.150639221330721, 18.364899602925966, 0.0 ], [ 80.15510503899857, 18.360388182836232, 0.0 ], [ 80.156661954481621, 18.360386255605146, 0.0 ], [ 80.15812970441894, 18.361831242349112, 0.0 ], [ 80.172613912647094, 18.349394675278564, 0.0 ], [ 80.216714913390234, 18.389487683240105, 0.0 ], [ 80.217522594043515, 18.406021991910098, 0.0 ], [ 80.22312384303649, 18.419214091753432, 0.0 ], [ 80.224399991488553, 18.427294648325518, 0.0 ], [ 80.229508796889405, 18.553263540835122, 0.0 ], [ 80.241033266612874, 18.564355684618715, 0.0 ], [ 80.269240792895459, 18.588972873950404, 0.0 ], [ 80.304328140951114, 18.587980002906185, 0.0 ], [ 80.344640533460932, 18.597217299805692, 0.0 ], [ 80.34812289525695, 18.594139219774004, 0.0 ], [ 80.354087189643778, 18.594234739690908, 0.0 ], [ 80.356451072363797, 18.595084230814326, 0.0 ], [ 80.362145196142151, 18.599145759892931, 0.0 ], [ 80.363466641885026, 18.604141937079465, 0.0 ], [ 80.367559795029436, 18.608198627095916, 0.0 ], [ 80.375159160188431, 18.610656212139563, 0.0 ], [ 80.37827185587318, 18.608907946067138, 0.0 ], [ 80.388452402413478, 18.59665664293464, 0.0 ], [ 80.394152052419003, 18.600608775848908, 0.0 ], [ 80.395853348111686, 18.604931575677625, 0.0 ], [ 80.409143492994133, 18.6097947017435, 0.0 ], [ 80.420002697194064, 18.610397747781832, 0.0 ], [ 80.421046039463135, 18.613993219182117, 0.0 ], [ 80.42240612647511, 18.615117657387227, 0.0 ], [ 80.427617172024227, 18.612875721693193, 0.0 ], [ 80.430390036356428, 18.616457127536307, 0.0 ], [ 80.44212404685004, 18.623238223057893, 0.0 ], [ 80.456123500777281, 18.629358077447218, 0.0 ], [ 80.458160775869501, 18.628909930703799, 0.0 ], [ 80.465535792227897, 18.623942089161172, 0.0 ], [ 80.474042132406851, 18.626178303843279, 0.0 ], [ 80.477515081375714, 18.625842154716437, 0.0 ], [ 80.479165763100866, 18.628732307898446, 0.0 ], [ 80.488265000407409, 18.631085062767355, 0.0 ], [ 80.499809203928606, 18.623531189369142, 0.0 ], [ 80.501603669898415, 18.621572184578532, 0.0 ], [ 80.514660738155158, 18.619332499682116, 0.0 ], [ 80.51883200545403, 18.614307937002405, 0.0 ], [ 80.518514961823328, 18.611318616492117, 0.0 ], [ 80.519288743219036, 18.608645881233922, 0.0 ], [ 80.528134694143418, 18.60266285313314, 0.0 ], [ 80.530736904755074, 18.5989349726269, 0.0 ], [ 80.535250673022446, 18.590738906502395, 0.0 ], [ 80.534508096098023, 18.588353214027379, 0.0 ], [ 80.538561966539547, 18.588120044697284, 0.0 ], [ 80.54228353554474, 18.586912245359517, 0.0 ], [ 80.55643148476922, 18.579735825257686, 0.0 ], [ 80.562745772049681, 18.574165820933569, 0.0 ], [ 80.567492823959725, 18.571247210790133, 0.0 ], [ 80.571409745739771, 18.564678835879416, 0.0 ], [ 80.590963289616951, 18.557903069201846, 0.0 ], [ 80.598284207207129, 18.553213576711165, 0.0 ], [ 80.599912045595318, 18.553037079449606, 0.0 ], [ 80.607111792690446, 18.547000650451988, 0.0 ], [ 80.610640505419966, 18.54237469701625, 0.0 ], [ 80.618499024717721, 18.527670651374432, 0.0 ], [ 80.622764771650679, 18.528562851266873, 0.0 ], [ 80.63109140015402, 18.521901833117635, 0.0 ], [ 80.633722241270959, 18.521405173232836, 0.0 ], [ 80.637569207975545, 18.522529296051637, 0.0 ], [ 80.639528141293638, 18.517169361840391, 0.0 ], [ 80.639864256107614, 18.512957147387873, 0.0 ], [ 80.640938534692978, 18.511508459896255, 0.0 ], [ 80.639019339374585, 18.508609312959809, 0.0 ], [ 80.636849490730057, 18.507016916067386, 0.0 ], [ 80.637205687729292, 18.504345773253725, 0.0 ], [ 80.641937073105197, 18.498466746090489, 0.0 ], [ 80.645770042868349, 18.491504314935497, 0.0 ], [ 80.651298025414633, 18.485898274327948, 0.0 ], [ 80.65530846550007, 18.475862599326629, 0.0 ], [ 80.669062802378832, 18.467753674984102, 0.0 ], [ 80.673339431823706, 18.466559674530647, 0.0 ], [ 80.678732076476436, 18.460768995701134, 0.0 ], [ 80.686104101104362, 18.458259639499385, 0.0 ], [ 80.688062326930876, 18.447359395988556, 0.0 ], [ 80.695757442229606, 18.444566602232999, 0.0 ], [ 80.70171857330827, 18.444589747448063, 0.0 ], [ 80.705313586401672, 18.439862022339511, 0.0 ], [ 80.698243378858692, 18.437556322977272, 0.0 ], [ 80.696203974985991, 18.424733872855686, 0.0 ], [ 80.698952833554785, 18.421430397014138, 0.0 ], [ 80.718272404983452, 18.40972886821271, 0.0 ], [ 80.720831605008001, 18.411036443412993, 0.0 ], [ 80.722863210921716, 18.415179476434957, 0.0 ], [ 80.730419126523728, 18.414580640962708, 0.0 ], [ 80.734873574669336, 18.412840512945156, 0.0 ], [ 80.732172764543947, 18.40122169997905, 0.0 ], [ 80.729497150424251, 18.398327304269696, 0.0 ], [ 80.720670272285858, 18.392314103972918, 0.0 ], [ 80.719675967816841, 18.390795118085219, 0.0 ], [ 80.722763621610497, 18.38455853357868, 0.0 ], [ 80.72698686631918, 18.381587211329251, 0.0 ], [ 80.729401627791844, 18.378838257615662, 0.0 ], [ 80.730229557309855, 18.375922432579827, 0.0 ], [ 80.727321732664166, 18.371954012003002, 0.0 ], [ 80.726899193659079, 18.36912547952878, 0.0 ], [ 80.731497826386303, 18.354913266029346, 0.0 ], [ 80.736960715485694, 18.346520060110912, 0.0 ], [ 80.742144593464317, 18.341097951448589, 0.0 ], [ 80.744026100507369, 18.337969820081504, 0.0 ], [ 80.746034260277042, 18.331441125659023, 0.0 ], [ 80.747653617822962, 18.32996233732349, 0.0 ], [ 80.747775176699861, 18.316457146576003, 0.0 ], [ 80.749131029939406, 18.314529129932655, 0.0 ], [ 80.748723736530806, 18.308924730444041, 0.0 ], [ 80.749368623035906, 18.307654036370575, 0.0 ], [ 80.757723836770538, 18.301907928089992, 0.0 ], [ 80.758744161330625, 18.299304248743109, 0.0 ], [ 80.756831894734546, 18.295061082311342, 0.0 ], [ 80.759494826547183, 18.289865203489025, 0.0 ], [ 80.761862802696612, 18.288232352285647, 0.0 ], [ 80.765503126555359, 18.288834586506251, 0.0 ], [ 80.769143326380245, 18.287631710231391, 0.0 ], [ 80.77547895307184, 18.278204738338516, 0.0 ], [ 80.777091306132348, 18.27244165068106, 0.0 ], [ 80.780629749622989, 18.266047353388267, 0.0 ], [ 80.784207465525654, 18.264708618997027, 0.0 ], [ 80.78983105771924, 18.264115771861114, 0.0 ], [ 80.791864526291235, 18.26273659742494, 0.0 ], [ 80.794151835258532, 18.259628720082045, 0.0 ], [ 80.794241672597408, 18.252476443401036, 0.0 ], [ 80.792653068649798, 18.249454280831529, 0.0 ], [ 80.784551479665765, 18.245226814713423, 0.0 ], [ 80.776775523382057, 18.242846864580176, 0.0 ], [ 80.76565508971423, 18.236371881237389, 0.0 ], [ 80.737202306694385, 18.222092916493423, 0.0 ], [ 80.737706333856977, 18.180653519909988, 0.0 ], [ 80.736820229003428, 18.177325075568426, 0.0 ], [ 80.744965410494061, 18.170327356147876, 0.0 ], [ 80.756112177417592, 18.168321537534453, 0.0 ], [ 80.754281799068522, 18.166075213452245, 0.0 ], [ 80.752743783369468, 18.158530246137175, 0.0 ], [ 80.751954771443792, 18.145803257946788, 0.0 ], [ 80.752921726703946, 18.136858156794919, 0.0 ], [ 80.75215264318048, 18.133048205973939, 0.0 ], [ 80.749241136527374, 18.128516182258821, 0.0 ], [ 80.748693869353602, 18.126120183555184, 0.0 ], [ 80.749325241710977, 18.112315281587627, 0.0 ], [ 80.748640219510705, 18.098290879633549, 0.0 ], [ 80.749597949676001, 18.096658738732838, 0.0 ], [ 80.744749129499596, 18.095597834641183, 0.0 ], [ 80.738306308795771, 18.090657345219011, 0.0 ], [ 80.731108504220359, 18.102171862305259, 0.0 ], [ 80.722673510701753, 18.11137334820965, 0.0 ], [ 80.714546941778039, 18.12655326353245, 0.0 ], [ 80.707406186795538, 18.132087534758792, 0.0 ], [ 80.704247911332246, 18.135877769083219, 0.0 ], [ 80.696135600756293, 18.158319215371069, 0.0 ], [ 80.694044518868651, 18.161511738958044, 0.0 ], [ 80.692042020708072, 18.163542737584585, 0.0 ], [ 80.686127804825659, 18.163398796329048, 0.0 ], [ 80.68159611590707, 18.165526774753996, 0.0 ], [ 80.680043458818531, 18.168470118897751, 0.0 ], [ 80.678886160777694, 18.174626258706091, 0.0 ], [ 80.673361596119292, 18.18248527328047, 0.0 ], [ 80.659888549492436, 18.161413463773222, 0.0 ], [ 80.655357350263742, 18.158416073886524, 0.0 ], [ 80.655296945173646, 18.153810902583391, 0.0 ], [ 80.650142172303489, 18.157271881542126, 0.0 ], [ 80.647016781030899, 18.15645144195269, 0.0 ], [ 80.657141879376184, 18.143722463558042, 0.0 ], [ 80.654837513937352, 18.134875322917569, 0.0 ], [ 80.651241082462732, 18.135741086220897, 0.0 ], [ 80.650209656387545, 18.134385952474396, 0.0 ], [ 80.642356050310852, 18.137505230689559, 0.0 ], [ 80.638185937224065, 18.136247002942124, 0.0 ], [ 80.632266973686328, 18.142360125605045, 0.0 ], [ 80.623377080840001, 18.129296322846507, 0.0 ], [ 80.63104156125884, 18.125938363396184, 0.0 ], [ 80.643122279180787, 18.125383808114879, 0.0 ], [ 80.635080800446048, 18.109430978229653, 0.0 ], [ 80.623683175068322, 18.112511127367384, 0.0 ], [ 80.619472274662783, 18.112775593499169, 0.0 ], [ 80.616436579047772, 18.118399452992875, 0.0 ], [ 80.614340681568237, 18.114744348434193, 0.0 ], [ 80.615624949862834, 18.104651817304276, 0.0 ], [ 80.613671847851862, 18.10245187391979, 0.0 ], [ 80.608922008879119, 18.093641391299009, 0.0 ], [ 80.607813141158076, 18.088322555572233, 0.0 ], [ 80.604882145694177, 18.086217890206882, 0.0 ], [ 80.600322422032846, 18.077981049252298, 0.0 ], [ 80.59235703361594, 18.071666356355045, 0.0 ], [ 80.591750984417743, 18.069054291207461, 0.0 ], [ 80.588461090667209, 18.066466010770473, 0.0 ], [ 80.58565449316491, 18.062361865403535, 0.0 ], [ 80.582766132457692, 18.063801693559959, 0.0 ], [ 80.576887305204195, 18.061783644928958, 0.0 ], [ 80.57391254423689, 18.054738750478524, 0.0 ], [ 80.56583172243738, 18.050931366858414, 0.0 ], [ 80.559596489484491, 18.055665227751245, 0.0 ], [ 80.558618771078756, 18.056768230927343, 0.0 ], [ 80.558501250026822, 18.058883479767957, 0.0 ], [ 80.548900080811961, 18.058506224202382, 0.0 ], [ 80.543725166548725, 18.05395157190938, 0.0 ], [ 80.535853897343515, 18.055643359787059, 0.0 ], [ 80.534768093848541, 18.060872720500324, 0.0 ], [ 80.527241668554012, 18.064665716406704, 0.0 ], [ 80.526447838180928, 18.064453428155549, 0.0 ], [ 80.524949342742019, 18.059590547245595, 0.0 ], [ 80.517143543494299, 18.057891897795464, 0.0 ], [ 80.51679362652493, 18.055356554988698, 0.0 ], [ 80.513996282611927, 18.051831479526367, 0.0 ], [ 80.505940567243414, 18.054177492900706, 0.0 ], [ 80.50555306310207, 18.052188883106773, 0.0 ], [ 80.504693163603847, 18.05155168353437, 0.0 ], [ 80.499396626653933, 18.050670395309041, 0.0 ], [ 80.496429495574702, 18.050996573564447, 0.0 ], [ 80.491973874903351, 18.054707049160193, 0.0 ], [ 80.489431845864658, 18.05512273149148, 0.0 ], [ 80.4823346773249, 18.059782009745437, 0.0 ], [ 80.47712780826798, 18.059469654028394, 0.0 ], [ 80.474472244589649, 18.060242147214584, 0.0 ], [ 80.471972939848186, 18.058321091125318, 0.0 ], [ 80.469690329984886, 18.061222321379777, 0.0 ], [ 80.459531229176392, 18.062856745343971, 0.0 ], [ 80.45879417650869, 18.062454360523876, 0.0 ], [ 80.459186555209385, 18.061347150851148, 0.0 ], [ 80.455713982530142, 18.060230150754368, 0.0 ], [ 80.451054096190006, 18.064378079222649, 0.0 ], [ 80.445373769227984, 18.066988963893795, 0.0 ], [ 80.443181958129315, 18.064593033839557, 0.0 ], [ 80.436614706970317, 18.062485119585947, 0.0 ], [ 80.436053091630953, 18.060500852662685, 0.0 ], [ 80.433392791649894, 18.060848046646889, 0.0 ], [ 80.432513641600835, 18.061674852114212, 0.0 ], [ 80.431271553267223, 18.060042897618956, 0.0 ], [ 80.391924055601393, 18.081657259786667, 0.0 ], [ 80.356889762967754, 18.048237165317946, 0.0 ], [ 80.350682579903051, 18.040499902694176, 0.0 ], [ 80.346490253915604, 18.036623562980107, 0.0 ], [ 80.341122512718442, 18.014233660543713, 0.0 ], [ 80.331226378751026, 18.00824649225266, 0.0 ], [ 80.322009575865451, 17.998657247922871, 0.0 ], [ 80.316176096396632, 17.995964233529861, 0.0 ], [ 80.304568941830439, 18.000047670433808, 0.0 ], [ 80.294469573826476, 18.000458513025617, 0.0 ], [ 80.285478665011468, 17.997891596656896, 0.0 ], [ 80.281170469290345, 17.998266878312595, 0.0 ], [ 80.276788508262953, 18.001254425954144, 0.0 ], [ 80.267978071884983, 18.009895808894914, 0.0 ], [ 80.258834937682295, 18.015892416174566, 0.0 ], [ 80.24754622337592, 18.029379758639429, 0.0 ], [ 80.237496823355102, 18.037123283743064, 0.0 ], [ 80.233037745098144, 18.039911039630113, 0.0 ] ] ] } },
{ "type": "Feature", "properties": { "DISTRICT": "NAGARKURNOOL", "Dist_LGD": "694" }, "geometry": { "type": "Polygon", "coordinates": [ [ [ 78.263549122371188, 16.027270373835368, 0.0 ], [ 78.260064477171738, 16.025243435805251, 0.0 ], [ 78.256869991296497, 16.019904188106199, 0.0 ], [ 78.2555714583293, 16.013169308161437, 0.0 ], [ 78.256555326626284, 16.008878413911265, 0.0 ], [ 78.250077316412145, 16.00858347322459, 0.0 ], [ 78.235185939639251, 16.00957351472811, 0.0 ], [ 78.233797047623298, 16.009169669947653, 0.0 ], [ 78.234381166594645, 16.0038931174041, 0.0 ], [ 78.231862524995904, 16.001695074929629, 0.0 ], [ 78.229596847198422, 16.001494555387996, 0.0 ], [ 78.229009081259818, 16.002591749924203, 0.0 ], [ 78.231570094667433, 16.00762609252325, 0.0 ], [ 78.213262518846705, 16.010848487042399, 0.0 ], [ 78.215619391603539, 16.016532136755512, 0.0 ], [ 78.217673654184509, 16.024537311993736, 0.0 ], [ 78.217968682743106, 16.030176143167385, 0.0 ], [ 78.215541272134956, 16.03059766289379, 0.0 ], [ 78.213078668506427, 16.033248721114724, 0.0 ], [ 78.208874249633212, 16.033641944065888, 0.0 ], [ 78.205358407028243, 16.037982054605898, 0.0 ], [ 78.203362543550256, 16.039086638174364, 0.0 ], [ 78.198119459932713, 16.041105780653314, 0.0 ], [ 78.190067883299264, 16.042103602974311, 0.0 ], [ 78.193434355259427, 16.045003358854057, 0.0 ], [ 78.195195176127214, 16.044013860576985, 0.0 ], [ 78.197243463826936, 16.044438678834631, 0.0 ], [ 78.202145261077817, 16.046843899217563, 0.0 ], [ 78.203836745236828, 16.049815721023297, 0.0 ], [ 78.203687910309398, 16.050949390773695, 0.0 ], [ 78.202296274470555, 16.051164977542836, 0.0 ], [ 78.202443889389301, 16.054563288604648, 0.0 ], [ 78.19278453317996, 16.061432670284134, 0.0 ], [ 78.190293847730842, 16.060021523645457, 0.0 ], [ 78.186922135780918, 16.059948484112045, 0.0 ], [ 78.179828209823242, 16.062982699209673, 0.0 ], [ 78.179593968554641, 16.06580694415176, 0.0 ], [ 78.176110057397082, 16.06811612370409, 0.0 ], [ 78.176379886324597, 16.070231363785116, 0.0 ], [ 78.180098337166683, 16.075848920225418, 0.0 ], [ 78.179653738118517, 16.077861307253709, 0.0 ], [ 78.177833752743979, 16.080274733181056, 0.0 ], [ 78.178469816663778, 16.084678025127175, 0.0 ], [ 78.179362026489599, 16.085189851888099, 0.0 ], [ 78.186721032472761, 16.081557028639928, 0.0 ], [ 78.192719732727809, 16.080631907275425, 0.0 ], [ 78.195434533228479, 16.089341021006373, 0.0 ], [ 78.196529861288923, 16.089692172110681, 0.0 ], [ 78.202169540995669, 16.088274480951139, 0.0 ], [ 78.206998652081481, 16.090185752038376, 0.0 ], [ 78.211470043698213, 16.090677353581864, 0.0 ], [ 78.214252373347421, 16.094434344978033, 0.0 ], [ 78.215865921424509, 16.0952794234049, 0.0 ], [ 78.21301060116734, 16.101087774710027, 0.0 ], [ 78.206135721336025, 16.107327451131265, 0.0 ], [ 78.210390625857329, 16.121308655814602, 0.0 ], [ 78.212148468884052, 16.130337438058231, 0.0 ], [ 78.22184105995288, 16.155363219319728, 0.0 ], [ 78.226513229228402, 16.163355689046377, 0.0 ], [ 78.227305232281438, 16.168149525021466, 0.0 ], [ 78.227251091099745, 16.174901624485869, 0.0 ], [ 78.209249099377018, 16.180307124586953, 0.0 ], [ 78.210956208640567, 16.183242839166621, 0.0 ], [ 78.210355598585366, 16.196316655227559, 0.0 ], [ 78.211260226091625, 16.201057421666494, 0.0 ], [ 78.20219025129235, 16.204550420415753, 0.0 ], [ 78.1967237193344, 16.208905434019716, 0.0 ], [ 78.200330615600222, 16.212721251384519, 0.0 ], [ 78.200897557518601, 16.214681303078709, 0.0 ], [ 78.199935358105719, 16.222147250322074, 0.0 ], [ 78.196389605008235, 16.22432501033509, 0.0 ], [ 78.192540095481135, 16.228059728823325, 0.0 ], [ 78.200113190464805, 16.235844604524136, 0.0 ], [ 78.200299468898436, 16.24569263527523, 0.0 ], [ 78.203065373335235, 16.245084000483264, 0.0 ], [ 78.210665735680934, 16.241269740253816, 0.0 ], [ 78.212975346851309, 16.24107410967574, 0.0 ], [ 78.217117094790396, 16.24492739330822, 0.0 ], [ 78.218590069404001, 16.247859703389903, 0.0 ], [ 78.220130289875655, 16.254155977415838, 0.0 ], [ 78.220549592174507, 16.260049190283389, 0.0 ], [ 78.209222901158483, 16.266853549852204, 0.0 ], [ 78.20495709680327, 16.268613155762971, 0.0 ], [ 78.211488967341595, 16.280405219535318, 0.0 ], [ 78.211710615467609, 16.288372475589615, 0.0 ], [ 78.215326661374391, 16.287895832357236, 0.0 ], [ 78.228436179499937, 16.277530123845395, 0.0 ], [ 78.22797302542034, 16.262002563982836, 0.0 ], [ 78.233274710258542, 16.265152966475956, 0.0 ], [ 78.234334969780519, 16.267434789954176, 0.0 ], [ 78.238781272407081, 16.26965776973914, 0.0 ], [ 78.244907636561678, 16.268275802972997, 0.0 ], [ 78.252935590112074, 16.273435712812336, 0.0 ], [ 78.259928989160699, 16.273242935483282, 0.0 ], [ 78.261521348977169, 16.276927731303772, 0.0 ], [ 78.262993348426278, 16.278028805670491, 0.0 ], [ 78.265917992568916, 16.284965207534089, 0.0 ], [ 78.256454399068488, 16.28974628403812, 0.0 ], [ 78.255292170808289, 16.297658054101532, 0.0 ], [ 78.259682985675909, 16.303062148261713, 0.0 ], [ 78.258449085529989, 16.306293962082151, 0.0 ], [ 78.259174759718448, 16.313343735473605, 0.0 ], [ 78.26374690241515, 16.333120744814384, 0.0 ], [ 78.281281129334886, 16.329180153980491, 0.0 ], [ 78.28872713687133, 16.326376814705259, 0.0 ], [ 78.292877605503278, 16.326316056415905, 0.0 ], [ 78.292407939000697, 16.329784745677635, 0.0 ], [ 78.290704652715831, 16.330477081572059, 0.0 ], [ 78.290988837017451, 16.332289143406499, 0.0 ], [ 78.291779878782023, 16.333183906055819, 0.0 ], [ 78.295510135612005, 16.333019203544499, 0.0 ], [ 78.297338479863157, 16.334137280291518, 0.0 ], [ 78.298730472010789, 16.342044094201086, 0.0 ], [ 78.301019876582245, 16.345527790962858, 0.0 ], [ 78.301541719860381, 16.347880532817648, 0.0 ], [ 78.303546595691657, 16.350411518471308, 0.0 ], [ 78.304566087384956, 16.349300363929547, 0.0 ], [ 78.308671384918995, 16.348718740190218, 0.0 ], [ 78.312004223192019, 16.360363214769873, 0.0 ], [ 78.313647524466731, 16.362989811297652, 0.0 ], [ 78.315017263777207, 16.36960725725384, 0.0 ], [ 78.314397297709178, 16.381613496835946, 0.0 ], [ 78.309709056206003, 16.388652334381725, 0.0 ], [ 78.303087287625004, 16.391731727239339, 0.0 ], [ 78.296677578810034, 16.393008635580308, 0.0 ], [ 78.288328218981547, 16.400538046123952, 0.0 ], [ 78.281543112185318, 16.40015506600815, 0.0 ], [ 78.277575786423981, 16.403786104996549, 0.0 ], [ 78.274167267526877, 16.399806457128658, 0.0 ], [ 78.270170611096091, 16.400322946271874, 0.0 ], [ 78.270722713134816, 16.396216721658465, 0.0 ], [ 78.269207615510425, 16.386228004531485, 0.0 ], [ 78.263555744072107, 16.387275183402252, 0.0 ], [ 78.252239519034006, 16.391094900438329, 0.0 ], [ 78.257587259201756, 16.397967394996037, 0.0 ], [ 78.262442639543153, 16.40263349811951, 0.0 ], [ 78.258211623700461, 16.40818200257738, 0.0 ], [ 78.246864848549464, 16.415804761465939, 0.0 ], [ 78.233237828695195, 16.418685350988291, 0.0 ], [ 78.230299875812094, 16.417866816465228, 0.0 ], [ 78.222276484841743, 16.412651922841356, 0.0 ], [ 78.209839908223785, 16.409840629100991, 0.0 ], [ 78.201460843882373, 16.409510307659485, 0.0 ], [ 78.201734287535146, 16.417021075745073, 0.0 ], [ 78.199075191760357, 16.427666102511921, 0.0 ], [ 78.19857250751177, 16.433006614990958, 0.0 ], [ 78.20092792398485, 16.439599228664513, 0.0 ], [ 78.200840868105459, 16.447490600786747, 0.0 ], [ 78.195919999885803, 16.44666836386817, 0.0 ], [ 78.192588184318424, 16.450652898521046, 0.0 ], [ 78.176100307259489, 16.44983068321822, 0.0 ], [ 78.162279110059544, 16.453780975398757, 0.0 ], [ 78.156515576556686, 16.454061102643305, 0.0 ], [ 78.147905954544783, 16.456412655510881, 0.0 ], [ 78.133665183428562, 16.465566759493402, 0.0 ], [ 78.130163933731666, 16.466730636464149, 0.0 ], [ 78.131306365899334, 16.469963728022222, 0.0 ], [ 78.125005676663235, 16.471996349762122, 0.0 ], [ 78.124044428505002, 16.474753590413552, 0.0 ], [ 78.099964821858862, 16.48752626817361, 0.0 ], [ 78.102661105845968, 16.49171319299148, 0.0 ], [ 78.103738541883985, 16.495628575870651, 0.0 ], [ 78.103140345636035, 16.499339528194326, 0.0 ], [ 78.104221378276094, 16.501038771369469, 0.0 ], [ 78.104282293893561, 16.50567981479098, 0.0 ], [ 78.10684782751774, 16.515645146216784, 0.0 ], [ 78.108595091624466, 16.52970810789089, 0.0 ], [ 78.111187858367188, 16.537851208940786, 0.0 ], [ 78.112377191266688, 16.541089289709337, 0.0 ], [ 78.116466867280863, 16.544504650873918, 0.0 ], [ 78.122686665602529, 16.552507294510583, 0.0 ], [ 78.123066987335562, 16.563764173511725, 0.0 ], [ 78.122319745597565, 16.563118081315206, 0.0 ], [ 78.119689618729609, 16.563450452693587, 0.0 ], [ 78.118607639534176, 16.573451602814576, 0.0 ], [ 78.116227105555296, 16.573302647112712, 0.0 ], [ 78.122964244508964, 16.585919806099099, 0.0 ], [ 78.12622280740031, 16.593812139052361, 0.0 ], [ 78.1257045778557, 16.60024217956158, 0.0 ], [ 78.127852048780809, 16.607330591136908, 0.0 ], [ 78.127476640590146, 16.609687236912421, 0.0 ], [ 78.129606904034887, 16.613917180851626, 0.0 ], [ 78.130310407948713, 16.626041275923221, 0.0 ], [ 78.134996883276514, 16.631109120561401, 0.0 ], [ 78.14095488251597, 16.635404137465777, 0.0 ], [ 78.150288429357929, 16.646203667353443, 0.0 ], [ 78.150849265256269, 16.647955637853379, 0.0 ], [ 78.140131537267962, 16.661101617090619, 0.0 ], [ 78.139504790548429, 16.667991668056274, 0.0 ], [ 78.140312090276936, 16.669162925812675, 0.0 ], [ 78.140360990452848, 16.674862006594459, 0.0 ], [ 78.141952134883624, 16.675612319086209, 0.0 ], [ 78.141822939236647, 16.678573267675574, 0.0 ], [ 78.142768180593322, 16.679180686678755, 0.0 ], [ 78.142395021371684, 16.681745394605503, 0.0 ], [ 78.144528499629516, 16.682655545328444, 0.0 ], [ 78.144655239121406, 16.688156351144286, 0.0 ], [ 78.153248734119074, 16.699463043595905, 0.0 ], [ 78.154501326641025, 16.699097018009418, 0.0 ], [ 78.155444935614284, 16.701034029259617, 0.0 ], [ 78.158131868235699, 16.710303274024717, 0.0 ], [ 78.157573640384641, 16.714236341053976, 0.0 ], [ 78.160795314043682, 16.724732526555307, 0.0 ], [ 78.163028501641179, 16.72916203888192, 0.0 ], [ 78.170551481161226, 16.730397894437431, 0.0 ], [ 78.173803195544153, 16.730076236688213, 0.0 ], [ 78.183219954274705, 16.731124390369704, 0.0 ], [ 78.183306891967916, 16.723717432775917, 0.0 ], [ 78.181350481113611, 16.714081049458695, 0.0 ], [ 78.182511034665282, 16.703976763612914, 0.0 ], [ 78.188209592483915, 16.704649404616138, 0.0 ], [ 78.198333580907914, 16.701295038753013, 0.0 ], [ 78.208209789054521, 16.707529944521323, 0.0 ], [ 78.210258934684063, 16.711310297228113, 0.0 ], [ 78.211633279493796, 16.710967848301724, 0.0 ], [ 78.211760197546567, 16.716613360691447, 0.0 ], [ 78.212434318350745, 16.716747238171102, 0.0 ], [ 78.213525132567909, 16.722656329483552, 0.0 ], [ 78.216652242772838, 16.726995496842477, 0.0 ], [ 78.218362420000318, 16.731712776011438, 0.0 ], [ 78.222854405511683, 16.736970956483429, 0.0 ], [ 78.22362703905074, 16.741596676900013, 0.0 ], [ 78.229837417982921, 16.741545590358207, 0.0 ], [ 78.233848864082091, 16.73924572085221, 0.0 ], [ 78.235104113222107, 16.742329900305837, 0.0 ], [ 78.259540852279756, 16.721966288212506, 0.0 ], [ 78.263131674382208, 16.717368517845266, 0.0 ], [ 78.263809814842418, 16.713020439531263, 0.0 ], [ 78.265398773151162, 16.711124126878083, 0.0 ], [ 78.268948970827026, 16.709266394528782, 0.0 ], [ 78.277488063587541, 16.707768620108048, 0.0 ], [ 78.282070766694275, 16.705880863745836, 0.0 ], [ 78.285383599092484, 16.702564212945848, 0.0 ], [ 78.295534441823733, 16.697070844119043, 0.0 ], [ 78.297882403967904, 16.693137982724409, 0.0 ], [ 78.298293148687151, 16.690392524227292, 0.0 ], [ 78.31128542382092, 16.687953471522658, 0.0 ], [ 78.317044794956814, 16.684819816725305, 0.0 ], [ 78.318398045024864, 16.682956818967536, 0.0 ], [ 78.337095495196138, 16.685214875517172, 0.0 ], [ 78.341925100067542, 16.684246406956071, 0.0 ], [ 78.344741965075571, 16.682823273012154, 0.0 ], [ 78.349794853412888, 16.682453943600301, 0.0 ], [ 78.353582657060642, 16.689244432342818, 0.0 ], [ 78.356069415595115, 16.697043809194014, 0.0 ], [ 78.354823105797323, 16.701608026648238, 0.0 ], [ 78.350471120715014, 16.708673451847059, 0.0 ], [ 78.36004457830677, 16.725978256905805, 0.0 ], [ 78.361887849107262, 16.726955556339927, 0.0 ], [ 78.363390966980504, 16.734640871083535, 0.0 ], [ 78.366939768162482, 16.744571756372789, 0.0 ], [ 78.371902617064919, 16.74965053472852, 0.0 ], [ 78.371396159139294, 16.753087050355767, 0.0 ], [ 78.367656316221655, 16.756446028207964, 0.0 ], [ 78.360316347150174, 16.765389969860092, 0.0 ], [ 78.352978399993162, 16.771082102490645, 0.0 ], [ 78.346448860408799, 16.773200377929694, 0.0 ], [ 78.348935395009306, 16.781510675588127, 0.0 ], [ 78.348623877518861, 16.785971233991752, 0.0 ], [ 78.347507270332315, 16.78719449892667, 0.0 ], [ 78.348501584161156, 16.788579417856749, 0.0 ], [ 78.347981800348649, 16.791029855037259, 0.0 ], [ 78.350709784914088, 16.79144180304792, 0.0 ], [ 78.355092850083537, 16.796790912235046, 0.0 ], [ 78.366784754218102, 16.793629858465618, 0.0 ], [ 78.373676239693879, 16.791071427173552, 0.0 ], [ 78.380640057349083, 16.786573260238619, 0.0 ], [ 78.389134718110242, 16.784206640013366, 0.0 ], [ 78.391020615054231, 16.788720738220402, 0.0 ], [ 78.394201578257693, 16.790235641974103, 0.0 ], [ 78.394462609761561, 16.792607930802461, 0.0 ], [ 78.398124640933503, 16.799210705652051, 0.0 ], [ 78.413271249133189, 16.798279124118999, 0.0 ], [ 78.415906859359765, 16.795455913636989, 0.0 ], [ 78.420498981274662, 16.793185415106191, 0.0 ], [ 78.426905038747876, 16.788503981708949, 0.0 ], [ 78.431674172840545, 16.783652607090968, 0.0 ], [ 78.434384963237449, 16.778532479816345, 0.0 ], [ 78.45300792451728, 16.779006656171621, 0.0 ], [ 78.464949164600185, 16.774160188986745, 0.0 ], [ 78.467450170499234, 16.776540376650452, 0.0 ], [ 78.471638118659953, 16.77786921946926, 0.0 ], [ 78.472604881930366, 16.785657088369355, 0.0 ], [ 78.47348248802291, 16.787519578382469, 0.0 ], [ 78.473429187626778, 16.800923560135328, 0.0 ], [ 78.478616764357724, 16.817461526479835, 0.0 ], [ 78.480344389695446, 16.817487067785482, 0.0 ], [ 78.482747341019362, 16.821267929350114, 0.0 ], [ 78.514087044221398, 16.822028846289964, 0.0 ], [ 78.516436571076781, 16.820920176834967, 0.0 ], [ 78.519196352841476, 16.821022938365967, 0.0 ], [ 78.521466995175928, 16.819357156888437, 0.0 ], [ 78.521433440070922, 16.818488535322192, 0.0 ], [ 78.526311639862044, 16.816186779702655, 0.0 ], [ 78.529672268115078, 16.816783308708754, 0.0 ], [ 78.536119415667869, 16.821460246027748, 0.0 ], [ 78.537745909149265, 16.821746577966007, 0.0 ], [ 78.543398135974954, 16.819505838448386, 0.0 ], [ 78.544910015453056, 16.820455924645731, 0.0 ], [ 78.547422110526199, 16.820456369104043, 0.0 ], [ 78.550559166809649, 16.818513488224173, 0.0 ], [ 78.553571533845883, 16.819201407569921, 0.0 ], [ 78.558697209717053, 16.81890453708063, 0.0 ], [ 78.564947427669793, 16.816451482458014, 0.0 ], [ 78.566765486063105, 16.81491693974062, 0.0 ], [ 78.566570933246581, 16.812730912392698, 0.0 ], [ 78.570614457498195, 16.806409201055658, 0.0 ], [ 78.581768131448584, 16.803235930840415, 0.0 ], [ 78.584215061920347, 16.799775747393479, 0.0 ], [ 78.587244996651833, 16.799599630105657, 0.0 ], [ 78.590839424109291, 16.796407415528456, 0.0 ], [ 78.601931519198942, 16.794661651164571, 0.0 ], [ 78.615919410096353, 16.794460462730136, 0.0 ], [ 78.615371048941114, 16.792402482000227, 0.0 ], [ 78.616199930708092, 16.792133959501339, 0.0 ], [ 78.616395640166076, 16.790322261267377, 0.0 ], [ 78.616003350285567, 16.784204513935624, 0.0 ], [ 78.623586263488335, 16.782109894790391, 0.0 ], [ 78.629212609348926, 16.777912937594589, 0.0 ], [ 78.63300276804965, 16.776743300449578, 0.0 ], [ 78.639172924057874, 16.782043430754054, 0.0 ], [ 78.644883463846483, 16.785322278271906, 0.0 ], [ 78.645810733942312, 16.787067023548747, 0.0 ], [ 78.650161141540011, 16.78973246006791, 0.0 ], [ 78.652383517561177, 16.793057581807791, 0.0 ], [ 78.662519069329107, 16.799657667704313, 0.0 ], [ 78.66734594990487, 16.8041629098676, 0.0 ], [ 78.667845246520898, 16.807522852450916, 0.0 ], [ 78.667236511031021, 16.814925144063892, 0.0 ], [ 78.665329544489168, 16.823582558354801, 0.0 ], [ 78.666733390127931, 16.832693563628794, 0.0 ], [ 78.676239692976083, 16.824327688481571, 0.0 ], [ 78.682596264783868, 16.811724132843757, 0.0 ], [ 78.681943513525795, 16.807661846116215, 0.0 ], [ 78.683825837565408, 16.793441702806206, 0.0 ], [ 78.683133468439692, 16.789094260788431, 0.0 ], [ 78.675574434498955, 16.785099583455636, 0.0 ], [ 78.662337902969142, 16.780318423845035, 0.0 ], [ 78.652747277333347, 16.774767731449277, 0.0 ], [ 78.650653771132298, 16.772746121706692, 0.0 ], [ 78.652728579700891, 16.767237786134817, 0.0 ], [ 78.659337632131354, 16.767286057353566, 0.0 ], [ 78.664604593303679, 16.760715353565566, 0.0 ], [ 78.672402586960445, 16.763125285570972, 0.0 ], [ 78.675011651756265, 16.765246039486236, 0.0 ], [ 78.67695238714424, 16.765534004212434, 0.0 ], [ 78.678522166159027, 16.76786294525516, 0.0 ], [ 78.680222269652049, 16.767257924195064, 0.0 ], [ 78.683814035729498, 16.768215704927588, 0.0 ], [ 78.692245441346543, 16.765076735269826, 0.0 ], [ 78.696224251887216, 16.765793325784298, 0.0 ], [ 78.696101216938317, 16.754594918849538, 0.0 ], [ 78.697574977250724, 16.75462551224301, 0.0 ], [ 78.703044167086475, 16.758136043590675, 0.0 ], [ 78.705538843235345, 16.756872717021349, 0.0 ], [ 78.70994355644136, 16.756159044098272, 0.0 ], [ 78.717118375314925, 16.751728730967717, 0.0 ], [ 78.726054174709375, 16.752902473376892, 0.0 ], [ 78.726396759211895, 16.7560438598939, 0.0 ], [ 78.731132544191397, 16.758177227481987, 0.0 ], [ 78.738544501749018, 16.75764181618414, 0.0 ], [ 78.745812470009582, 16.754274093108364, 0.0 ], [ 78.754476753262821, 16.751690705256589, 0.0 ], [ 78.757307997852337, 16.747878902825001, 0.0 ], [ 78.757662768071199, 16.737471254195608, 0.0 ], [ 78.759598048546465, 16.730916056227919, 0.0 ], [ 78.756715048658478, 16.718840124550557, 0.0 ], [ 78.75709579418465, 16.716111709788489, 0.0 ], [ 78.755599949642544, 16.70643044273038, 0.0 ], [ 78.754790018937967, 16.705682116160244, 0.0 ], [ 78.740892600827465, 16.706983018554894, 0.0 ], [ 78.734354935859727, 16.697621566735936, 0.0 ], [ 78.72564126269144, 16.688712034513827, 0.0 ], [ 78.717634378099802, 16.684751106246456, 0.0 ], [ 78.710135784154417, 16.678591809147285, 0.0 ], [ 78.707304652183964, 16.66639336777822, 0.0 ], [ 78.713531168360362, 16.650788936632075, 0.0 ], [ 78.707855626563685, 16.649637622122906, 0.0 ], [ 78.693406454171694, 16.651649817316986, 0.0 ], [ 78.667407307054972, 16.652064750618798, 0.0 ], [ 78.670476256720875, 16.645402364974068, 0.0 ], [ 78.673705378241579, 16.642201090590461, 0.0 ], [ 78.674561845071437, 16.639377350135295, 0.0 ], [ 78.677656470613016, 16.63598487628132, 0.0 ], [ 78.677204975526166, 16.633570491876661, 0.0 ], [ 78.679954545210194, 16.62434551204834, 0.0 ], [ 78.691807945551403, 16.622836725248341, 0.0 ], [ 78.692017861119197, 16.620916440961818, 0.0 ], [ 78.698554227026904, 16.619135831779555, 0.0 ], [ 78.700111386022016, 16.615549109591619, 0.0 ], [ 78.698107943417241, 16.613040193738772, 0.0 ], [ 78.704037407830242, 16.605754860383161, 0.0 ], [ 78.707091069024301, 16.595396863072768, 0.0 ], [ 78.708831626337016, 16.593792442895456, 0.0 ], [ 78.716280807826749, 16.582223123333311, 0.0 ], [ 78.709013397377575, 16.572723298849695, 0.0 ], [ 78.703813243348122, 16.568532140167225, 0.0 ], [ 78.701431555267661, 16.564871317463187, 0.0 ], [ 78.698187236917633, 16.563247368440372, 0.0 ], [ 78.690758006959157, 16.561343427549783, 0.0 ], [ 78.684102790661484, 16.554837367080303, 0.0 ], [ 78.679927360635318, 16.552517694110001, 0.0 ], [ 78.679504550713773, 16.555141688238717, 0.0 ], [ 78.671204454545375, 16.552641677205408, 0.0 ], [ 78.667663493178893, 16.551200076552892, 0.0 ], [ 78.66193487971934, 16.546514860183443, 0.0 ], [ 78.663805949989126, 16.541456705139701, 0.0 ], [ 78.669329645692784, 16.536371233984411, 0.0 ], [ 78.672349770442707, 16.529717368429438, 0.0 ], [ 78.675550745751124, 16.533412762466348, 0.0 ], [ 78.677043446073043, 16.53272004322141, 0.0 ], [ 78.677566287315742, 16.531444624787234, 0.0 ], [ 78.67985319821355, 16.531563744526267, 0.0 ], [ 78.681640112750017, 16.536599213766905, 0.0 ], [ 78.683942224505415, 16.537622930105702, 0.0 ], [ 78.695177120455568, 16.536520276726431, 0.0 ], [ 78.718227728997689, 16.540061719924303, 0.0 ], [ 78.724334621659452, 16.539823443821394, 0.0 ], [ 78.733616479105279, 16.537422570829861, 0.0 ], [ 78.756464786557672, 16.535282381214611, 0.0 ], [ 78.765312725782778, 16.533631757796261, 0.0 ], [ 78.7747369853371, 16.5303980024641, 0.0 ], [ 78.778966326896366, 16.526601666287768, 0.0 ], [ 78.786088548510548, 16.517903507605901, 0.0 ], [ 78.789175870203437, 16.515459116825621, 0.0 ], [ 78.794250727173065, 16.516286908211764, 0.0 ], [ 78.800723825103447, 16.514262912356081, 0.0 ], [ 78.803718059298518, 16.516620538419602, 0.0 ], [ 78.80921271615243, 16.518803583085099, 0.0 ], [ 78.812313475565603, 16.524074496970936, 0.0 ], [ 78.830370350691751, 16.539933373130744, 0.0 ], [ 78.836037977745335, 16.543957729574551, 0.0 ], [ 78.845233884945301, 16.54663463289781, 0.0 ], [ 78.855699256846151, 16.551175219242243, 0.0 ], [ 78.856872759851157, 16.551021507902508, 0.0 ], [ 78.865638012595667, 16.544617382036257, 0.0 ], [ 78.869986084177043, 16.543868399518079, 0.0 ], [ 78.877745207734236, 16.545121803118651, 0.0 ], [ 78.883609687658549, 16.547572580165312, 0.0 ], [ 78.887704253638361, 16.54686654899983, 0.0 ], [ 78.89655991192673, 16.54995920678283, 0.0 ], [ 78.909430635676543, 16.551774627920789, 0.0 ], [ 78.911133921608979, 16.550466811026364, 0.0 ], [ 78.911719372509722, 16.548218935442634, 0.0 ], [ 78.912177803561903, 16.540185803005492, 0.0 ], [ 78.918349033343645, 16.534818293252481, 0.0 ], [ 78.922568838307924, 16.523656305642771, 0.0 ], [ 78.926702125269074, 16.519765866039755, 0.0 ], [ 78.933523591961446, 16.515632953471158, 0.0 ], [ 78.939334115975853, 16.510642086711435, 0.0 ], [ 78.944563960822038, 16.507921747666845, 0.0 ], [ 78.956943378957732, 16.503335688664773, 0.0 ], [ 78.967642404505114, 16.497723865789922, 0.0 ], [ 78.97529065469017, 16.496783987994423, 0.0 ], [ 78.985923030006902, 16.493644545223891, 0.0 ], [ 78.994564532135158, 16.48843264162354, 0.0 ], [ 79.005227338500703, 16.480552794618841, 0.0 ], [ 79.022044935577853, 16.472480139429695, 0.0 ], [ 79.029017769982417, 16.465771806300928, 0.0 ], [ 79.046339046661657, 16.458998724791982, 0.0 ], [ 79.058938308947305, 16.447280632785574, 0.0 ], [ 79.064010611720505, 16.445144173847837, 0.0 ], [ 79.069806602364665, 16.4446723307417, 0.0 ], [ 79.073096936887964, 16.442654784161878, 0.0 ], [ 79.077816193419309, 16.437444677300061, 0.0 ], [ 79.083771067500081, 16.428493528057789, 0.0 ], [ 79.091578293497321, 16.421883673052644, 0.0 ], [ 79.098534959775733, 16.420826223181141, 0.0 ], [ 79.104058615782179, 16.42163150507821, 0.0 ], [ 79.109901144708331, 16.421081939742479, 0.0 ], [ 79.111478572584701, 16.419997778216985, 0.0 ], [ 79.116590110228444, 16.411401988269223, 0.0 ], [ 79.122494765228012, 16.406592159887218, 0.0 ], [ 79.126059421549527, 16.405394155954742, 0.0 ], [ 79.135106289925517, 16.404163586863035, 0.0 ], [ 79.143004719154973, 16.39890017453649, 0.0 ], [ 79.145330836414971, 16.398580376077405, 0.0 ], [ 79.149100875458302, 16.400196383571917, 0.0 ], [ 79.151725716798353, 16.400045783531205, 0.0 ], [ 79.153310151233271, 16.397183965043737, 0.0 ], [ 79.152453257976092, 16.39161112111746, 0.0 ], [ 79.15294664240092, 16.385214742133581, 0.0 ], [ 79.154823579307276, 16.381341694354596, 0.0 ], [ 79.156675837184636, 16.380412698079102, 0.0 ], [ 79.161896688329918, 16.380129143890482, 0.0 ], [ 79.164204308687445, 16.379044675425686, 0.0 ], [ 79.166006416602514, 16.377197152131576, 0.0 ], [ 79.16634161733505, 16.373341481862589, 0.0 ], [ 79.171880299209164, 16.368265659215901, 0.0 ], [ 79.17701570954209, 16.367411292178087, 0.0 ], [ 79.181145791033543, 16.367676716962187, 0.0 ], [ 79.190888088079845, 16.360152605343789, 0.0 ], [ 79.194697785363118, 16.359257997499814, 0.0 ], [ 79.201583500806947, 16.362877675890445, 0.0 ], [ 79.20359419543621, 16.362718095763046, 0.0 ], [ 79.210624208614433, 16.356478975582561, 0.0 ], [ 79.214359828570267, 16.349658935193599, 0.0 ], [ 79.221404043042071, 16.345436634182033, 0.0 ], [ 79.224635831667754, 16.341837935036267, 0.0 ], [ 79.231886204041672, 16.33753964584243, 0.0 ], [ 79.234223541025443, 16.335332976586567, 0.0 ], [ 79.233838577569244, 16.32229633880501, 0.0 ], [ 79.231068359586033, 16.314631983053598, 0.0 ], [ 79.231141915412309, 16.293678852877989, 0.0 ], [ 79.230099028661598, 16.281058753562888, 0.0 ], [ 79.224543802931962, 16.271161428590862, 0.0 ], [ 79.225002063877596, 16.266894793269941, 0.0 ], [ 79.223838833319149, 16.259235403033927, 0.0 ], [ 79.223449885826753, 16.246962896904392, 0.0 ], [ 79.221386270346159, 16.236652220924356, 0.0 ], [ 79.217550514869686, 16.228963067487516, 0.0 ], [ 79.213922373003058, 16.225377185306961, 0.0 ], [ 79.206309784527591, 16.22121515849199, 0.0 ], [ 79.191908057061795, 16.217350291291869, 0.0 ], [ 79.170217193111753, 16.2102141038296, 0.0 ], [ 79.156979106367572, 16.209596919002376, 0.0 ], [ 79.146035967319762, 16.214276146820016, 0.0 ], [ 79.123804306314284, 16.231328373144429, 0.0 ], [ 79.119757850690391, 16.232247298740269, 0.0 ], [ 79.114329636127707, 16.23125758328537, 0.0 ], [ 79.10867313543821, 16.228791808421217, 0.0 ], [ 79.103410190606255, 16.223646486320501, 0.0 ], [ 79.101611531856051, 16.22313260432076, 0.0 ], [ 79.094462291848956, 16.224595916386136, 0.0 ], [ 79.084140526088731, 16.230429358586999, 0.0 ], [ 79.081313852724449, 16.230306441766079, 0.0 ], [ 79.075794057324686, 16.227768348333125, 0.0 ], [ 79.072145413496926, 16.227381965226087, 0.0 ], [ 79.067787128203534, 16.229315421508527, 0.0 ], [ 79.058618101715339, 16.235499162113364, 0.0 ], [ 79.04805448532322, 16.238981935285469, 0.0 ], [ 79.02921632527125, 16.242049603507542, 0.0 ], [ 79.013999913552524, 16.241559023235055, 0.0 ], [ 79.009546077530445, 16.240523712048358, 0.0 ], [ 78.998648340501617, 16.22602768081811, 0.0 ], [ 78.985755121267445, 16.21102494854081, 0.0 ], [ 78.981202464796667, 16.210164728359601, 0.0 ], [ 78.972728997377487, 16.211510426758966, 0.0 ], [ 78.96777712713893, 16.211433922389354, 0.0 ], [ 78.960308257162112, 16.209380737656634, 0.0 ], [ 78.948995735706291, 16.203848278633942, 0.0 ], [ 78.937658665923735, 16.201508120239996, 0.0 ], [ 78.930054079515841, 16.198362918475404, 0.0 ], [ 78.924697345810742, 16.195681820405881, 0.0 ], [ 78.92021721804096, 16.192269978360535, 0.0 ], [ 78.91110449118716, 16.188737395112881, 0.0 ], [ 78.905442778065662, 16.183900698615357, 0.0 ], [ 78.903796677242283, 16.179659482427589, 0.0 ], [ 78.9047431150546, 16.174895098307083, 0.0 ], [ 78.910584062190821, 16.164382825860066, 0.0 ], [ 78.915070382303483, 16.148821799284917, 0.0 ], [ 78.922540877874937, 16.140343091105997, 0.0 ], [ 78.92432007700468, 16.136091343397936, 0.0 ], [ 78.924424941577286, 16.131148679704658, 0.0 ], [ 78.921658052201579, 16.123136309688682, 0.0 ], [ 78.922067694971005, 16.104627542543319, 0.0 ], [ 78.921326661390395, 16.103088799019453, 0.0 ], [ 78.917970831923213, 16.100341042031356, 0.0 ], [ 78.906148403173304, 16.095146153760727, 0.0 ], [ 78.89564127350198, 16.085894544046734, 0.0 ], [ 78.89245050069151, 16.084789401162009, 0.0 ], [ 78.889090649943142, 16.085501092585339, 0.0 ], [ 78.888820032346544, 16.092305871743168, 0.0 ], [ 78.887026828952997, 16.098795982694995, 0.0 ], [ 78.87943646070309, 16.117919262925973, 0.0 ], [ 78.876552396345573, 16.135843643801511, 0.0 ], [ 78.874805855862746, 16.140547568547756, 0.0 ], [ 78.872192106489962, 16.144281365163394, 0.0 ], [ 78.864670597344357, 16.147330642758892, 0.0 ], [ 78.852521418722745, 16.149172267206513, 0.0 ], [ 78.839203399488511, 16.146960597266528, 0.0 ], [ 78.833891682402808, 16.144788662900595, 0.0 ], [ 78.832760937059732, 16.141270090728192, 0.0 ], [ 78.833086370278338, 16.137636258567397, 0.0 ], [ 78.838854562941449, 16.116049082133802, 0.0 ], [ 78.842456027098663, 16.095521030827989, 0.0 ], [ 78.841752263734747, 16.082919471941082, 0.0 ], [ 78.837800738665962, 16.072173901751274, 0.0 ], [ 78.833247926108996, 16.066231314258541, 0.0 ], [ 78.827696657371064, 16.061135532822561, 0.0 ], [ 78.823771677049081, 16.054026310060586, 0.0 ], [ 78.819449035695897, 16.048618957708246, 0.0 ], [ 78.816188489437167, 16.045933589415604, 0.0 ], [ 78.808432379061756, 16.042832399480297, 0.0 ], [ 78.802060153637683, 16.038724456241031, 0.0 ], [ 78.80042728196301, 16.037155438438162, 0.0 ], [ 78.79645954661936, 16.029204079475655, 0.0 ], [ 78.793099293852293, 16.025685382981802, 0.0 ], [ 78.789933996342171, 16.023439125650778, 0.0 ], [ 78.783191567827473, 16.02060753539272, 0.0 ], [ 78.776999587633952, 16.020109449074099, 0.0 ], [ 78.766174796505538, 16.016760089905418, 0.0 ], [ 78.758795593213762, 16.017283016624379, 0.0 ], [ 78.753002873481222, 16.016597503887194, 0.0 ], [ 78.747967639597874, 16.014339703448201, 0.0 ], [ 78.740953980260628, 16.008980777877362, 0.0 ], [ 78.735543492194552, 16.008469882320551, 0.0 ], [ 78.729159619576322, 16.013794252622876, 0.0 ], [ 78.723619425665149, 16.02043711446905, 0.0 ], [ 78.715604675961885, 16.022427583109376, 0.0 ], [ 78.70540336236229, 16.02675118093018, 0.0 ], [ 78.699415510390807, 16.027464699505963, 0.0 ], [ 78.681241913075226, 16.035106683397213, 0.0 ], [ 78.672669918616776, 16.046186227221661, 0.0 ], [ 78.668193614107707, 16.054813397430671, 0.0 ], [ 78.655393442413356, 16.06869589748263, 0.0 ], [ 78.650471523027974, 16.07230742677848, 0.0 ], [ 78.650272208501931, 16.079121726874998, 0.0 ], [ 78.632479801644024, 16.086812676855367, 0.0 ], [ 78.621027198087816, 16.088362218228539, 0.0 ], [ 78.610014389601503, 16.087441031221502, 0.0 ], [ 78.601685357953173, 16.084241245594619, 0.0 ], [ 78.596302125185758, 16.078281486956406, 0.0 ], [ 78.592439457976965, 16.069418051065096, 0.0 ], [ 78.58698859175054, 16.063751496220185, 0.0 ], [ 78.582464986469034, 16.061860698671957, 0.0 ], [ 78.570327147786045, 16.052718241103115, 0.0 ], [ 78.562647149389861, 16.048889609377529, 0.0 ], [ 78.557687264586903, 16.045284668126094, 0.0 ], [ 78.551815412419685, 16.043118511377806, 0.0 ], [ 78.547582770053012, 16.043106617802874, 0.0 ], [ 78.542106333826808, 16.044485325753474, 0.0 ], [ 78.531557828670813, 16.050298956513291, 0.0 ], [ 78.522980149325335, 16.054009107318919, 0.0 ], [ 78.504013293258097, 16.0596113904109, 0.0 ], [ 78.49870681478636, 16.060289486465752, 0.0 ], [ 78.476677251400218, 16.068397689645799, 0.0 ], [ 78.465911924987182, 16.06950670097315, 0.0 ], [ 78.459074656865681, 16.072077740900625, 0.0 ], [ 78.442709057773399, 16.074596938902729, 0.0 ], [ 78.440533397684035, 16.07464362816205, 0.0 ], [ 78.434573728677549, 16.071519030144788, 0.0 ], [ 78.42872925843696, 16.073492734270168, 0.0 ], [ 78.419397467653823, 16.073898716746946, 0.0 ], [ 78.410119728378504, 16.075381345292008, 0.0 ], [ 78.402821158601938, 16.07327837721374, 0.0 ], [ 78.400772591555622, 16.071485125196222, 0.0 ], [ 78.398267441698081, 16.066883068735038, 0.0 ], [ 78.396751337033237, 16.066053927576821, 0.0 ], [ 78.387116526016229, 16.065948916950205, 0.0 ], [ 78.384451942832101, 16.064918200852997, 0.0 ], [ 78.373874306696592, 16.053735686416807, 0.0 ], [ 78.365479921603352, 16.047097446589394, 0.0 ], [ 78.362029447201778, 16.046112797090448, 0.0 ], [ 78.352833609493374, 16.047883195062074, 0.0 ], [ 78.347792564262676, 16.047791278985056, 0.0 ], [ 78.338296952834995, 16.044017393367739, 0.0 ], [ 78.326619789850355, 16.03705463766639, 0.0 ], [ 78.323845867777266, 16.033267600970088, 0.0 ], [ 78.322139036961019, 16.028998467253842, 0.0 ], [ 78.322708701214935, 16.02099421160818, 0.0 ], [ 78.32199035588684, 16.017427228678251, 0.0 ], [ 78.316307105317819, 16.013307146684809, 0.0 ], [ 78.312325150942613, 16.011827687264219, 0.0 ], [ 78.306924109391332, 16.01096667116494, 0.0 ], [ 78.299483435799274, 16.011861908352092, 0.0 ], [ 78.293923665557941, 16.014336873019911, 0.0 ], [ 78.285742795578386, 16.020773593926265, 0.0 ], [ 78.281367592378899, 16.023088684657935, 0.0 ], [ 78.270098514935611, 16.027095249139322, 0.0 ], [ 78.263549122371188, 16.027270373835368, 0.0 ] ] ] } },
{ "type": "Feature", "properties": { "DISTRICT": "NALGONDA", "Dist_LGD": "539" }, "geometry": { "type": "Polygon", "coordinates": [ [ [ 78.732545905593085, 16.537594538747715, 0.0 ], [ 78.724334621659452, 16.539823443821394, 0.0 ], [ 78.718227728997689, 16.540061719924303, 0.0 ], [ 78.695177120455568, 16.536520276726431, 0.0 ], [ 78.683942224505415, 16.537622930105702, 0.0 ], [ 78.681640112750017, 16.536599213766905, 0.0 ], [ 78.67985319821355, 16.531563744526267, 0.0 ], [ 78.677566287315742, 16.531444624787234, 0.0 ], [ 78.677043446073043, 16.53272004322141, 0.0 ], [ 78.675550745751124, 16.533412762466348, 0.0 ], [ 78.672349770442707, 16.529717368429438, 0.0 ], [ 78.669329645692784, 16.536371233984411, 0.0 ], [ 78.663805949989126, 16.541456705139701, 0.0 ], [ 78.66193487971934, 16.546514860183443, 0.0 ], [ 78.66588388402765, 16.54995005847568, 0.0 ], [ 78.671204454545375, 16.552641677205408, 0.0 ], [ 78.679504550713773, 16.555141688238717, 0.0 ], [ 78.679927360635318, 16.552517694110001, 0.0 ], [ 78.684102790661484, 16.554837367080303, 0.0 ], [ 78.690758006959157, 16.561343427549783, 0.0 ], [ 78.698187236917633, 16.563247368440372, 0.0 ], [ 78.701431555267661, 16.564871317463187, 0.0 ], [ 78.703813243348122, 16.568532140167225, 0.0 ], [ 78.709013397377575, 16.572723298849695, 0.0 ], [ 78.716280807826749, 16.582223123333311, 0.0 ], [ 78.708831626337016, 16.593792442895456, 0.0 ], [ 78.707091069024301, 16.595396863072768, 0.0 ], [ 78.704037407830242, 16.605754860383161, 0.0 ], [ 78.698107943417241, 16.613040193738772, 0.0 ], [ 78.700111386022016, 16.615549109591619, 0.0 ], [ 78.698554227026904, 16.619135831779555, 0.0 ], [ 78.692017861119197, 16.620916440961818, 0.0 ], [ 78.691807945551403, 16.622836725248341, 0.0 ], [ 78.679954545210194, 16.62434551204834, 0.0 ], [ 78.677204975526166, 16.633570491876661, 0.0 ], [ 78.677656470613016, 16.63598487628132, 0.0 ], [ 78.674561845071437, 16.639377350135295, 0.0 ], [ 78.673705378241579, 16.642201090590461, 0.0 ], [ 78.670476256720875, 16.645402364974068, 0.0 ], [ 78.667407307054972, 16.652064750618798, 0.0 ], [ 78.693406454171694, 16.651649817316986, 0.0 ], [ 78.707855626563685, 16.649637622122906, 0.0 ], [ 78.713531168360362, 16.650788936632075, 0.0 ], [ 78.707304652183964, 16.66639336777822, 0.0 ], [ 78.710135784154417, 16.678591809147285, 0.0 ], [ 78.717634378099802, 16.684751106246456, 0.0 ], [ 78.72564126269144, 16.688712034513827, 0.0 ], [ 78.734354935859727, 16.697621566735936, 0.0 ], [ 78.740892600827465, 16.706983018554894, 0.0 ], [ 78.754790018937967, 16.705682116160244, 0.0 ], [ 78.755599949642544, 16.70643044273038, 0.0 ], [ 78.75709579418465, 16.716111709788489, 0.0 ], [ 78.756715048658478, 16.718840124550557, 0.0 ], [ 78.759598048546465, 16.730916056227919, 0.0 ], [ 78.757662768071199, 16.737471254195608, 0.0 ], [ 78.757307997852337, 16.747878902825001, 0.0 ], [ 78.761635184063735, 16.74899523395738, 0.0 ], [ 78.780855522964501, 16.746365780383375, 0.0 ], [ 78.782904738149654, 16.751433877542219, 0.0 ], [ 78.789304255288627, 16.761507172144576, 0.0 ], [ 78.795202666941464, 16.785631627953318, 0.0 ], [ 78.793184549940079, 16.789916194170019, 0.0 ], [ 78.791823499689869, 16.802328091993161, 0.0 ], [ 78.795303447628854, 16.812535793143923, 0.0 ], [ 78.797866146506678, 16.807744601677705, 0.0 ], [ 78.802151137310688, 16.826478662469121, 0.0 ], [ 78.787580052445591, 16.831960388330383, 0.0 ], [ 78.789583137104998, 16.839230273228758, 0.0 ], [ 78.789069302280737, 16.839990371933723, 0.0 ], [ 78.786606373798946, 16.841340817717835, 0.0 ], [ 78.775706325423911, 16.844110731512906, 0.0 ], [ 78.77887818600631, 16.850870123313211, 0.0 ], [ 78.781315059192039, 16.86007913042339, 0.0 ], [ 78.780888911182942, 16.868550369657513, 0.0 ], [ 78.773641674918323, 16.877178877969587, 0.0 ], [ 78.772028583672437, 16.882773373936136, 0.0 ], [ 78.767918503517578, 16.876924349820293, 0.0 ], [ 78.760101399802309, 16.871257441381598, 0.0 ], [ 78.752075521936845, 16.862698797721585, 0.0 ], [ 78.749849862239856, 16.854864840124215, 0.0 ], [ 78.730331199760812, 16.864752937586246, 0.0 ], [ 78.727998525179558, 16.869296445987718, 0.0 ], [ 78.726738523527956, 16.869959765910075, 0.0 ], [ 78.728294828027089, 16.87500142068523, 0.0 ], [ 78.727807030443799, 16.889549988586275, 0.0 ], [ 78.728930861067113, 16.895162453104781, 0.0 ], [ 78.731661606872436, 16.900213874932682, 0.0 ], [ 78.735551927429441, 16.902222400834486, 0.0 ], [ 78.741520073179274, 16.90983295397676, 0.0 ], [ 78.745054527429744, 16.912263547055304, 0.0 ], [ 78.745357269338001, 16.915191829691231, 0.0 ], [ 78.742906327321208, 16.916107624040023, 0.0 ], [ 78.743328788769702, 16.917196526729839, 0.0 ], [ 78.741206295548992, 16.918675799093336, 0.0 ], [ 78.737922495744783, 16.919209361167653, 0.0 ], [ 78.729612897345476, 16.92330078960185, 0.0 ], [ 78.716788605054845, 16.92785604401638, 0.0 ], [ 78.715499358885381, 16.92911596808997, 0.0 ], [ 78.71347645546237, 16.928899984471212, 0.0 ], [ 78.712463678807183, 16.930754616181609, 0.0 ], [ 78.710129521167659, 16.93169822694556, 0.0 ], [ 78.707597717527861, 16.934231922344143, 0.0 ], [ 78.701909797112734, 16.935603933022769, 0.0 ], [ 78.69587943132106, 16.935878436168256, 0.0 ], [ 78.696994662375644, 16.942363652585811, 0.0 ], [ 78.701474006826004, 16.944739504530034, 0.0 ], [ 78.703912243331786, 16.94992890308362, 0.0 ], [ 78.704012572178272, 16.955410641587214, 0.0 ], [ 78.702142504647711, 16.964814001877379, 0.0 ], [ 78.707339927913893, 16.967725350475241, 0.0 ], [ 78.711589568292027, 16.96908617453974, 0.0 ], [ 78.718758008087889, 16.9688116668395, 0.0 ], [ 78.725659625056124, 16.972084556006504, 0.0 ], [ 78.731897269428259, 16.973434361842724, 0.0 ], [ 78.741768870590832, 16.971463139078377, 0.0 ], [ 78.756411776327639, 16.969797405069606, 0.0 ], [ 78.753219412035548, 16.974759099923276, 0.0 ], [ 78.752839907270939, 16.98205014774263, 0.0 ], [ 78.753954171310667, 16.984641420106982, 0.0 ], [ 78.757080380720438, 16.985046907271407, 0.0 ], [ 78.760753952162702, 16.984131827196521, 0.0 ], [ 78.762491738794438, 16.982111079196866, 0.0 ], [ 78.765309619725414, 16.981772305680625, 0.0 ], [ 78.774119434481548, 16.982468014400425, 0.0 ], [ 78.777100362059628, 16.981212422761121, 0.0 ], [ 78.778816142909918, 16.97953052731911, 0.0 ], [ 78.789096431614666, 16.976479634416631, 0.0 ], [ 78.792650187564305, 16.991526062775229, 0.0 ], [ 78.799011075958148, 16.99995192023885, 0.0 ], [ 78.816376997788808, 17.000994411757365, 0.0 ], [ 78.822716818135234, 17.005987123308625, 0.0 ], [ 78.825073134672408, 17.019599015410439, 0.0 ], [ 78.809851172880883, 17.023756491960032, 0.0 ], [ 78.807544603197044, 17.023611481243321, 0.0 ], [ 78.796432405339019, 17.025869771233214, 0.0 ], [ 78.776648761825442, 17.031765496950946, 0.0 ], [ 78.782906081205709, 17.040810374336569, 0.0 ], [ 78.792649322065571, 17.042055430370009, 0.0 ], [ 78.797111403356581, 17.035950285121512, 0.0 ], [ 78.806334326454305, 17.034811948717241, 0.0 ], [ 78.81281317189206, 17.032439639621447, 0.0 ], [ 78.821957111966483, 17.030617244468328, 0.0 ], [ 78.827083043551895, 17.034193751400249, 0.0 ], [ 78.833948458980288, 17.036666903115083, 0.0 ], [ 78.836119680536783, 17.038393272189946, 0.0 ], [ 78.83749556675474, 17.041338785097885, 0.0 ], [ 78.836087908898222, 17.055504178396962, 0.0 ], [ 78.837555623104791, 17.059286991306305, 0.0 ], [ 78.844250471221656, 17.068740334861396, 0.0 ], [ 78.841693536193077, 17.074246295246052, 0.0 ], [ 78.860112075250825, 17.067701048767098, 0.0 ], [ 78.873432008966702, 17.061883979548284, 0.0 ], [ 78.876829013848791, 17.058690241438718, 0.0 ], [ 78.879511664687882, 17.057756548303999, 0.0 ], [ 78.880738069281122, 17.046958361267055, 0.0 ], [ 78.884179492142948, 17.045189284148137, 0.0 ], [ 78.892002850637695, 17.043891953938594, 0.0 ], [ 78.894754876862251, 17.049976774940358, 0.0 ], [ 78.894479613553216, 17.060103856812528, 0.0 ], [ 78.897379146701823, 17.063123814858422, 0.0 ], [ 78.897748392516036, 17.065690471253895, 0.0 ], [ 78.900543913486004, 17.06533623267423, 0.0 ], [ 78.903141270155473, 17.07259081716985, 0.0 ], [ 78.90105116635543, 17.074076403267497, 0.0 ], [ 78.902105785295049, 17.079108241246374, 0.0 ], [ 78.911375582121252, 17.090391967099841, 0.0 ], [ 78.914944315986787, 17.090979249000853, 0.0 ], [ 78.928325604520083, 17.081586980949098, 0.0 ], [ 78.930773985740899, 17.084675473810755, 0.0 ], [ 78.930056806278984, 17.089716599182371, 0.0 ], [ 78.930802488118758, 17.092317708057465, 0.0 ], [ 78.938464439683088, 17.106807873321074, 0.0 ], [ 78.94195746584063, 17.108691978418374, 0.0 ], [ 78.946898905056742, 17.10937468986511, 0.0 ], [ 78.948282122777641, 17.110465583717804, 0.0 ], [ 78.952223669031142, 17.122902230083373, 0.0 ], [ 78.947347034268944, 17.125290454191909, 0.0 ], [ 78.947291887461162, 17.126325577258928, 0.0 ], [ 78.951174658618541, 17.130120487360777, 0.0 ], [ 78.951468797716373, 17.132180104884871, 0.0 ], [ 78.952685861563225, 17.131714140317214, 0.0 ], [ 78.953841830554595, 17.133626266161116, 0.0 ], [ 78.972227651627392, 17.127274646644977, 0.0 ], [ 78.974557075001542, 17.128892097689221, 0.0 ], [ 78.975292031454956, 17.132361069106658, 0.0 ], [ 78.986342079451703, 17.146041502414661, 0.0 ], [ 78.992698062115963, 17.155604983541547, 0.0 ], [ 78.989251636428691, 17.160351106603521, 0.0 ], [ 78.98255879732244, 17.16458564595661, 0.0 ], [ 78.977936239561231, 17.168703582957271, 0.0 ], [ 78.979442523085922, 17.174045584378206, 0.0 ], [ 78.977391258891387, 17.17470468180246, 0.0 ], [ 78.977783644521097, 17.175657005739815, 0.0 ], [ 78.97063085579984, 17.179657299649659, 0.0 ], [ 78.972360768273461, 17.184051268000136, 0.0 ], [ 78.966360847700429, 17.187955619685116, 0.0 ], [ 78.9623226221035, 17.189418701508139, 0.0 ], [ 78.960592887280271, 17.191043023775091, 0.0 ], [ 78.962908993449133, 17.195658350770785, 0.0 ], [ 78.961144364365353, 17.198123537395961, 0.0 ], [ 78.957185042208991, 17.199098705961006, 0.0 ], [ 78.973762264081344, 17.215030594397167, 0.0 ], [ 78.97154364398645, 17.216574640360381, 0.0 ], [ 78.974640961925459, 17.232775365454263, 0.0 ], [ 78.977847195286444, 17.239210038179742, 0.0 ], [ 78.979160765289265, 17.243976149974305, 0.0 ], [ 78.978919171535296, 17.249061262828945, 0.0 ], [ 78.982775107078936, 17.247578616182267, 0.0 ], [ 78.984168213671751, 17.248149167756917, 0.0 ], [ 78.986528278313244, 17.250983497730889, 0.0 ], [ 78.982944124323268, 17.254945475989789, 0.0 ], [ 78.98179769168236, 17.26325709053507, 0.0 ], [ 78.980649475633129, 17.264469714152689, 0.0 ], [ 78.982788090033949, 17.275788955341007, 0.0 ], [ 78.980855118203152, 17.276833235622664, 0.0 ], [ 78.98184388353836, 17.27982453048855, 0.0 ], [ 78.997840957718893, 17.278192152946566, 0.0 ], [ 79.000038804723815, 17.272020956940349, 0.0 ], [ 79.00595135367, 17.272208765075263, 0.0 ], [ 79.008183083415631, 17.273318624182995, 0.0 ], [ 79.01194084132149, 17.273028387800267, 0.0 ], [ 79.036301612715789, 17.269041779706463, 0.0 ], [ 79.041866460894155, 17.266837226630766, 0.0 ], [ 79.055352901850796, 17.25737948684889, 0.0 ], [ 79.064062323795383, 17.258170862817771, 0.0 ], [ 79.073456656694304, 17.254074036481441, 0.0 ], [ 79.082280170469431, 17.2527403200184, 0.0 ], [ 79.088779525489485, 17.247384650621186, 0.0 ], [ 79.103444183699011, 17.242959927906412, 0.0 ], [ 79.103214012183926, 17.244377957364811, 0.0 ], [ 79.104802977313241, 17.249240018847711, 0.0 ], [ 79.10645661269119, 17.250987473527925, 0.0 ], [ 79.108347441867735, 17.255068956532831, 0.0 ], [ 79.108597464041836, 17.260302091974392, 0.0 ], [ 79.11053040371597, 17.265799388365885, 0.0 ], [ 79.116991050628712, 17.277950177194647, 0.0 ], [ 79.12099193495041, 17.276533729592828, 0.0 ], [ 79.129058920273025, 17.27647274057729, 0.0 ], [ 79.131309996819638, 17.277613078491761, 0.0 ], [ 79.137752378975506, 17.277012298312808, 0.0 ], [ 79.138190910889804, 17.280288704705935, 0.0 ], [ 79.142004749835721, 17.282090011349847, 0.0 ], [ 79.145073071181201, 17.282810381235841, 0.0 ], [ 79.152012865866922, 17.28106838155372, 0.0 ], [ 79.155639445341535, 17.281367106059157, 0.0 ], [ 79.154326489553114, 17.277908876722407, 0.0 ], [ 79.149756783913432, 17.271721609793097, 0.0 ], [ 79.155323570552284, 17.26492472110176, 0.0 ], [ 79.154636308377775, 17.263577474234776, 0.0 ], [ 79.157139918150136, 17.262191577235246, 0.0 ], [ 79.156728091376294, 17.25978802096348, 0.0 ], [ 79.158072755369005, 17.259276511310826, 0.0 ], [ 79.158390896495291, 17.260928893797182, 0.0 ], [ 79.163299214920229, 17.256763709322566, 0.0 ], [ 79.164798909099417, 17.256284781295399, 0.0 ], [ 79.165457949405109, 17.256944538934153, 0.0 ], [ 79.170332743871228, 17.25491769210845, 0.0 ], [ 79.171583082215378, 17.255820767008775, 0.0 ], [ 79.17570757261413, 17.255489235391831, 0.0 ], [ 79.175238790284908, 17.251728877912107, 0.0 ], [ 79.177956860857904, 17.251998970394386, 0.0 ], [ 79.178899343432875, 17.256702748264921, 0.0 ], [ 79.18180671618245, 17.259632654454407, 0.0 ], [ 79.184184073898621, 17.273569255307745, 0.0 ], [ 79.185811657440169, 17.273683295760677, 0.0 ], [ 79.185937945997665, 17.272390908503212, 0.0 ], [ 79.195411868785712, 17.268072250762469, 0.0 ], [ 79.197657539392537, 17.265807117543591, 0.0 ], [ 79.20504045122361, 17.262356939252332, 0.0 ], [ 79.205477066453582, 17.266089887674781, 0.0 ], [ 79.204760479149741, 17.269142109392803, 0.0 ], [ 79.213086896748976, 17.28260346543016, 0.0 ], [ 79.215901807419371, 17.289018407001901, 0.0 ], [ 79.219161584282645, 17.304483491004163, 0.0 ], [ 79.218505883309518, 17.309760647653412, 0.0 ], [ 79.219386163816466, 17.314088471304256, 0.0 ], [ 79.223919996106787, 17.314685368722682, 0.0 ], [ 79.228957571540633, 17.318187956065483, 0.0 ], [ 79.237462551996686, 17.317619082563862, 0.0 ], [ 79.243654876164669, 17.315788248961898, 0.0 ], [ 79.2481165757291, 17.315691631211983, 0.0 ], [ 79.249016470133313, 17.317244091417663, 0.0 ], [ 79.251874734907574, 17.325259279979058, 0.0 ], [ 79.250825554313366, 17.328865762585757, 0.0 ], [ 79.2396884573336, 17.337140390384747, 0.0 ], [ 79.239572051228052, 17.338243219950183, 0.0 ], [ 79.242758534027459, 17.343418823449852, 0.0 ], [ 79.249230310943929, 17.347594325376072, 0.0 ], [ 79.251013510983043, 17.357080500643345, 0.0 ], [ 79.250732569172087, 17.359063746082633, 0.0 ], [ 79.257127168409767, 17.360425889902665, 0.0 ], [ 79.276070455408586, 17.360114989878944, 0.0 ], [ 79.288614534444235, 17.357613969402099, 0.0 ], [ 79.295360008065984, 17.357068932457789, 0.0 ], [ 79.325514684440179, 17.360424749719026, 0.0 ], [ 79.332262648843738, 17.35945807241524, 0.0 ], [ 79.343449154927086, 17.35629982957925, 0.0 ], [ 79.353297496299589, 17.352455597931478, 0.0 ], [ 79.3628797957454, 17.346516084935828, 0.0 ], [ 79.369445808630985, 17.344326480061, 0.0 ], [ 79.37837844991742, 17.344007429806979, 0.0 ], [ 79.390553429529746, 17.34726323944566, 0.0 ], [ 79.399570483754971, 17.348702559430134, 0.0 ], [ 79.408504379421558, 17.348183312328732, 0.0 ], [ 79.424736845106892, 17.345702174200351, 0.0 ], [ 79.448016832044871, 17.346681902442675, 0.0 ], [ 79.453720884440358, 17.345276693093972, 0.0 ], [ 79.46076825028409, 17.341775437604483, 0.0 ], [ 79.471001910684038, 17.334785264020152, 0.0 ], [ 79.474796376040914, 17.331150249234003, 0.0 ], [ 79.48431937727554, 17.312988049462241, 0.0 ], [ 79.486456155526852, 17.294767692001038, 0.0 ], [ 79.491051785967628, 17.282463917676925, 0.0 ], [ 79.494680887437539, 17.268554806819132, 0.0 ], [ 79.497205322949128, 17.262620895538976, 0.0 ], [ 79.495663463111825, 17.259529937954859, 0.0 ], [ 79.493099974489951, 17.257460546488851, 0.0 ], [ 79.495664313659091, 17.250958364443232, 0.0 ], [ 79.49398894523128, 17.233638544578348, 0.0 ], [ 79.498464017083592, 17.233151102168069, 0.0 ], [ 79.502333628849797, 17.231296911381232, 0.0 ], [ 79.519763198316653, 17.233561648198297, 0.0 ], [ 79.520758720205265, 17.226616672703422, 0.0 ], [ 79.524316136186528, 17.213249025904549, 0.0 ], [ 79.525287128247825, 17.203382751476106, 0.0 ], [ 79.5244960393849, 17.191193282419047, 0.0 ], [ 79.525385167477111, 17.186436039455245, 0.0 ], [ 79.533351060723206, 17.171681920261332, 0.0 ], [ 79.538701872175338, 17.164390028715161, 0.0 ], [ 79.551552327334633, 17.153572919904015, 0.0 ], [ 79.561756707981232, 17.14209221767965, 0.0 ], [ 79.565719123030476, 17.128698140672071, 0.0 ], [ 79.56917773963707, 17.12028018818723, 0.0 ], [ 79.573485216786764, 17.113281164353118, 0.0 ], [ 79.58289756783627, 17.101524542676962, 0.0 ], [ 79.588472526016204, 17.088679368848943, 0.0 ], [ 79.592124619481552, 17.083829543019188, 0.0 ], [ 79.593951057739758, 17.075182482112631, 0.0 ], [ 79.592471975155391, 17.06355051495359, 0.0 ], [ 79.592860120956942, 17.059912067031174, 0.0 ], [ 79.595948312447803, 17.053852329462035, 0.0 ], [ 79.599477426780595, 17.050014645582095, 0.0 ], [ 79.601178670364405, 17.044961843712723, 0.0 ], [ 79.598330339479432, 17.031555963864083, 0.0 ], [ 79.599024670169513, 17.026693260959249, 0.0 ], [ 79.603327465526306, 17.013860114196959, 0.0 ], [ 79.605481870284677, 16.999986806018704, 0.0 ], [ 79.6098149397301, 16.995831203188967, 0.0 ], [ 79.615603462043154, 16.984600152579024, 0.0 ], [ 79.616626915115489, 16.970134020894072, 0.0 ], [ 79.614709284608793, 16.961868870298069, 0.0 ], [ 79.614154759611139, 16.939948311117647, 0.0 ], [ 79.616834340696684, 16.923865485793304, 0.0 ], [ 79.619091666762301, 16.918068503779462, 0.0 ], [ 79.622347124469471, 16.9127911097648, 0.0 ], [ 79.626519430664729, 16.907295874501795, 0.0 ], [ 79.633825499355652, 16.901582702125197, 0.0 ], [ 79.641790217037027, 16.887967283394328, 0.0 ], [ 79.644750392754617, 16.876891000369547, 0.0 ], [ 79.645020493597372, 16.868765781900304, 0.0 ], [ 79.645852519650219, 16.866417630975217, 0.0 ], [ 79.648326554703161, 16.863384195846582, 0.0 ], [ 79.663066581631298, 16.850531974543316, 0.0 ], [ 79.666430875037619, 16.845638597504504, 0.0 ], [ 79.667959779213362, 16.841642524148693, 0.0 ], [ 79.668342002393814, 16.828959323311331, 0.0 ], [ 79.665865597673005, 16.814962489824037, 0.0 ], [ 79.666477955037834, 16.803374408738375, 0.0 ], [ 79.673519949945245, 16.779940635531695, 0.0 ], [ 79.674159833097235, 16.763893632311262, 0.0 ], [ 79.673463916301515, 16.756347805279482, 0.0 ], [ 79.670524539160127, 16.751013620997838, 0.0 ], [ 79.670882953667657, 16.748374039264274, 0.0 ], [ 79.668868473714525, 16.743025351083066, 0.0 ], [ 79.668072673114892, 16.73362492334304, 0.0 ], [ 79.674470791343879, 16.724361075277919, 0.0 ], [ 79.688687374829257, 16.722882768230225, 0.0 ], [ 79.699840647732771, 16.718741924703998, 0.0 ], [ 79.679159991066072, 16.69369531238771, 0.0 ], [ 79.673715052274275, 16.690779915193115, 0.0 ], [ 79.662197820086419, 16.686940572350654, 0.0 ], [ 79.657348294949841, 16.682046274406144, 0.0 ], [ 79.653489782555212, 16.675862444949885, 0.0 ], [ 79.648291634271672, 16.67031989127841, 0.0 ], [ 79.638904380119712, 16.663656760160915, 0.0 ], [ 79.633104405935484, 16.660716269379783, 0.0 ], [ 79.621504114799265, 16.663467970743337, 0.0 ], [ 79.606336905127236, 16.671599211745939, 0.0 ], [ 79.598938576270925, 16.673517113580345, 0.0 ], [ 79.596188052148889, 16.67273664152189, 0.0 ], [ 79.592197728598137, 16.670173512474364, 0.0 ], [ 79.584725730259109, 16.659635992830271, 0.0 ], [ 79.575645485445975, 16.650077062687252, 0.0 ], [ 79.559982796987242, 16.642871984116752, 0.0 ], [ 79.542108213375627, 16.632539835586449, 0.0 ], [ 79.533072412330142, 16.630870823415552, 0.0 ], [ 79.529441359706865, 16.630935641218006, 0.0 ], [ 79.523381590987952, 16.631735474777869, 0.0 ], [ 79.510389858203652, 16.636034973300823, 0.0 ], [ 79.503863796526744, 16.636212466579909, 0.0 ], [ 79.49403212423293, 16.633335099455152, 0.0 ], [ 79.486174839599187, 16.625134774991619, 0.0 ], [ 79.483350627478316, 16.623389225890783, 0.0 ], [ 79.476946767866096, 16.622707192107928, 0.0 ], [ 79.459598851087151, 16.623952479785519, 0.0 ], [ 79.447194305560913, 16.620006575383055, 0.0 ], [ 79.440264468412593, 16.615110525502196, 0.0 ], [ 79.439158404639301, 16.613205627715541, 0.0 ], [ 79.436926203857581, 16.607030374318324, 0.0 ], [ 79.433072792672249, 16.59104219072616, 0.0 ], [ 79.426407679791566, 16.585138478839152, 0.0 ], [ 79.418661948914618, 16.580540557975674, 0.0 ], [ 79.396838897259158, 16.580079990186398, 0.0 ], [ 79.376792634694041, 16.583050223168858, 0.0 ], [ 79.353716037267233, 16.579562162124493, 0.0 ], [ 79.350092384231303, 16.580121418842072, 0.0 ], [ 79.345201719553643, 16.582428474811095, 0.0 ], [ 79.340138484923258, 16.582934510043405, 0.0 ], [ 79.337239084390021, 16.582339774907151, 0.0 ], [ 79.326457877413404, 16.576754014986204, 0.0 ], [ 79.314658221443608, 16.574531230301986, 0.0 ], [ 79.308262255851702, 16.574441154344008, 0.0 ], [ 79.295541855025576, 16.563307359799818, 0.0 ], [ 79.291048987335216, 16.561870804815317, 0.0 ], [ 79.281390489422321, 16.560902037449491, 0.0 ], [ 79.261665634835765, 16.56721888178123, 0.0 ], [ 79.259095872354379, 16.567217470941337, 0.0 ], [ 79.256866008739934, 16.566114524162778, 0.0 ], [ 79.252246335545621, 16.559547828527776, 0.0 ], [ 79.250301888441484, 16.547447754433829, 0.0 ], [ 79.247621182981746, 16.538359697579303, 0.0 ], [ 79.246124758400597, 16.536261511773702, 0.0 ], [ 79.244800881081531, 16.532106472861869, 0.0 ], [ 79.241282596895971, 16.529462583465193, 0.0 ], [ 79.230799669770875, 16.526465085741187, 0.0 ], [ 79.227270701299048, 16.524074090935571, 0.0 ], [ 79.220010349340811, 16.512936656074199, 0.0 ], [ 79.21675330655853, 16.499774449326587, 0.0 ], [ 79.214510350281287, 16.48498110955779, 0.0 ], [ 79.215721352100218, 16.480398011047317, 0.0 ], [ 79.218539374725765, 16.475919637584301, 0.0 ], [ 79.233385835535572, 16.45950130639832, 0.0 ], [ 79.231788443373574, 16.457908864792937, 0.0 ], [ 79.217982468340665, 16.454117401132461, 0.0 ], [ 79.214101558267345, 16.45128537945698, 0.0 ], [ 79.211594274523492, 16.447688253167296, 0.0 ], [ 79.209856900535073, 16.425236519462903, 0.0 ], [ 79.208971388621677, 16.395087812857433, 0.0 ], [ 79.207753239716922, 16.385053737185341, 0.0 ], [ 79.208468251885719, 16.379594704554648, 0.0 ], [ 79.212455551510288, 16.373775722930414, 0.0 ], [ 79.211991080963699, 16.365252221659077, 0.0 ], [ 79.210385020064109, 16.361547458984923, 0.0 ], [ 79.210624208614433, 16.356478975582561, 0.0 ], [ 79.203142997431584, 16.3629505245699, 0.0 ], [ 79.201583500806947, 16.362877675890445, 0.0 ], [ 79.193924362105349, 16.359334616135474, 0.0 ], [ 79.190342664936693, 16.360461309641842, 0.0 ], [ 79.180567957416315, 16.367921885661289, 0.0 ], [ 79.17701570954209, 16.367411292178087, 0.0 ], [ 79.171880299209164, 16.368265659215901, 0.0 ], [ 79.16634161733505, 16.373341481862589, 0.0 ], [ 79.166006416602514, 16.377197152131576, 0.0 ], [ 79.164204308687445, 16.379044675425686, 0.0 ], [ 79.161896688329918, 16.380129143890482, 0.0 ], [ 79.156675837184636, 16.380412698079102, 0.0 ], [ 79.153614755340129, 16.382736033582795, 0.0 ], [ 79.152453257976092, 16.39161112111746, 0.0 ], [ 79.153310151233271, 16.397183965043737, 0.0 ], [ 79.151725716798353, 16.400045783531205, 0.0 ], [ 79.149100875458302, 16.400196383571917, 0.0 ], [ 79.145330836414971, 16.398580376077405, 0.0 ], [ 79.143004719154973, 16.39890017453649, 0.0 ], [ 79.135106289925517, 16.404163586863035, 0.0 ], [ 79.126059421549527, 16.405394155954742, 0.0 ], [ 79.122494765228012, 16.406592159887218, 0.0 ], [ 79.116590110228444, 16.411401988269223, 0.0 ], [ 79.111478572584701, 16.419997778216985, 0.0 ], [ 79.109901144708331, 16.421081939742479, 0.0 ], [ 79.104058615782179, 16.42163150507821, 0.0 ], [ 79.098534959775733, 16.420826223181141, 0.0 ], [ 79.091578293497321, 16.421883673052644, 0.0 ], [ 79.083771067500081, 16.428493528057789, 0.0 ], [ 79.077816193419309, 16.437444677300061, 0.0 ], [ 79.073096936887964, 16.442654784161878, 0.0 ], [ 79.069806602364665, 16.4446723307417, 0.0 ], [ 79.064010611720505, 16.445144173847837, 0.0 ], [ 79.058938308947305, 16.447280632785574, 0.0 ], [ 79.046339046661657, 16.458998724791982, 0.0 ], [ 79.029017769982417, 16.465771806300928, 0.0 ], [ 79.022044935577853, 16.472480139429695, 0.0 ], [ 79.005227338500703, 16.480552794618841, 0.0 ], [ 78.994564532135158, 16.48843264162354, 0.0 ], [ 78.985923030006902, 16.493644545223891, 0.0 ], [ 78.97529065469017, 16.496783987994423, 0.0 ], [ 78.967642404505114, 16.497723865789922, 0.0 ], [ 78.956943378957732, 16.503335688664773, 0.0 ], [ 78.944563960822038, 16.507921747666845, 0.0 ], [ 78.939334115975853, 16.510642086711435, 0.0 ], [ 78.933523591961446, 16.515632953471158, 0.0 ], [ 78.926702125269074, 16.519765866039755, 0.0 ], [ 78.922568838307924, 16.523656305642771, 0.0 ], [ 78.918349033343645, 16.534818293252481, 0.0 ], [ 78.912177803561903, 16.540185803005492, 0.0 ], [ 78.911719372509722, 16.548218935442634, 0.0 ], [ 78.910437135933847, 16.551397766446605, 0.0 ], [ 78.89655991192673, 16.54995920678283, 0.0 ], [ 78.887704253638361, 16.54686654899983, 0.0 ], [ 78.883609687658549, 16.547572580165312, 0.0 ], [ 78.877745207734236, 16.545121803118651, 0.0 ], [ 78.869986084177043, 16.543868399518079, 0.0 ], [ 78.865638012595667, 16.544617382036257, 0.0 ], [ 78.856872759851157, 16.551021507902508, 0.0 ], [ 78.855699256846151, 16.551175219242243, 0.0 ], [ 78.845233884945301, 16.54663463289781, 0.0 ], [ 78.836037977745335, 16.543957729574551, 0.0 ], [ 78.830370350691751, 16.539933373130744, 0.0 ], [ 78.812313475565603, 16.524074496970936, 0.0 ], [ 78.80921271615243, 16.518803583085099, 0.0 ], [ 78.803718059298518, 16.516620538419602, 0.0 ], [ 78.800723825103447, 16.514262912356081, 0.0 ], [ 78.794250727173065, 16.516286908211764, 0.0 ], [ 78.789175870203437, 16.515459116825621, 0.0 ], [ 78.786088548510548, 16.517903507605901, 0.0 ], [ 78.778966326896366, 16.526601666287768, 0.0 ], [ 78.7747369853371, 16.5303980024641, 0.0 ], [ 78.765312725782778, 16.533631757796261, 0.0 ], [ 78.756464786557672, 16.535282381214611, 0.0 ], [ 78.732545905593085, 16.537594538747715, 0.0 ] ] ] } },
{ "type": "Feature", "properties": { "DISTRICT": "NARAYANPET", "Dist_LGD": "721" }, "geometry": { "type": "Polygon", "coordinates": [ [ [ 77.495918317347858, 16.380935886100701, 0.0 ], [ 77.491534722817789, 16.384435443502468, 0.0 ], [ 77.48969095626272, 16.385014797446559, 0.0 ], [ 77.479650471715075, 16.383515318645532, 0.0 ], [ 77.474674197553796, 16.381769093082593, 0.0 ], [ 77.470204537721187, 16.382231985933437, 0.0 ], [ 77.45400022677876, 16.380932661794315, 0.0 ], [ 77.441639179071657, 16.380918780599902, 0.0 ], [ 77.437112499154495, 16.378606744562013, 0.0 ], [ 77.432135405011138, 16.371930037333136, 0.0 ], [ 77.428853881616504, 16.369192754668866, 0.0 ], [ 77.424996891970977, 16.367201062175269, 0.0 ], [ 77.42034467845285, 16.36623063284836, 0.0 ], [ 77.415337186242922, 16.367496687014011, 0.0 ], [ 77.411438707817439, 16.367447651286582, 0.0 ], [ 77.401704460508242, 16.371303079335398, 0.0 ], [ 77.383302249862794, 16.383011360639156, 0.0 ], [ 77.378046106368686, 16.385564276735728, 0.0 ], [ 77.372766361605542, 16.385654603735972, 0.0 ], [ 77.365563157395897, 16.383738571019769, 0.0 ], [ 77.355837176769228, 16.38263530651891, 0.0 ], [ 77.34909706281843, 16.383845435456895, 0.0 ], [ 77.338807625316804, 16.392292976516053, 0.0 ], [ 77.333419479039861, 16.395368885113978, 0.0 ], [ 77.329810288721077, 16.396470598023647, 0.0 ], [ 77.313932518929221, 16.398007112049523, 0.0 ], [ 77.304302583746576, 16.401727068942179, 0.0 ], [ 77.297452246849645, 16.406898045803288, 0.0 ], [ 77.288211021000194, 16.408701572800485, 0.0 ], [ 77.276280123579312, 16.424437912024537, 0.0 ], [ 77.268950259481358, 16.430461638806438, 0.0 ], [ 77.262074364301967, 16.451838450619512, 0.0 ], [ 77.248013501148364, 16.461947646566294, 0.0 ], [ 77.2444088859435, 16.463314203673587, 0.0 ], [ 77.241072247875209, 16.466618890499767, 0.0 ], [ 77.2396878266551, 16.469393849874812, 0.0 ], [ 77.235761018927334, 16.472743948680684, 0.0 ], [ 77.239766692957915, 16.476248010635793, 0.0 ], [ 77.245812990340667, 16.477731189189292, 0.0 ], [ 77.250441166124901, 16.476079108731149, 0.0 ], [ 77.250727559648979, 16.474931585317414, 0.0 ], [ 77.2649929738987, 16.472513386543259, 0.0 ], [ 77.273065789723077, 16.473014553109934, 0.0 ], [ 77.281816981512236, 16.475241784612852, 0.0 ], [ 77.293996607976439, 16.476670325515006, 0.0 ], [ 77.294776371721014, 16.480346110848387, 0.0 ], [ 77.299320357533247, 16.487906909406423, 0.0 ], [ 77.298712909461884, 16.496161538537304, 0.0 ], [ 77.32029895038275, 16.492215081772635, 0.0 ], [ 77.323573930155362, 16.486843739827833, 0.0 ], [ 77.329563690427605, 16.485905399226489, 0.0 ], [ 77.343092390833803, 16.487932244848515, 0.0 ], [ 77.344385069186416, 16.486942953017486, 0.0 ], [ 77.346201877179752, 16.488108945080317, 0.0 ], [ 77.346374787589525, 16.490368101838282, 0.0 ], [ 77.35143240283837, 16.49106008769856, 0.0 ], [ 77.354701460005813, 16.488778747534099, 0.0 ], [ 77.369012788965094, 16.488671381056047, 0.0 ], [ 77.370429269781624, 16.5009967550459, 0.0 ], [ 77.370070492974207, 16.504582104341011, 0.0 ], [ 77.372716541435352, 16.509656418395828, 0.0 ], [ 77.377788806500618, 16.513704827852024, 0.0 ], [ 77.381437391420107, 16.51571089397234, 0.0 ], [ 77.391024903986178, 16.516202984113946, 0.0 ], [ 77.394978245850467, 16.519686261742663, 0.0 ], [ 77.402205533549207, 16.521515422363336, 0.0 ], [ 77.416886265974895, 16.517299890471001, 0.0 ], [ 77.417405245273727, 16.520749534344802, 0.0 ], [ 77.419116788174193, 16.522378339903224, 0.0 ], [ 77.418176689776203, 16.522962936956286, 0.0 ], [ 77.419017140992352, 16.548924430185597, 0.0 ], [ 77.410453706708722, 16.549003266930782, 0.0 ], [ 77.409212549923453, 16.550408630928651, 0.0 ], [ 77.403755201298637, 16.551186525490763, 0.0 ], [ 77.404177220518605, 16.55417754295004, 0.0 ], [ 77.399961259927693, 16.555732311634561, 0.0 ], [ 77.399343284689081, 16.559261116976323, 0.0 ], [ 77.398368878491056, 16.55941031899685, 0.0 ], [ 77.397503129706053, 16.564761520470274, 0.0 ], [ 77.392621075595855, 16.563992300271778, 0.0 ], [ 77.392874530230529, 16.569974416713485, 0.0 ], [ 77.395708925766897, 16.5697618309636, 0.0 ], [ 77.400009475217232, 16.567524888814187, 0.0 ], [ 77.403594017295049, 16.571807750103179, 0.0 ], [ 77.404938632371625, 16.571893423907508, 0.0 ], [ 77.411778591285739, 16.570857736957116, 0.0 ], [ 77.415366653483758, 16.567522664428427, 0.0 ], [ 77.422703478679367, 16.568533284742383, 0.0 ], [ 77.423902951969794, 16.569061653292362, 0.0 ], [ 77.425634689246337, 16.572187003203972, 0.0 ], [ 77.428551175832993, 16.573651858931875, 0.0 ], [ 77.430852653720137, 16.578866527915579, 0.0 ], [ 77.439710762460209, 16.58714702889424, 0.0 ], [ 77.461094328735285, 16.584922557487037, 0.0 ], [ 77.46337752765065, 16.587003187224173, 0.0 ], [ 77.464827245217307, 16.592416743678598, 0.0 ], [ 77.46212110630843, 16.597207165930367, 0.0 ], [ 77.463909877200066, 16.599206273439222, 0.0 ], [ 77.467300908582644, 16.598541473407149, 0.0 ], [ 77.466690702201902, 16.601602825219651, 0.0 ], [ 77.468065817225948, 16.604289214764037, 0.0 ], [ 77.46779659288255, 16.609756360962471, 0.0 ], [ 77.458186117679162, 16.610713654360715, 0.0 ], [ 77.45816315924273, 16.611843214873421, 0.0 ], [ 77.453750545087047, 16.615884155674937, 0.0 ], [ 77.453647791460639, 16.616747170206509, 0.0 ], [ 77.454928947619123, 16.621355262468537, 0.0 ], [ 77.456162090581415, 16.622985870402015, 0.0 ], [ 77.463924898737176, 16.62823745041549, 0.0 ], [ 77.464376711001947, 16.632497921060146, 0.0 ], [ 77.468249382688384, 16.635952683116347, 0.0 ], [ 77.470688600169126, 16.640496903699432, 0.0 ], [ 77.47085889819202, 16.643754442765246, 0.0 ], [ 77.473460891961381, 16.645434021971113, 0.0 ], [ 77.476110673351798, 16.6501071099479, 0.0 ], [ 77.47468728734772, 16.652114644589862, 0.0 ], [ 77.472907110650695, 16.652802030166395, 0.0 ], [ 77.466856017918985, 16.653050117919435, 0.0 ], [ 77.462403721454308, 16.654271405696576, 0.0 ], [ 77.461432320189161, 16.651118600565546, 0.0 ], [ 77.457021305422202, 16.649679035733971, 0.0 ], [ 77.456485822260348, 16.646810190726121, 0.0 ], [ 77.450438097044639, 16.642330359334554, 0.0 ], [ 77.447410093728948, 16.641305771949774, 0.0 ], [ 77.444681705670732, 16.639232821585555, 0.0 ], [ 77.441579716438099, 16.641102959675887, 0.0 ], [ 77.434343564538551, 16.641382053385914, 0.0 ], [ 77.43434231017936, 16.643356191936945, 0.0 ], [ 77.437812515068828, 16.643884152621681, 0.0 ], [ 77.438595663912196, 16.645329745884617, 0.0 ], [ 77.432677947799647, 16.651354153144986, 0.0 ], [ 77.432200677825364, 16.654169111007985, 0.0 ], [ 77.429721792746321, 16.656202934985124, 0.0 ], [ 77.419012311385259, 16.658437340847858, 0.0 ], [ 77.418860443325158, 16.668572307202417, 0.0 ], [ 77.421537114787881, 16.667953062679857, 0.0 ], [ 77.428170110066844, 16.668200026883284, 0.0 ], [ 77.434548026878133, 16.670976441667943, 0.0 ], [ 77.442552001728743, 16.66984519325214, 0.0 ], [ 77.44266438842719, 16.672495729982824, 0.0 ], [ 77.44422748732255, 16.675686893762467, 0.0 ], [ 77.446580856674672, 16.676070229372186, 0.0 ], [ 77.447716550070254, 16.679309532190494, 0.0 ], [ 77.455174497361412, 16.67853874044177, 0.0 ], [ 77.463897525460311, 16.676303125859388, 0.0 ], [ 77.465371025048711, 16.679673245113261, 0.0 ], [ 77.468490326482467, 16.683729388164195, 0.0 ], [ 77.4699614066066, 16.687734811667546, 0.0 ], [ 77.469175692036146, 16.691598196363447, 0.0 ], [ 77.470133952709929, 16.695587311835332, 0.0 ], [ 77.470074508545792, 16.698700355882231, 0.0 ], [ 77.469423215688948, 16.699441626150467, 0.0 ], [ 77.469892303130194, 16.705599218494918, 0.0 ], [ 77.471389041284695, 16.706197823240728, 0.0 ], [ 77.47115827919518, 16.711779423379085, 0.0 ], [ 77.473700028166377, 16.714740961689944, 0.0 ], [ 77.474049627430759, 16.71655883148766, 0.0 ], [ 77.468288449172817, 16.718766303468996, 0.0 ], [ 77.465043766524303, 16.718388178098575, 0.0 ], [ 77.463811021729924, 16.71917485633859, 0.0 ], [ 77.462957157086265, 16.717968863048288, 0.0 ], [ 77.461330668943887, 16.718995151323799, 0.0 ], [ 77.457794183777978, 16.715942280136293, 0.0 ], [ 77.452159991411349, 16.719595065652996, 0.0 ], [ 77.447184465496008, 16.720727873473404, 0.0 ], [ 77.446131642111112, 16.716492377289008, 0.0 ], [ 77.441978363337398, 16.7170317589669, 0.0 ], [ 77.441227825811339, 16.71311592186013, 0.0 ], [ 77.440230170982019, 16.713558250499371, 0.0 ], [ 77.4395967440513, 16.712062930086553, 0.0 ], [ 77.43846202076945, 16.711679224134105, 0.0 ], [ 77.436418123400557, 16.712515677076556, 0.0 ], [ 77.432804710616637, 16.71730140936225, 0.0 ], [ 77.428327180635421, 16.717478767005058, 0.0 ], [ 77.42767285522477, 16.716628534472861, 0.0 ], [ 77.426012043302805, 16.721491450020135, 0.0 ], [ 77.42606788189876, 16.722873754512339, 0.0 ], [ 77.429258159724768, 16.72244708677577, 0.0 ], [ 77.430965088986781, 16.723124408220581, 0.0 ], [ 77.430359781700659, 16.726374512495561, 0.0 ], [ 77.428320218456847, 16.726596415003701, 0.0 ], [ 77.426955647487759, 16.728911706743119, 0.0 ], [ 77.429800665281263, 16.734800011687987, 0.0 ], [ 77.431685821371389, 16.735025487100739, 0.0 ], [ 77.432430005531728, 16.736612245762789, 0.0 ], [ 77.433304146837855, 16.73668776081913, 0.0 ], [ 77.435442873717122, 16.743771236611479, 0.0 ], [ 77.439503440519118, 16.751961528224008, 0.0 ], [ 77.440856276811317, 16.758761191479138, 0.0 ], [ 77.443149103749775, 16.762510563613787, 0.0 ], [ 77.439624433534917, 16.768547889857761, 0.0 ], [ 77.439785069147788, 16.77217590568987, 0.0 ], [ 77.437881767323674, 16.774711146989858, 0.0 ], [ 77.437720347562504, 16.783367938933168, 0.0 ], [ 77.439498824858944, 16.789131621275214, 0.0 ], [ 77.441071773293814, 16.786223457566134, 0.0 ], [ 77.450531280388006, 16.783364785397033, 0.0 ], [ 77.453228394295834, 16.783684641033815, 0.0 ], [ 77.460572472861116, 16.78124184730671, 0.0 ], [ 77.467194782000277, 16.780452919036783, 0.0 ], [ 77.47449802690474, 16.781240295601503, 0.0 ], [ 77.474589102020559, 16.78423506216874, 0.0 ], [ 77.476501349383881, 16.788368064395097, 0.0 ], [ 77.473387411273237, 16.789209910155449, 0.0 ], [ 77.474693300125324, 16.793099403958447, 0.0 ], [ 77.474261763299879, 16.802316575108378, 0.0 ], [ 77.465703000959678, 16.805921365210928, 0.0 ], [ 77.466459330283129, 16.80832467949126, 0.0 ], [ 77.465109534986951, 16.810837331991486, 0.0 ], [ 77.463042170265311, 16.812504644545118, 0.0 ], [ 77.46364246318511, 16.813417796708372, 0.0 ], [ 77.462437042144131, 16.813743602375414, 0.0 ], [ 77.463238307051725, 16.8222102163447, 0.0 ], [ 77.462249345777693, 16.824162450804664, 0.0 ], [ 77.458089723938684, 16.827606925893079, 0.0 ], [ 77.457082964536525, 16.830179831084944, 0.0 ], [ 77.459483043104058, 16.8328548220424, 0.0 ], [ 77.460093755241459, 16.838017220084875, 0.0 ], [ 77.463163848365696, 16.844403191070182, 0.0 ], [ 77.464058083361081, 16.85059261522909, 0.0 ], [ 77.462498150516808, 16.856069203754672, 0.0 ], [ 77.460014796570178, 16.874684762956729, 0.0 ], [ 77.460357043995245, 16.884750924453112, 0.0 ], [ 77.455894550060535, 16.885335513904209, 0.0 ], [ 77.458338479261144, 16.894090609244348, 0.0 ], [ 77.457349331438181, 16.89659853176077, 0.0 ], [ 77.457350506836121, 16.899390704890394, 0.0 ], [ 77.456459051847759, 16.89992418442835, 0.0 ], [ 77.457913269086731, 16.909506458031469, 0.0 ], [ 77.454703410453902, 16.910366128935344, 0.0 ], [ 77.454015886111762, 16.913897662569642, 0.0 ], [ 77.458424817820045, 16.914907010860386, 0.0 ], [ 77.459202324178733, 16.917311417640235, 0.0 ], [ 77.462617232098893, 16.917105701541509, 0.0 ], [ 77.466516723567125, 16.915106953046987, 0.0 ], [ 77.469435302867751, 16.919197383766559, 0.0 ], [ 77.469411443764429, 16.928061841785041, 0.0 ], [ 77.464202204705742, 16.929853273444515, 0.0 ], [ 77.466929250347562, 16.938440168774626, 0.0 ], [ 77.468285783248163, 16.939592441085249, 0.0 ], [ 77.468042627613599, 16.941544350317045, 0.0 ], [ 77.464837788694382, 16.944184293927051, 0.0 ], [ 77.464988136065301, 16.945871715192542, 0.0 ], [ 77.466409606182651, 16.947032915687579, 0.0 ], [ 77.467206326313175, 16.949848909395435, 0.0 ], [ 77.466267955697489, 16.950883954399306, 0.0 ], [ 77.466270062650878, 16.955370382398407, 0.0 ], [ 77.465228477807344, 16.956613296952721, 0.0 ], [ 77.465945792356109, 16.958929602207203, 0.0 ], [ 77.500711829594209, 16.9499456466061, 0.0 ], [ 77.509354070551865, 16.95049702748501, 0.0 ], [ 77.52103243450324, 16.948209649746545, 0.0 ], [ 77.523160202899916, 16.948583162812849, 0.0 ], [ 77.52406912908836, 16.947198483854148, 0.0 ], [ 77.519104909194326, 16.940517060270246, 0.0 ], [ 77.515913743149213, 16.938088853392745, 0.0 ], [ 77.515919077919165, 16.933697674872143, 0.0 ], [ 77.525017335635297, 16.925788698523572, 0.0 ], [ 77.532215016440816, 16.93140673024887, 0.0 ], [ 77.535059091085941, 16.931618221244491, 0.0 ], [ 77.537828036071971, 16.9305759551685, 0.0 ], [ 77.540126921083171, 16.923602656805308, 0.0 ], [ 77.543063079078593, 16.921744066428531, 0.0 ], [ 77.543746124296462, 16.919429010543389, 0.0 ], [ 77.545495179052025, 16.917458890815467, 0.0 ], [ 77.545201861555483, 16.913212657672801, 0.0 ], [ 77.546677921872472, 16.90970107956376, 0.0 ], [ 77.553765380173743, 16.903214681723753, 0.0 ], [ 77.557740703123869, 16.902514459512439, 0.0 ], [ 77.558601449405955, 16.904651893577537, 0.0 ], [ 77.566015725120948, 16.911823068936787, 0.0 ], [ 77.568447180361105, 16.907867756642077, 0.0 ], [ 77.578940461081288, 16.906076498503673, 0.0 ], [ 77.580129849964408, 16.909819344896071, 0.0 ], [ 77.583956847667707, 16.912802464206266, 0.0 ], [ 77.588462611584674, 16.914044617783741, 0.0 ], [ 77.596581603352121, 16.914621282881505, 0.0 ], [ 77.59547828283705, 16.920625819667627, 0.0 ], [ 77.595963926805666, 16.924019774980394, 0.0 ], [ 77.594845973217275, 16.925596340673323, 0.0 ], [ 77.595122436983999, 16.928829176944976, 0.0 ], [ 77.593320066889419, 16.930939202711841, 0.0 ], [ 77.602938876341213, 16.936289351969744, 0.0 ], [ 77.603728266768101, 16.946920097827469, 0.0 ], [ 77.605476715849761, 16.948398822676292, 0.0 ], [ 77.609549176156889, 16.94977474590852, 0.0 ], [ 77.615367580443404, 16.949369826723551, 0.0 ], [ 77.623156915543476, 16.953207431619553, 0.0 ], [ 77.623549500332757, 16.960868168820678, 0.0 ], [ 77.622761050113525, 16.96916520342096, 0.0 ], [ 77.625071692858754, 16.975057365376657, 0.0 ], [ 77.623514604456091, 16.977740749738977, 0.0 ], [ 77.624067129118913, 16.984635715976335, 0.0 ], [ 77.630476971767351, 16.987254938621856, 0.0 ], [ 77.635476084958242, 16.987344890201303, 0.0 ], [ 77.644212506975421, 16.990609967037024, 0.0 ], [ 77.646920516458749, 16.993793901168434, 0.0 ], [ 77.644941882867968, 16.995417990136115, 0.0 ], [ 77.651939703538218, 17.000969819636232, 0.0 ], [ 77.653320781899765, 17.003411599447396, 0.0 ], [ 77.654287603627637, 17.005714528126536, 0.0 ], [ 77.653157352913794, 17.007227822330805, 0.0 ], [ 77.648098455210388, 17.008332764145749, 0.0 ], [ 77.642661496164408, 17.005223813364172, 0.0 ], [ 77.641362900915937, 17.006255589419322, 0.0 ], [ 77.638010050713319, 17.002710458099827, 0.0 ], [ 77.632664122892535, 17.001374014936399, 0.0 ], [ 77.630729033150203, 17.002421843228252, 0.0 ], [ 77.633296384081831, 17.005792773276426, 0.0 ], [ 77.635969724358503, 17.01189535194095, 0.0 ], [ 77.637865272987241, 17.014503472428292, 0.0 ], [ 77.640311937336662, 17.01598531057283, 0.0 ], [ 77.641626208423261, 17.019443407222546, 0.0 ], [ 77.645447217104604, 17.019762729171511, 0.0 ], [ 77.646776064090702, 17.018483956945172, 0.0 ], [ 77.649358586898529, 17.018134993618055, 0.0 ], [ 77.648784842653683, 17.020933969345215, 0.0 ], [ 77.651305029436912, 17.02080001111991, 0.0 ], [ 77.654137617599147, 17.027184727579339, 0.0 ], [ 77.657850329450937, 17.03210344363109, 0.0 ], [ 77.661744498687469, 17.034742516381819, 0.0 ], [ 77.668784263842653, 17.03434026094936, 0.0 ], [ 77.672363186791543, 17.031258913113739, 0.0 ], [ 77.673480104048508, 17.028454278828264, 0.0 ], [ 77.676583719561179, 17.028162971453355, 0.0 ], [ 77.685718929332182, 17.020975164328149, 0.0 ], [ 77.686806641234185, 17.021817588049558, 0.0 ], [ 77.687357583664379, 17.020909271801472, 0.0 ], [ 77.69233146242064, 17.024387694436719, 0.0 ], [ 77.699898980291778, 17.026491925697435, 0.0 ], [ 77.70421856045725, 17.0267953986279, 0.0 ], [ 77.705934413346981, 17.030478128413652, 0.0 ], [ 77.711724031763978, 17.033073002503105, 0.0 ], [ 77.714672817981167, 17.040511364109051, 0.0 ], [ 77.721484202758248, 17.039062369514337, 0.0 ], [ 77.72763904177144, 17.038725164823671, 0.0 ], [ 77.734108339805132, 17.033941339548402, 0.0 ], [ 77.731175573638765, 17.029162380618708, 0.0 ], [ 77.735238665541345, 17.029683312503586, 0.0 ], [ 77.737730401443656, 17.029129804034707, 0.0 ], [ 77.74022293632386, 17.029942103320408, 0.0 ], [ 77.751893919263026, 17.024351930125942, 0.0 ], [ 77.75966080122322, 17.02250788957355, 0.0 ], [ 77.765876217487573, 17.022060229342955, 0.0 ], [ 77.763246864744147, 17.016097641636332, 0.0 ], [ 77.760974962456572, 17.014187120924259, 0.0 ], [ 77.761132325801, 17.009391111046213, 0.0 ], [ 77.762505264884282, 17.00639757014066, 0.0 ], [ 77.763347744592949, 16.999178248539589, 0.0 ], [ 77.761995292683693, 16.999187842390807, 0.0 ], [ 77.761840113887274, 16.997158053526299, 0.0 ], [ 77.75785938685415, 16.992329421255114, 0.0 ], [ 77.755287236630451, 16.984795361670884, 0.0 ], [ 77.75813722320963, 16.985265079047522, 0.0 ], [ 77.759131697259363, 16.983844191614157, 0.0 ], [ 77.760965205809654, 16.978965101719268, 0.0 ], [ 77.760692269286096, 16.974167955727037, 0.0 ], [ 77.754946473946518, 16.968125110749806, 0.0 ], [ 77.750269885000989, 16.959390391789238, 0.0 ], [ 77.749481302963474, 16.952023933085371, 0.0 ], [ 77.745355588487229, 16.949677680310494, 0.0 ], [ 77.740593286930149, 16.948847125684011, 0.0 ], [ 77.736496437295031, 16.944791663160832, 0.0 ], [ 77.730271434460306, 16.944068431902856, 0.0 ], [ 77.730231862312607, 16.939531972194285, 0.0 ], [ 77.740397612124738, 16.93866019639114, 0.0 ], [ 77.73995139221006, 16.934294720468859, 0.0 ], [ 77.741237505170844, 16.933040656071121, 0.0 ], [ 77.741450839346257, 16.929212898724579, 0.0 ], [ 77.740096244673225, 16.924288529882681, 0.0 ], [ 77.74026705879524, 16.920139084859549, 0.0 ], [ 77.746051132013463, 16.911010955291072, 0.0 ], [ 77.743602768900175, 16.908717994876881, 0.0 ], [ 77.740735223651484, 16.901467448259577, 0.0 ], [ 77.742163783296988, 16.895728884928523, 0.0 ], [ 77.741624819362329, 16.892619513173589, 0.0 ], [ 77.739556362831152, 16.889042524242583, 0.0 ], [ 77.739682283385505, 16.883748330605968, 0.0 ], [ 77.733041713688579, 16.876959694581508, 0.0 ], [ 77.731560979390608, 16.873697776669463, 0.0 ], [ 77.732452628764577, 16.870073272636692, 0.0 ], [ 77.735016303788882, 16.866782568711031, 0.0 ], [ 77.73434207189527, 16.86027046433006, 0.0 ], [ 77.73009241068965, 16.856538306208137, 0.0 ], [ 77.727485443106531, 16.85061756327001, 0.0 ], [ 77.728496035831938, 16.848155372035219, 0.0 ], [ 77.732157560158043, 16.845263417716126, 0.0 ], [ 77.734012983291009, 16.841551970832899, 0.0 ], [ 77.739937089391319, 16.836364693455536, 0.0 ], [ 77.743768333863244, 16.827685879998089, 0.0 ], [ 77.743290990334813, 16.824740268278358, 0.0 ], [ 77.735161307435277, 16.815593815318174, 0.0 ], [ 77.72960875844521, 16.811419599042146, 0.0 ], [ 77.73072779479719, 16.809303992281041, 0.0 ], [ 77.737822396286106, 16.802951636641918, 0.0 ], [ 77.74162370752579, 16.793358895520143, 0.0 ], [ 77.735413275643538, 16.789587758608622, 0.0 ], [ 77.716553181674783, 16.792941376725992, 0.0 ], [ 77.711227344182163, 16.793057072754124, 0.0 ], [ 77.708292233991699, 16.783493980441701, 0.0 ], [ 77.701876740999396, 16.786964359276745, 0.0 ], [ 77.694571756623333, 16.793543402042598, 0.0 ], [ 77.689190274364137, 16.791631616064166, 0.0 ], [ 77.686828238105164, 16.791659130902232, 0.0 ], [ 77.681996588466276, 16.792676037256943, 0.0 ], [ 77.679477340305255, 16.795161731027076, 0.0 ], [ 77.680982373630499, 16.788085690729172, 0.0 ], [ 77.680541902504487, 16.781458684764758, 0.0 ], [ 77.679179752718653, 16.777564741761001, 0.0 ], [ 77.674460475304315, 16.776990992145638, 0.0 ], [ 77.676645845903593, 16.7607566805837, 0.0 ], [ 77.677627252519841, 16.75811018189523, 0.0 ], [ 77.679582665727025, 16.756942281020301, 0.0 ], [ 77.689448533356924, 16.753088598552729, 0.0 ], [ 77.696892258760968, 16.748546689803266, 0.0 ], [ 77.707093235791874, 16.750141819013091, 0.0 ], [ 77.710425787248212, 16.751483565516967, 0.0 ], [ 77.726725939098742, 16.751651764021641, 0.0 ], [ 77.73653814263487, 16.746515310197275, 0.0 ], [ 77.745283423073275, 16.739758919331948, 0.0 ], [ 77.754463835000323, 16.723952452358823, 0.0 ], [ 77.749066435823536, 16.704399215248529, 0.0 ], [ 77.751933328790841, 16.70357739162753, 0.0 ], [ 77.749043393279422, 16.69395281088746, 0.0 ], [ 77.759313401507598, 16.689178088059254, 0.0 ], [ 77.762176504594777, 16.690186454929876, 0.0 ], [ 77.764808701823711, 16.688036608883959, 0.0 ], [ 77.767653024826501, 16.682091873851871, 0.0 ], [ 77.766975521258104, 16.67222295230345, 0.0 ], [ 77.767536063899357, 16.669324998131682, 0.0 ], [ 77.774038507869221, 16.654491203086458, 0.0 ], [ 77.780480489723601, 16.649912955518584, 0.0 ], [ 77.789494434669152, 16.639063359610109, 0.0 ], [ 77.797123659492343, 16.633417757900816, 0.0 ], [ 77.798189179878548, 16.631049250871524, 0.0 ], [ 77.798411317249617, 16.623469454761658, 0.0 ], [ 77.797311841416175, 16.618743690869746, 0.0 ], [ 77.798817216143078, 16.615913461789489, 0.0 ], [ 77.781249575357691, 16.615969792221939, 0.0 ], [ 77.788115762049046, 16.578519849161687, 0.0 ], [ 77.78698283457615, 16.574176702905099, 0.0 ], [ 77.785188783898761, 16.57485064735733, 0.0 ], [ 77.780528861827705, 16.56782109167332, 0.0 ], [ 77.778864401257621, 16.567164713334154, 0.0 ], [ 77.778632544042551, 16.56502686150203, 0.0 ], [ 77.764368997390733, 16.564499882475211, 0.0 ], [ 77.757943962688984, 16.565774532168174, 0.0 ], [ 77.754668756599671, 16.568126652796835, 0.0 ], [ 77.749341236290235, 16.566691695305199, 0.0 ], [ 77.749274038173567, 16.551481026767892, 0.0 ], [ 77.751058933710269, 16.550665152718164, 0.0 ], [ 77.754468945424378, 16.540473317904834, 0.0 ], [ 77.76174739701419, 16.533240839456653, 0.0 ], [ 77.76455868975215, 16.526343800086099, 0.0 ], [ 77.762785030356895, 16.513254398292879, 0.0 ], [ 77.762615167498055, 16.503523533022776, 0.0 ], [ 77.763890658051906, 16.50045540243282, 0.0 ], [ 77.765886978267233, 16.499155961382851, 0.0 ], [ 77.767534941114619, 16.496273493608392, 0.0 ], [ 77.768514993719378, 16.48506481518319, 0.0 ], [ 77.768064818088519, 16.479993364258355, 0.0 ], [ 77.759478355346573, 16.480583668149592, 0.0 ], [ 77.75558981176566, 16.47384636631698, 0.0 ], [ 77.748793019569476, 16.47441754872143, 0.0 ], [ 77.743848986845379, 16.471401569498322, 0.0 ], [ 77.739498282999094, 16.466648870682853, 0.0 ], [ 77.740494825420697, 16.46117555696166, 0.0 ], [ 77.743163342569559, 16.455157397366477, 0.0 ], [ 77.746130948070899, 16.451638717085782, 0.0 ], [ 77.7487931170607, 16.443449029012694, 0.0 ], [ 77.750492945954917, 16.431366707884255, 0.0 ], [ 77.746281861185068, 16.423857947354524, 0.0 ], [ 77.745624471093535, 16.419052002958885, 0.0 ], [ 77.746820956731767, 16.414104748549917, 0.0 ], [ 77.751090227304303, 16.403905100549316, 0.0 ], [ 77.748793278859409, 16.401798501625045, 0.0 ], [ 77.742615385358832, 16.399485432300374, 0.0 ], [ 77.741787844511762, 16.401431423873049, 0.0 ], [ 77.72825673608105, 16.414571192257323, 0.0 ], [ 77.723645870261734, 16.420453371680058, 0.0 ], [ 77.72230194357482, 16.431527454291817, 0.0 ], [ 77.717127688052315, 16.431421700505325, 0.0 ], [ 77.716837073202299, 16.420845575201589, 0.0 ], [ 77.714134943983439, 16.413864242271622, 0.0 ], [ 77.711289415498271, 16.411184931827535, 0.0 ], [ 77.711534697055413, 16.408817704921134, 0.0 ], [ 77.713414559566502, 16.405509437107785, 0.0 ], [ 77.712651249078078, 16.401553821203617, 0.0 ], [ 77.713188336653047, 16.400624004368471, 0.0 ], [ 77.705242603348694, 16.40163503684122, 0.0 ], [ 77.694139500367001, 16.401432952255092, 0.0 ], [ 77.688745015483761, 16.400393241771553, 0.0 ], [ 77.684923164337476, 16.397313758508421, 0.0 ], [ 77.68307919210983, 16.393756232532134, 0.0 ], [ 77.676246091950475, 16.391284857980903, 0.0 ], [ 77.672570390135263, 16.38907280768845, 0.0 ], [ 77.669008058496672, 16.385775876385352, 0.0 ], [ 77.66526358469936, 16.379952880626053, 0.0 ], [ 77.665751867806478, 16.368989344313558, 0.0 ], [ 77.666818715506437, 16.366265913022644, 0.0 ], [ 77.660393093528867, 16.361066639254961, 0.0 ], [ 77.656106281275115, 16.360647070830797, 0.0 ], [ 77.642602908059857, 16.363909756437366, 0.0 ], [ 77.638961950026683, 16.363390369819673, 0.0 ], [ 77.634473708868768, 16.360760992000866, 0.0 ], [ 77.627828187820953, 16.359139131316685, 0.0 ], [ 77.623007918240305, 16.355366402280421, 0.0 ], [ 77.621037684083404, 16.355095264371275, 0.0 ], [ 77.611556746862533, 16.350553982130606, 0.0 ], [ 77.600925342434806, 16.343310220862833, 0.0 ], [ 77.597036613056645, 16.343404686599207, 0.0 ], [ 77.595192983049103, 16.342540936578217, 0.0 ], [ 77.593922623281458, 16.34389359722767, 0.0 ], [ 77.58705318644769, 16.343372747133337, 0.0 ], [ 77.575004013875457, 16.340767554397431, 0.0 ], [ 77.57272040208629, 16.340934148404337, 0.0 ], [ 77.568479922046237, 16.343711798224948, 0.0 ], [ 77.56473134326788, 16.344573672437576, 0.0 ], [ 77.558206790986148, 16.348037219853349, 0.0 ], [ 77.555000955581221, 16.348768049277659, 0.0 ], [ 77.550192974332361, 16.353872100748532, 0.0 ], [ 77.546040646740551, 16.356929462564374, 0.0 ], [ 77.538772275174935, 16.358205131172252, 0.0 ], [ 77.534057581051513, 16.362418678777551, 0.0 ], [ 77.531426834599586, 16.363763943678233, 0.0 ], [ 77.528840759262636, 16.36905822272772, 0.0 ], [ 77.523398799801015, 16.375833122018424, 0.0 ], [ 77.521793287389329, 16.376094339088397, 0.0 ], [ 77.51804513083826, 16.374705312899696, 0.0 ], [ 77.514366304515832, 16.374974465981243, 0.0 ], [ 77.50210610839909, 16.378907493011884, 0.0 ], [ 77.498833625097802, 16.381057919400416, 0.0 ], [ 77.495918317347858, 16.380935886100701, 0.0 ] ] ] } },
{ "type": "Feature", "properties": { "DISTRICT": "NIRMAL", "Dist_LGD": "680" }, "geometry": { "type": "Polygon", "coordinates": [ [ [ 77.91242510745225, 18.865069390936071, 0.0 ], [ 77.903232039494583, 18.866625519477925, 0.0 ], [ 77.902594092484875, 18.871771976529963, 0.0 ], [ 77.903906275132627, 18.881245902546311, 0.0 ], [ 77.896921292793053, 18.881885294640412, 0.0 ], [ 77.891584125499463, 18.881414038522713, 0.0 ], [ 77.884805595268432, 18.900303899693334, 0.0 ], [ 77.885465768865629, 18.904404131647361, 0.0 ], [ 77.873937663826425, 18.907674388056542, 0.0 ], [ 77.873171770780559, 18.903933902731087, 0.0 ], [ 77.868178388333916, 18.904324548533914, 0.0 ], [ 77.863379127296042, 18.902644120306899, 0.0 ], [ 77.857939426434228, 18.902351553119086, 0.0 ], [ 77.85402021855505, 18.903328762150512, 0.0 ], [ 77.843254232224538, 18.908693375431536, 0.0 ], [ 77.847910485845489, 18.926885203187954, 0.0 ], [ 77.851461633592109, 18.926406762069014, 0.0 ], [ 77.852823172814936, 18.933095105098321, 0.0 ], [ 77.858591644030994, 18.949110976792952, 0.0 ], [ 77.841942471460541, 18.949872593101187, 0.0 ], [ 77.835617184920608, 18.947246715169978, 0.0 ], [ 77.83245346251698, 18.941628627316788, 0.0 ], [ 77.819249317643212, 18.945859940689669, 0.0 ], [ 77.816224884027761, 18.947276731895492, 0.0 ], [ 77.819843312523048, 18.954440597377292, 0.0 ], [ 77.81621190453285, 18.957516494028809, 0.0 ], [ 77.817836310951037, 18.960219833152614, 0.0 ], [ 77.821757775935012, 18.978507767036369, 0.0 ], [ 77.805217310180282, 18.981855995576019, 0.0 ], [ 77.791140466543254, 18.982817538732732, 0.0 ], [ 77.789674076347893, 18.974578391162826, 0.0 ], [ 77.787626259755427, 18.97264648201234, 0.0 ], [ 77.771497155943209, 18.97915906637062, 0.0 ], [ 77.774157332146018, 18.997377516916043, 0.0 ], [ 77.775351135044261, 19.000626583014611, 0.0 ], [ 77.77223689914355, 19.003626953943321, 0.0 ], [ 77.770338963849852, 19.009957918324634, 0.0 ], [ 77.769272306029634, 19.019985000330564, 0.0 ], [ 77.76992222529546, 19.02240514944593, 0.0 ], [ 77.767184372138757, 19.022916886578535, 0.0 ], [ 77.765151769000539, 19.024950680558199, 0.0 ], [ 77.764846898723874, 19.027047064184195, 0.0 ], [ 77.762824387795803, 19.029031320804993, 0.0 ], [ 77.761996296184947, 19.031852645657573, 0.0 ], [ 77.761902241149556, 19.036178379053982, 0.0 ], [ 77.764949175836946, 19.047142756780829, 0.0 ], [ 77.765393094884246, 19.05544074465184, 0.0 ], [ 77.764811990578181, 19.062655286412557, 0.0 ], [ 77.775231209265442, 19.056021663911526, 0.0 ], [ 77.789095861864425, 19.055672853937487, 0.0 ], [ 77.793309300464969, 19.052573323460315, 0.0 ], [ 77.800349433116125, 19.051121571717864, 0.0 ], [ 77.799792019553379, 19.058097080963723, 0.0 ], [ 77.798600728878284, 19.061451445319946, 0.0 ], [ 77.800098165776319, 19.066844924227969, 0.0 ], [ 77.796773695162287, 19.070908585810351, 0.0 ], [ 77.796797821570166, 19.072589076400622, 0.0 ], [ 77.797864105821901, 19.075163279496895, 0.0 ], [ 77.798763202187928, 19.074731879710562, 0.0 ], [ 77.80166920947859, 19.076181996336668, 0.0 ], [ 77.802807209680779, 19.079755189376993, 0.0 ], [ 77.804578495135488, 19.091804535121618, 0.0 ], [ 77.80315966490619, 19.094428795624733, 0.0 ], [ 77.803121235141717, 19.096171581820435, 0.0 ], [ 77.804592343981341, 19.100682828163865, 0.0 ], [ 77.809934258313007, 19.104733974100583, 0.0 ], [ 77.817272987697834, 19.105534620871982, 0.0 ], [ 77.818140505276347, 19.104980866543727, 0.0 ], [ 77.822425477695603, 19.100522420141164, 0.0 ], [ 77.82358503792328, 19.097732184575953, 0.0 ], [ 77.826407812037203, 19.09663817472147, 0.0 ], [ 77.827681202946593, 19.091776345074287, 0.0 ], [ 77.829121341707136, 19.090344429048717, 0.0 ], [ 77.829532087856933, 19.087066137713784, 0.0 ], [ 77.831270014580269, 19.086080578313698, 0.0 ], [ 77.842298045773433, 19.088014507500333, 0.0 ], [ 77.848579805281474, 19.086502138024564, 0.0 ], [ 77.84954121628526, 19.087417273343437, 0.0 ], [ 77.849084841394983, 19.08849106236763, 0.0 ], [ 77.850395026202051, 19.088556895098197, 0.0 ], [ 77.851079407333287, 19.09202934140027, 0.0 ], [ 77.846206870606608, 19.10131360773056, 0.0 ], [ 77.847128755922895, 19.108618726746979, 0.0 ], [ 77.848367087932232, 19.110133366242994, 0.0 ], [ 77.847664691264768, 19.116004895163844, 0.0 ], [ 77.841559157756222, 19.118106421626401, 0.0 ], [ 77.837909060409416, 19.127220230368227, 0.0 ], [ 77.83688002598295, 19.134008896323206, 0.0 ], [ 77.834062931404119, 19.134308249717343, 0.0 ], [ 77.835655374880787, 19.138080825887183, 0.0 ], [ 77.837946818428975, 19.137653028385181, 0.0 ], [ 77.843224686808739, 19.141579501766731, 0.0 ], [ 77.852531100795886, 19.154677892311476, 0.0 ], [ 77.851967979004485, 19.160785688351488, 0.0 ], [ 77.852646219978169, 19.166818402342678, 0.0 ], [ 77.853980699575317, 19.167936703251041, 0.0 ], [ 77.854525074181026, 19.170196819443944, 0.0 ], [ 77.856713135476468, 19.170752055776919, 0.0 ], [ 77.855384597942773, 19.174786572089754, 0.0 ], [ 77.855928108551339, 19.177109960432748, 0.0 ], [ 77.859721109352549, 19.179184135490392, 0.0 ], [ 77.860494213005992, 19.180354254607654, 0.0 ], [ 77.858624683782267, 19.183275702306627, 0.0 ], [ 77.854014158493655, 19.187491141950328, 0.0 ], [ 77.847721022919146, 19.189594953679212, 0.0 ], [ 77.851491881790892, 19.196099114211314, 0.0 ], [ 77.851228294125832, 19.199749140617513, 0.0 ], [ 77.854813972456284, 19.202769199486998, 0.0 ], [ 77.858185975032669, 19.214176869861255, 0.0 ], [ 77.863694332478886, 19.224070670408622, 0.0 ], [ 77.866006488907445, 19.226401902384534, 0.0 ], [ 77.866122014761274, 19.232612474130569, 0.0 ], [ 77.868138947149959, 19.236737393582548, 0.0 ], [ 77.866902303804665, 19.239937434657691, 0.0 ], [ 77.868841595242742, 19.241022237130796, 0.0 ], [ 77.870015933953582, 19.244184015842087, 0.0 ], [ 77.869467501071185, 19.248169177510416, 0.0 ], [ 77.871405055142446, 19.255020369145711, 0.0 ], [ 77.87460462117798, 19.253636973105927, 0.0 ], [ 77.875015392171875, 19.258844154677668, 0.0 ], [ 77.882153156682179, 19.260470613255674, 0.0 ], [ 77.890007139755994, 19.26089098277383, 0.0 ], [ 77.890922559586755, 19.259280951218138, 0.0 ], [ 77.899334197574049, 19.256754529603498, 0.0 ], [ 77.902847012559874, 19.256462768000222, 0.0 ], [ 77.90756357478179, 19.268228379074994, 0.0 ], [ 77.906286827090796, 19.270195277662662, 0.0 ], [ 77.906034170476048, 19.273091248899128, 0.0 ], [ 77.90345561521201, 19.276397148701161, 0.0 ], [ 77.903458506807439, 19.277959564135671, 0.0 ], [ 77.897506942049105, 19.278528989539552, 0.0 ], [ 77.894189646545442, 19.279811887036661, 0.0 ], [ 77.884362945278198, 19.278929782013719, 0.0 ], [ 77.865575520146436, 19.283821549787614, 0.0 ], [ 77.866062165427223, 19.28650515705813, 0.0 ], [ 77.864946476268685, 19.288130587424483, 0.0 ], [ 77.866297452203725, 19.292658054873716, 0.0 ], [ 77.864271545431038, 19.297220926822565, 0.0 ], [ 77.863426426981718, 19.304132693710162, 0.0 ], [ 77.872826982396788, 19.305308574046961, 0.0 ], [ 77.878180776977132, 19.309284046137286, 0.0 ], [ 77.890030966572027, 19.313297455564488, 0.0 ], [ 77.891788308926792, 19.314890018845848, 0.0 ], [ 77.892989845470765, 19.319275382554597, 0.0 ], [ 77.894319854231043, 19.320469958930946, 0.0 ], [ 77.899222643297222, 19.319463555812309, 0.0 ], [ 77.903322010953772, 19.317363720671533, 0.0 ], [ 77.911545886371059, 19.316257022975517, 0.0 ], [ 77.917602087839541, 19.32328316049551, 0.0 ], [ 77.923305130348538, 19.325776094719295, 0.0 ], [ 77.928014318467163, 19.332207797292408, 0.0 ], [ 77.931977287878709, 19.334670705409515, 0.0 ], [ 77.938244194316283, 19.334113112985204, 0.0 ], [ 77.940930946319881, 19.337779701175275, 0.0 ], [ 77.942482085133278, 19.342439736234745, 0.0 ], [ 77.946960218757894, 19.341919329760671, 0.0 ], [ 77.961624282601264, 19.335793820214747, 0.0 ], [ 77.963849981385408, 19.332912209745469, 0.0 ], [ 77.965262387564408, 19.328192357903184, 0.0 ], [ 77.966823461022685, 19.326657434777676, 0.0 ], [ 77.974110288320801, 19.322620472350028, 0.0 ], [ 77.977633534619898, 19.322706903077314, 0.0 ], [ 77.982903425259224, 19.314997694136128, 0.0 ], [ 77.984964053904733, 19.30975242705339, 0.0 ], [ 77.994665322762742, 19.305386196782184, 0.0 ], [ 77.99867986537771, 19.299797627041926, 0.0 ], [ 78.003760741237969, 19.29780200965666, 0.0 ], [ 78.006649864833719, 19.297609674837265, 0.0 ], [ 78.013496905908269, 19.294717657288444, 0.0 ], [ 78.015634422546071, 19.290818423122655, 0.0 ], [ 78.015961228499094, 19.287571108014767, 0.0 ], [ 78.014241435523317, 19.28596185315908, 0.0 ], [ 78.014819727231782, 19.279037389832016, 0.0 ], [ 78.018152641294648, 19.278700986408367, 0.0 ], [ 78.033876257241261, 19.273955087229091, 0.0 ], [ 78.037023036733558, 19.272166782588659, 0.0 ], [ 78.04250627410606, 19.270603767116118, 0.0 ], [ 78.041844293567323, 19.261655536278994, 0.0 ], [ 78.037504885598253, 19.255148840739558, 0.0 ], [ 78.035940745116463, 19.250633446127562, 0.0 ], [ 78.041613577241279, 19.243428142210476, 0.0 ], [ 78.055675249076955, 19.23712171172232, 0.0 ], [ 78.058861653052105, 19.242328155696907, 0.0 ], [ 78.064422473183171, 19.247773652781092, 0.0 ], [ 78.072296338006041, 19.249248806785694, 0.0 ], [ 78.079096875973534, 19.25483432845505, 0.0 ], [ 78.083229083334416, 19.248676238425308, 0.0 ], [ 78.082350836131099, 19.243216095070345, 0.0 ], [ 78.0891496252096, 19.239368189217888, 0.0 ], [ 78.095309264307872, 19.243740419532852, 0.0 ], [ 78.1131721864501, 19.244422118517207, 0.0 ], [ 78.115219476451728, 19.24882944298821, 0.0 ], [ 78.117038043648037, 19.248637272514692, 0.0 ], [ 78.134281899564044, 19.238892997565223, 0.0 ], [ 78.137089164991622, 19.234394680762474, 0.0 ], [ 78.144546911253087, 19.229400732031834, 0.0 ], [ 78.150992082756545, 19.229498183704024, 0.0 ], [ 78.155397060736149, 19.234382358085128, 0.0 ], [ 78.158399115275003, 19.235778766595786, 0.0 ], [ 78.164945869574581, 19.234553750453866, 0.0 ], [ 78.175320996172658, 19.237578550117956, 0.0 ], [ 78.177020581548703, 19.242157553548985, 0.0 ], [ 78.181771420069609, 19.24761838946241, 0.0 ], [ 78.177983100263276, 19.25391286785446, 0.0 ], [ 78.179640498089867, 19.258857195397322, 0.0 ], [ 78.176705649033877, 19.26294364218721, 0.0 ], [ 78.178165263756966, 19.272505066875294, 0.0 ], [ 78.176666545334001, 19.278548629994912, 0.0 ], [ 78.178746847744307, 19.279541862767584, 0.0 ], [ 78.179506372962436, 19.282439836632349, 0.0 ], [ 78.181205711087699, 19.283090310494561, 0.0 ], [ 78.183111411633789, 19.285183401198207, 0.0 ], [ 78.186241588667016, 19.296270604014808, 0.0 ], [ 78.193700969896994, 19.314474857493714, 0.0 ], [ 78.193241290328359, 19.317138361571772, 0.0 ], [ 78.196150933905287, 19.315663049201419, 0.0 ], [ 78.197430477158747, 19.309220126931439, 0.0 ], [ 78.203999496157607, 19.307082349086723, 0.0 ], [ 78.20760143681386, 19.307323793238439, 0.0 ], [ 78.212555555460739, 19.310252513556986, 0.0 ], [ 78.215754928196034, 19.310760565918908, 0.0 ], [ 78.21820064535757, 19.31267370538168, 0.0 ], [ 78.220981077967608, 19.310793258457075, 0.0 ], [ 78.230308212154469, 19.309058549289357, 0.0 ], [ 78.237491306472194, 19.305612253372701, 0.0 ], [ 78.242166051587816, 19.301922796600344, 0.0 ], [ 78.247859792670312, 19.292767011809111, 0.0 ], [ 78.248537357057003, 19.290516430478782, 0.0 ], [ 78.2524192061409, 19.290787271580765, 0.0 ], [ 78.261594095603229, 19.288950239140508, 0.0 ], [ 78.27038120090937, 19.281934412354275, 0.0 ], [ 78.271687283475316, 19.279581894837477, 0.0 ], [ 78.272385058237532, 19.272215781431509, 0.0 ], [ 78.273816405456785, 19.267638553349357, 0.0 ], [ 78.275507722851415, 19.266089277501109, 0.0 ], [ 78.281119736815953, 19.264702164892512, 0.0 ], [ 78.288070654392527, 19.265139364904865, 0.0 ], [ 78.292829046646304, 19.263964563334003, 0.0 ], [ 78.295728521618031, 19.262770570461146, 0.0 ], [ 78.299458990189976, 19.259571196159275, 0.0 ], [ 78.301057018137698, 19.252800976438117, 0.0 ], [ 78.301030977778055, 19.246640782019927, 0.0 ], [ 78.304453229814314, 19.243334245123656, 0.0 ], [ 78.305315218507133, 19.241518823458406, 0.0 ], [ 78.303995019509017, 19.235919877519411, 0.0 ], [ 78.307182147310485, 19.234895759010339, 0.0 ], [ 78.309310314677631, 19.231661814841271, 0.0 ], [ 78.308143832708637, 19.229712811129602, 0.0 ], [ 78.310023060525054, 19.223247713323584, 0.0 ], [ 78.313417604553891, 19.221507675424281, 0.0 ], [ 78.318492740926644, 19.214867184308634, 0.0 ], [ 78.324413993109459, 19.212867940454277, 0.0 ], [ 78.330131749545487, 19.207082293771023, 0.0 ], [ 78.338187973314888, 19.207962530072162, 0.0 ], [ 78.340075155165025, 19.205804957525686, 0.0 ], [ 78.341667411250214, 19.205807339368771, 0.0 ], [ 78.344329004747905, 19.207540852489849, 0.0 ], [ 78.347243917933781, 19.207425518957383, 0.0 ], [ 78.351182043966475, 19.205039964955958, 0.0 ], [ 78.353391828166551, 19.199051849579902, 0.0 ], [ 78.354432127376342, 19.198669382973183, 0.0 ], [ 78.356930093360319, 19.197994261226452, 0.0 ], [ 78.360191243427451, 19.200532877006957, 0.0 ], [ 78.363029284912884, 19.200050749101891, 0.0 ], [ 78.365182299055817, 19.195290088074866, 0.0 ], [ 78.365718164776126, 19.191935863684137, 0.0 ], [ 78.364257579516533, 19.188177951469186, 0.0 ], [ 78.365236085993871, 19.186498771738755, 0.0 ], [ 78.368371259973159, 19.184470717694804, 0.0 ], [ 78.369386443028745, 19.182471285653524, 0.0 ], [ 78.376173708198721, 19.181973884401053, 0.0 ], [ 78.380740389921215, 19.179399768954937, 0.0 ], [ 78.383601775000486, 19.179798166384334, 0.0 ], [ 78.388518753989942, 19.176017179867376, 0.0 ], [ 78.394313128836117, 19.176782805727015, 0.0 ], [ 78.398268301959291, 19.18018561972152, 0.0 ], [ 78.401757169722586, 19.180133818950537, 0.0 ], [ 78.404461231492917, 19.178380982786461, 0.0 ], [ 78.404257612966319, 19.175665066375888, 0.0 ], [ 78.406409196664399, 19.174010751369018, 0.0 ], [ 78.414655320616873, 19.17259603923408, 0.0 ], [ 78.41850157232534, 19.175550333913002, 0.0 ], [ 78.421105337710799, 19.176040564746248, 0.0 ], [ 78.425600576398551, 19.175645870467385, 0.0 ], [ 78.429664172986676, 19.174267035126444, 0.0 ], [ 78.431000110556099, 19.172880015730208, 0.0 ], [ 78.431353443453645, 19.174509039776112, 0.0 ], [ 78.433786027528384, 19.1763522124273, 0.0 ], [ 78.436220918156749, 19.184706869886568, 0.0 ], [ 78.448461262835053, 19.179057363584839, 0.0 ], [ 78.449403894496825, 19.180253896186688, 0.0 ], [ 78.449753116896289, 19.184095522692889, 0.0 ], [ 78.454383601351765, 19.190276159537163, 0.0 ], [ 78.456623161913868, 19.195603246447785, 0.0 ], [ 78.45504006593535, 19.202424739712402, 0.0 ], [ 78.454970195701065, 19.206352544931708, 0.0 ], [ 78.457214264897218, 19.213083852004917, 0.0 ], [ 78.458353831345349, 19.222708028333894, 0.0 ], [ 78.456701922426376, 19.227009106623619, 0.0 ], [ 78.483765761625165, 19.226848563216318, 0.0 ], [ 78.498689396740218, 19.21878321886561, 0.0 ], [ 78.500438485990344, 19.218249871277763, 0.0 ], [ 78.501053555766106, 19.218991596409793, 0.0 ], [ 78.509484749933179, 19.21493794907715, 0.0 ], [ 78.519098228959365, 19.22636933674627, 0.0 ], [ 78.51793206660615, 19.245639103770934, 0.0 ], [ 78.521891766968324, 19.250822945359062, 0.0 ], [ 78.525712813017947, 19.255165475981677, 0.0 ], [ 78.547388230767694, 19.262180944586824, 0.0 ], [ 78.570361160761834, 19.286652306264326, 0.0 ], [ 78.584536048493959, 19.289528405548985, 0.0 ], [ 78.587758691537161, 19.288211469269761, 0.0 ], [ 78.601163176333003, 19.27701509088552, 0.0 ], [ 78.610296730739122, 19.265319807914008, 0.0 ], [ 78.615428415586464, 19.261228783062634, 0.0 ], [ 78.617911988542829, 19.270375762467239, 0.0 ], [ 78.621159700118412, 19.274273552478085, 0.0 ], [ 78.651080911697605, 19.300281773832168, 0.0 ], [ 78.653231291439027, 19.301176095780086, 0.0 ], [ 78.673719107574726, 19.316177788960541, 0.0 ], [ 78.677450003261669, 19.31693628688954, 0.0 ], [ 78.69053029619981, 19.316712346406728, 0.0 ], [ 78.70398667752653, 19.321597088103172, 0.0 ], [ 78.722569570838061, 19.326591038677464, 0.0 ], [ 78.719985249673911, 19.296680715073506, 0.0 ], [ 78.736543356400517, 19.286147742177651, 0.0 ], [ 78.758890283611464, 19.278351187601853, 0.0 ], [ 78.767959917755945, 19.256742549081558, 0.0 ], [ 78.775961511047413, 19.250823968702541, 0.0 ], [ 78.780532271747305, 19.249514967015326, 0.0 ], [ 78.784252037476563, 19.246045274132744, 0.0 ], [ 78.786189752503333, 19.240868149804101, 0.0 ], [ 78.790146727272429, 19.240664838984358, 0.0 ], [ 78.794850593193431, 19.230646534292301, 0.0 ], [ 78.800586047577696, 19.214030159816829, 0.0 ], [ 78.802039633692218, 19.216854674141292, 0.0 ], [ 78.805367971060278, 19.217269179075256, 0.0 ], [ 78.812174260254807, 19.221702534838698, 0.0 ], [ 78.815131079041748, 19.231555540020093, 0.0 ], [ 78.818404748195491, 19.235581665750686, 0.0 ], [ 78.819713856310145, 19.246925172166645, 0.0 ], [ 78.82970321396509, 19.252863576444884, 0.0 ], [ 78.84327809319953, 19.254887317283778, 0.0 ], [ 78.844893291249093, 19.256696750975777, 0.0 ], [ 78.844782172107472, 19.260262890136453, 0.0 ], [ 78.8488772315511, 19.262867969938878, 0.0 ], [ 78.846704494656649, 19.267903722109715, 0.0 ], [ 78.847863640562565, 19.27193111400414, 0.0 ], [ 78.85387169121978, 19.278316268784458, 0.0 ], [ 78.868841236958858, 19.282656143573607, 0.0 ], [ 78.875101820266735, 19.277154397994614, 0.0 ], [ 78.883757136677232, 19.274663963218106, 0.0 ], [ 78.885521385173874, 19.272916229669093, 0.0 ], [ 78.888144948020454, 19.275324353893922, 0.0 ], [ 78.888097935287959, 19.277549924938775, 0.0 ], [ 78.893034628172927, 19.281429119129463, 0.0 ], [ 78.893983649259653, 19.290294717765121, 0.0 ], [ 78.898036010410792, 19.285543456266403, 0.0 ], [ 78.907981527158199, 19.278212402177584, 0.0 ], [ 78.916386821062645, 19.270761259506781, 0.0 ], [ 78.920927309861725, 19.267850711780842, 0.0 ], [ 78.928326628144262, 19.265326635314352, 0.0 ], [ 78.934798622348978, 19.260452228780466, 0.0 ], [ 78.941742646777257, 19.252397807647188, 0.0 ], [ 78.94510859256583, 19.252399545675832, 0.0 ], [ 78.948725125737838, 19.254349036864554, 0.0 ], [ 78.951393874121791, 19.253541943627525, 0.0 ], [ 78.954401019313309, 19.250836313958622, 0.0 ], [ 78.948096755224469, 19.244320790838891, 0.0 ], [ 78.947619561178115, 19.241576549495026, 0.0 ], [ 78.946435407063134, 19.239852234350462, 0.0 ], [ 78.941170219454804, 19.235448004769598, 0.0 ], [ 78.938753619700009, 19.232703229262409, 0.0 ], [ 78.938288908689074, 19.230193876472782, 0.0 ], [ 78.936124275940443, 19.228629420649991, 0.0 ], [ 78.937124680664454, 19.226595835587471, 0.0 ], [ 78.936311347372978, 19.224878626714119, 0.0 ], [ 78.937179322771584, 19.223340674849393, 0.0 ], [ 78.935812783199097, 19.217722698060911, 0.0 ], [ 78.933766931090133, 19.214416138261043, 0.0 ], [ 78.930524520853695, 19.213927458774563, 0.0 ], [ 78.92755213681771, 19.20883503741026, 0.0 ], [ 78.917947877968373, 19.201630368329635, 0.0 ], [ 78.918007039529698, 19.189091411667121, 0.0 ], [ 78.918175636757681, 19.188234695814828, 0.0 ], [ 78.920453483284732, 19.186892202146804, 0.0 ], [ 78.921294546899574, 19.183972375764533, 0.0 ], [ 78.919932783177771, 19.182544537524912, 0.0 ], [ 78.914260166552495, 19.182904742141734, 0.0 ], [ 78.911022339643182, 19.181919045274764, 0.0 ], [ 78.902633139621088, 19.178023331658135, 0.0 ], [ 78.877370648706133, 19.159709016055029, 0.0 ], [ 78.878014881566273, 19.158810712508075, 0.0 ], [ 78.880650762263187, 19.158975049739762, 0.0 ], [ 78.883106511197369, 19.155656482620234, 0.0 ], [ 78.882372907008929, 19.153596348872036, 0.0 ], [ 78.885427278474623, 19.145125236787671, 0.0 ], [ 78.885623616903331, 19.138059652766547, 0.0 ], [ 78.888082760274202, 19.131430876680422, 0.0 ], [ 78.886725470549038, 19.127234587593971, 0.0 ], [ 78.882616156047717, 19.122046803261206, 0.0 ], [ 78.880302626148037, 19.113458408944496, 0.0 ], [ 78.885287628061562, 19.109278006277179, 0.0 ], [ 78.887008210848904, 19.105732451443153, 0.0 ], [ 78.889229428834511, 19.103680771143488, 0.0 ], [ 78.90289548067166, 19.093969548075371, 0.0 ], [ 78.91209687584103, 19.104424088744402, 0.0 ], [ 78.921148453277866, 19.106540920113105, 0.0 ], [ 78.920784232781131, 19.109265789473735, 0.0 ], [ 78.917081915398384, 19.110638507566755, 0.0 ], [ 78.913570786753368, 19.11651033524053, 0.0 ], [ 78.923780704435899, 19.114106123726252, 0.0 ], [ 78.930513386093963, 19.118707261740596, 0.0 ], [ 78.941249703048896, 19.1086923395372, 0.0 ], [ 78.938513508922838, 19.100385881756193, 0.0 ], [ 78.941818346857886, 19.094042449311459, 0.0 ], [ 78.942043773998549, 19.084276144541754, 0.0 ], [ 78.940793243419961, 19.080884676748969, 0.0 ], [ 78.947569341468395, 19.072795798179921, 0.0 ], [ 78.941152751738798, 19.065641261846505, 0.0 ], [ 78.939900779709902, 19.063030912781617, 0.0 ], [ 78.935771900790371, 19.061465483581745, 0.0 ], [ 78.931375818578232, 19.05709806575312, 0.0 ], [ 78.92481173550722, 19.048361186175164, 0.0 ], [ 78.922455654707093, 19.041971689671762, 0.0 ], [ 78.920472227122829, 19.040602297344648, 0.0 ], [ 78.91866678184445, 19.037780080990508, 0.0 ], [ 78.917594337206538, 19.034181815296694, 0.0 ], [ 78.915656309995455, 19.0330791948377, 0.0 ], [ 78.913871240929254, 19.030685977514107, 0.0 ], [ 78.910052777103473, 19.030752684631167, 0.0 ], [ 78.899942490281333, 19.035415174528303, 0.0 ], [ 78.873852733483389, 19.0558493632773, 0.0 ], [ 78.872403634257807, 19.05535519718914, 0.0 ], [ 78.869414810571413, 19.056095855262811, 0.0 ], [ 78.866453117833942, 19.059275288731111, 0.0 ], [ 78.862040847804238, 19.059282338829615, 0.0 ], [ 78.845190858294416, 19.070348780259973, 0.0 ], [ 78.841976945318407, 19.069046082697451, 0.0 ], [ 78.836071312915465, 19.068702393460399, 0.0 ], [ 78.828710825425148, 19.061347464590916, 0.0 ], [ 78.825718509734145, 19.055290737747615, 0.0 ], [ 78.821307938652751, 19.049046745991216, 0.0 ], [ 78.813789959357266, 19.049055720364692, 0.0 ], [ 78.811098473194377, 19.047815316333988, 0.0 ], [ 78.805333513101459, 19.049391276570358, 0.0 ], [ 78.798827675081441, 19.048251593700744, 0.0 ], [ 78.790607978837045, 19.043254874493442, 0.0 ], [ 78.78878747624114, 19.043443623313536, 0.0 ], [ 78.778798953492853, 19.037682633175653, 0.0 ], [ 78.772467825564206, 19.032433749027671, 0.0 ], [ 78.770827944496929, 19.029927630584723, 0.0 ], [ 78.768326812626967, 19.021227330222285, 0.0 ], [ 78.769443276043106, 19.020098219481405, 0.0 ], [ 78.770186111125511, 19.014517599880545, 0.0 ], [ 78.76955331176363, 19.014124138434347, 0.0 ], [ 78.767286407946983, 19.015415610828235, 0.0 ], [ 78.762297877624121, 19.011464221418517, 0.0 ], [ 78.756639149922862, 19.011337175104579, 0.0 ], [ 78.740238983496582, 19.017079380983084, 0.0 ], [ 78.726884134604234, 19.023075789575763, 0.0 ], [ 78.723681322168531, 19.025406912065758, 0.0 ], [ 78.716679529884601, 19.027738084687279, 0.0 ], [ 78.702919984574478, 19.035743851317125, 0.0 ], [ 78.70053884306121, 19.035958737803277, 0.0 ], [ 78.691812085362486, 19.033221057239412, 0.0 ], [ 78.685737241912605, 19.029773759326112, 0.0 ], [ 78.665548676470834, 19.014848033873022, 0.0 ], [ 78.660005810688574, 19.004955081332714, 0.0 ], [ 78.660267721020077, 19.000861045669303, 0.0 ], [ 78.656165369717371, 18.997854125205201, 0.0 ], [ 78.648033288464703, 18.988746981423965, 0.0 ], [ 78.643160073931966, 18.983985319543351, 0.0 ], [ 78.64051729093741, 18.98281983194844, 0.0 ], [ 78.636329243910694, 18.977928411829932, 0.0 ], [ 78.613378862629276, 18.982949456639808, 0.0 ], [ 78.606389347880949, 18.985498556273825, 0.0 ], [ 78.597241250078881, 18.995155259861956, 0.0 ], [ 78.596131480500844, 18.997941107588971, 0.0 ], [ 78.588447749729937, 19.005356676391923, 0.0 ], [ 78.579666399709339, 18.999298758012298, 0.0 ], [ 78.575014676964855, 18.993882720704871, 0.0 ], [ 78.566592198434947, 18.988121024226967, 0.0 ], [ 78.556859754851786, 18.978092650014272, 0.0 ], [ 78.554241527358229, 18.973100844726709, 0.0 ], [ 78.551307650743254, 18.953648643190583, 0.0 ], [ 78.548935734986159, 18.947335527754568, 0.0 ], [ 78.548011574332165, 18.946243156972034, 0.0 ], [ 78.546079217444287, 18.945814603414874, 0.0 ], [ 78.535585214974901, 18.946193269295538, 0.0 ], [ 78.532312374350767, 18.946895078931046, 0.0 ], [ 78.527483167323865, 18.949416276973178, 0.0 ], [ 78.522995735759153, 18.95426203246009, 0.0 ], [ 78.520656183494737, 18.959800418113982, 0.0 ], [ 78.517521959326601, 18.962246683173511, 0.0 ], [ 78.516273397993103, 18.965518698282906, 0.0 ], [ 78.510689266706876, 18.971230211113067, 0.0 ], [ 78.508260030420018, 18.972490429021992, 0.0 ], [ 78.490845788183933, 18.973042146447, 0.0 ], [ 78.48628727074545, 18.96992828721789, 0.0 ], [ 78.483718200570294, 18.966336195433783, 0.0 ], [ 78.482370742972918, 18.962141198604705, 0.0 ], [ 78.477280640252616, 18.958223305428632, 0.0 ], [ 78.472746598545783, 18.957290289779028, 0.0 ], [ 78.465489604222427, 18.958540607558501, 0.0 ], [ 78.463001476649268, 18.956787252504565, 0.0 ], [ 78.458671773930106, 18.955477032062888, 0.0 ], [ 78.456898989211084, 18.955686034590279, 0.0 ], [ 78.452541471191495, 18.964248656869238, 0.0 ], [ 78.450246774802437, 18.965319847027356, 0.0 ], [ 78.440608560079482, 18.966799564145795, 0.0 ], [ 78.426351391668675, 18.977172594434254, 0.0 ], [ 78.425246164207337, 18.978864649850475, 0.0 ], [ 78.4245463017958, 18.983062795453396, 0.0 ], [ 78.417185371678286, 18.999684478509675, 0.0 ], [ 78.414873648724452, 19.00170886113575, 0.0 ], [ 78.409632944824637, 19.004153869931727, 0.0 ], [ 78.401511437044107, 19.0034582609712, 0.0 ], [ 78.385763624408384, 18.998298628782923, 0.0 ], [ 78.376571140965908, 18.998325595821477, 0.0 ], [ 78.371186107703068, 18.996226418053212, 0.0 ], [ 78.36421627564637, 18.989712373166519, 0.0 ], [ 78.359293096657666, 18.987960773235415, 0.0 ], [ 78.354951275205153, 18.984728832917224, 0.0 ], [ 78.346041334046319, 18.973863460375586, 0.0 ], [ 78.339511410938371, 18.968495543744076, 0.0 ], [ 78.33576514616604, 18.965991810898519, 0.0 ], [ 78.327843644701744, 18.964141514319547, 0.0 ], [ 78.321341308693292, 18.960629637190028, 0.0 ], [ 78.318807708749873, 18.956697061109196, 0.0 ], [ 78.314069049646562, 18.951716798570509, 0.0 ], [ 78.310655910010681, 18.950038047595239, 0.0 ], [ 78.300281501959347, 18.947746191895533, 0.0 ], [ 78.29333874392718, 18.944228858896462, 0.0 ], [ 78.285210039821791, 18.942763245134433, 0.0 ], [ 78.282597756546309, 18.943739009936095, 0.0 ], [ 78.27887085207135, 18.946722207319702, 0.0 ], [ 78.277144613136031, 18.953235443045969, 0.0 ], [ 78.277787562073996, 18.968856084252923, 0.0 ], [ 78.276153601053622, 18.973509344204224, 0.0 ], [ 78.277081761921011, 18.976621814575509, 0.0 ], [ 78.280456559104195, 18.98168354267494, 0.0 ], [ 78.281096116476107, 18.983885170722331, 0.0 ], [ 78.279652818031678, 18.988888049195857, 0.0 ], [ 78.27471509952592, 18.994699506127322, 0.0 ], [ 78.2633795142564, 19.003424904403332, 0.0 ], [ 78.260750550605565, 19.004106108428765, 0.0 ], [ 78.257677465767586, 19.006268872551288, 0.0 ], [ 78.248724653412751, 19.014934363618512, 0.0 ], [ 78.240775684060083, 19.016521168169891, 0.0 ], [ 78.235560379234641, 19.014582474690034, 0.0 ], [ 78.228093727261452, 19.008552561971516, 0.0 ], [ 78.220928945806378, 19.005806072683043, 0.0 ], [ 78.213197771850048, 19.005110835964118, 0.0 ], [ 78.205062204159077, 19.002703284927929, 0.0 ], [ 78.198783471233455, 18.999312675420224, 0.0 ], [ 78.189481654073006, 18.997373694436519, 0.0 ], [ 78.183151073297736, 18.999486386767032, 0.0 ], [ 78.178372918789634, 18.999954919344535, 0.0 ], [ 78.174809061522225, 18.998670851736705, 0.0 ], [ 78.170284711078409, 18.998941805824998, 0.0 ], [ 78.167293108884209, 18.997825823031274, 0.0 ], [ 78.164538782743165, 18.995009759291626, 0.0 ], [ 78.165113009160635, 18.99278322758871, 0.0 ], [ 78.164366971015269, 18.990864625388888, 0.0 ], [ 78.161207672743458, 18.988289707697735, 0.0 ], [ 78.161988906142355, 18.982801137820172, 0.0 ], [ 78.161209388970491, 18.980520173723615, 0.0 ], [ 78.150292367080027, 18.969611595012534, 0.0 ], [ 78.149720500780603, 18.967576643283593, 0.0 ], [ 78.148030622324043, 18.967440781145662, 0.0 ], [ 78.146916428128478, 18.965708989561261, 0.0 ], [ 78.132739912300323, 18.961262678630202, 0.0 ], [ 78.122220521606948, 18.961172382245341, 0.0 ], [ 78.118244578202422, 18.962939604378921, 0.0 ], [ 78.113262592477781, 18.961512201418458, 0.0 ], [ 78.110155155831748, 18.959824777492539, 0.0 ], [ 78.106935304525948, 18.955964181878052, 0.0 ], [ 78.104735028985246, 18.95462894132131, 0.0 ], [ 78.10262672073911, 18.951218652663524, 0.0 ], [ 78.096514938875174, 18.944454922803178, 0.0 ], [ 78.090011674852164, 18.94036793561148, 0.0 ], [ 78.079239168249572, 18.940875390168138, 0.0 ], [ 78.076781012553568, 18.940069310718354, 0.0 ], [ 78.073490781720437, 18.941197226992472, 0.0 ], [ 78.06755005565357, 18.940692536484509, 0.0 ], [ 78.057740572495561, 18.94233949260726, 0.0 ], [ 78.052408383086771, 18.940195730742218, 0.0 ], [ 78.047726953076193, 18.936999101207, 0.0 ], [ 78.046479071170097, 18.935349247635131, 0.0 ], [ 78.047404352515059, 18.933277678142097, 0.0 ], [ 78.047426073368712, 18.927800806570431, 0.0 ], [ 78.041772932329863, 18.914668973555731, 0.0 ], [ 78.040947577307236, 18.897646939221936, 0.0 ], [ 78.036962223569077, 18.888239334159763, 0.0 ], [ 78.039269909096632, 18.882456061190165, 0.0 ], [ 78.038355630639572, 18.878656846532127, 0.0 ], [ 78.037230584868695, 18.877160986098836, 0.0 ], [ 78.032956433053329, 18.87599265431837, 0.0 ], [ 78.028029569845373, 18.876735227713464, 0.0 ], [ 78.024094129792275, 18.878771552116003, 0.0 ], [ 78.017894706568129, 18.883877866910616, 0.0 ], [ 78.014041925867545, 18.884578788593622, 0.0 ], [ 78.008854471022246, 18.884257237032251, 0.0 ], [ 77.995873149499531, 18.88040033856937, 0.0 ], [ 77.988097746034001, 18.879871563295481, 0.0 ], [ 77.982697887829659, 18.87691299185401, 0.0 ], [ 77.971135957397877, 18.872739028616408, 0.0 ], [ 77.968324956282331, 18.870691402150122, 0.0 ], [ 77.959462529230706, 18.860405351662735, 0.0 ], [ 77.956716231545101, 18.853795904355859, 0.0 ], [ 77.951374398575936, 18.848307565496548, 0.0 ], [ 77.948900882120157, 18.843289170725964, 0.0 ], [ 77.934775641370521, 18.845144788338803, 0.0 ], [ 77.935165336553993, 18.84798639346868, 0.0 ], [ 77.937452251233779, 18.851591408534325, 0.0 ], [ 77.929350386861202, 18.853586163581095, 0.0 ], [ 77.930060766004573, 18.858726335024631, 0.0 ], [ 77.925142773995859, 18.860691302418783, 0.0 ], [ 77.914149219479484, 18.861367936171376, 0.0 ], [ 77.914263809059022, 18.863460841483921, 0.0 ], [ 77.912426572175974, 18.863172155097477, 0.0 ], [ 77.91242510745225, 18.865069390936071, 0.0 ] ] ] } },
{ "type": "Feature", "properties": { "DISTRICT": "NIZAMABAD", "Dist_LGD": "533" }, "geometry": { "type": "Polygon", "coordinates": [ [ [ 77.80654764699365, 18.50091019216925, 0.0 ], [ 77.803927183167261, 18.501699724392108, 0.0 ], [ 77.80014912082008, 18.50125913004587, 0.0 ], [ 77.793377930095104, 18.498083227016515, 0.0 ], [ 77.789547949509412, 18.497293723413932, 0.0 ], [ 77.786384899708708, 18.499634974732547, 0.0 ], [ 77.783768557123622, 18.504210821558086, 0.0 ], [ 77.778446255416213, 18.505828737512747, 0.0 ], [ 77.774060118179008, 18.505181184090631, 0.0 ], [ 77.773108856528637, 18.503090563358388, 0.0 ], [ 77.756773216358695, 18.502710083896922, 0.0 ], [ 77.757205598286376, 18.505743516025504, 0.0 ], [ 77.7607738147193, 18.512363598333543, 0.0 ], [ 77.761821790262388, 18.517677108565692, 0.0 ], [ 77.761555860114811, 18.525834042480902, 0.0 ], [ 77.757799962070862, 18.53053501867376, 0.0 ], [ 77.756927520391585, 18.536330001552091, 0.0 ], [ 77.740007309330153, 18.549434535388944, 0.0 ], [ 77.741526370708073, 18.553848697566078, 0.0 ], [ 77.73849960730972, 18.556788709354507, 0.0 ], [ 77.737044247414005, 18.563844203752129, 0.0 ], [ 77.738300517265699, 18.564635326279635, 0.0 ], [ 77.739606325649831, 18.568361992760629, 0.0 ], [ 77.740380672135757, 18.575217679628221, 0.0 ], [ 77.743467782343998, 18.577618265808891, 0.0 ], [ 77.746067087575938, 18.584597384755682, 0.0 ], [ 77.749509820026802, 18.587470868649074, 0.0 ], [ 77.750342737836419, 18.589215471542001, 0.0 ], [ 77.747595436685231, 18.603200189384363, 0.0 ], [ 77.745573348124069, 18.605941546481876, 0.0 ], [ 77.745656622284827, 18.621288377552379, 0.0 ], [ 77.742964196341475, 18.627665548707412, 0.0 ], [ 77.734711289217657, 18.641012186594732, 0.0 ], [ 77.731890659280879, 18.642864424795384, 0.0 ], [ 77.730504303185299, 18.645145416078694, 0.0 ], [ 77.731065275666936, 18.652607593503912, 0.0 ], [ 77.730203996850804, 18.656081962735431, 0.0 ], [ 77.733624184983185, 18.657807532604302, 0.0 ], [ 77.735708835789097, 18.66098701712745, 0.0 ], [ 77.734655379498122, 18.663432968661649, 0.0 ], [ 77.731571650195932, 18.664338371061053, 0.0 ], [ 77.729974247246972, 18.666936908438934, 0.0 ], [ 77.738224322737125, 18.676498437511899, 0.0 ], [ 77.740173045412661, 18.677863136880287, 0.0 ], [ 77.74313373535557, 18.678272664040296, 0.0 ], [ 77.74368911480795, 18.681624785809493, 0.0 ], [ 77.749248581355616, 18.682666628190042, 0.0 ], [ 77.749764491716462, 18.685085896661118, 0.0 ], [ 77.752439870191495, 18.689344519743052, 0.0 ], [ 77.750592989974251, 18.695248514038248, 0.0 ], [ 77.752756096306342, 18.698194831614217, 0.0 ], [ 77.753503765658593, 18.700991982103211, 0.0 ], [ 77.759983280024827, 18.70684413993493, 0.0 ], [ 77.762401267880719, 18.707186793548267, 0.0 ], [ 77.76815202528995, 18.705859357750327, 0.0 ], [ 77.770327567772569, 18.701843457831298, 0.0 ], [ 77.773240107836514, 18.701356247333962, 0.0 ], [ 77.771905111379752, 18.689055010172876, 0.0 ], [ 77.777005765349116, 18.685356166775424, 0.0 ], [ 77.787288251982488, 18.682639975552995, 0.0 ], [ 77.789440529465196, 18.687754409491745, 0.0 ], [ 77.790063310915627, 18.687287912827994, 0.0 ], [ 77.790354371936019, 18.687833680929359, 0.0 ], [ 77.789455013623439, 18.690819557640641, 0.0 ], [ 77.789764546713826, 18.6951500126005, 0.0 ], [ 77.793328849894806, 18.695899752011027, 0.0 ], [ 77.795005575922531, 18.697036794794364, 0.0 ], [ 77.796218167701454, 18.703960089652401, 0.0 ], [ 77.801060374690536, 18.707621675073916, 0.0 ], [ 77.804183987886205, 18.71317741693391, 0.0 ], [ 77.804250340460058, 18.727242330094334, 0.0 ], [ 77.8087867911172, 18.732499267266157, 0.0 ], [ 77.812340989247176, 18.738511820693699, 0.0 ], [ 77.816712119004578, 18.750642546348438, 0.0 ], [ 77.819685169088629, 18.755142124739091, 0.0 ], [ 77.826791792042897, 18.769840908974931, 0.0 ], [ 77.827527406580444, 18.774991207093251, 0.0 ], [ 77.831116115968342, 18.782042717254004, 0.0 ], [ 77.832193339980734, 18.788245189381769, 0.0 ], [ 77.838507986459234, 18.796830181092162, 0.0 ], [ 77.838785890064031, 18.802534798921616, 0.0 ], [ 77.839954802647711, 18.804821511934616, 0.0 ], [ 77.85367730937412, 18.809070197360406, 0.0 ], [ 77.85841407754063, 18.808536740238267, 0.0 ], [ 77.859882427794901, 18.809047177787619, 0.0 ], [ 77.871414839921485, 18.818164798096618, 0.0 ], [ 77.881989883249446, 18.81740393599457, 0.0 ], [ 77.887940467592486, 18.820110006444679, 0.0 ], [ 77.890946604921083, 18.819870923362839, 0.0 ], [ 77.893473564425719, 18.820696700860172, 0.0 ], [ 77.906672210363496, 18.826697407609316, 0.0 ], [ 77.912258221533619, 18.826891224731838, 0.0 ], [ 77.930268002212543, 18.822494937983198, 0.0 ], [ 77.934497959367278, 18.822265379617949, 0.0 ], [ 77.94309409294506, 18.824807238409793, 0.0 ], [ 77.946119781759251, 18.826690784792508, 0.0 ], [ 77.948536063450632, 18.829836471664972, 0.0 ], [ 77.949190366536939, 18.833860235331045, 0.0 ], [ 77.948622620576572, 18.840625112628317, 0.0 ], [ 77.949598925130658, 18.845485844059159, 0.0 ], [ 77.956716231545101, 18.853795904355859, 0.0 ], [ 77.958705610909988, 18.859145103343927, 0.0 ], [ 77.96060587444363, 18.861877893751831, 0.0 ], [ 77.970138014818431, 18.872122093135637, 0.0 ], [ 77.982697887829659, 18.87691299185401, 0.0 ], [ 77.988097746034001, 18.879871563295481, 0.0 ], [ 77.995873149499531, 18.88040033856937, 0.0 ], [ 78.008854471022246, 18.884257237032251, 0.0 ], [ 78.014041925867545, 18.884578788593622, 0.0 ], [ 78.017894706568129, 18.883877866910616, 0.0 ], [ 78.024094129792275, 18.878771552116003, 0.0 ], [ 78.028029569845373, 18.876735227713464, 0.0 ], [ 78.032956433053329, 18.87599265431837, 0.0 ], [ 78.037230584868695, 18.877160986098836, 0.0 ], [ 78.038355630639572, 18.878656846532127, 0.0 ], [ 78.039269909096632, 18.882456061190165, 0.0 ], [ 78.036962223569077, 18.888239334159763, 0.0 ], [ 78.041073056407413, 18.898263162236791, 0.0 ], [ 78.041847847132118, 18.914961257859648, 0.0 ], [ 78.047426073368712, 18.927800806570431, 0.0 ], [ 78.04683515012357, 18.936257364553715, 0.0 ], [ 78.052408383086771, 18.940195730742218, 0.0 ], [ 78.057740572495561, 18.94233949260726, 0.0 ], [ 78.06755005565357, 18.940692536484509, 0.0 ], [ 78.073490781720437, 18.941197226992472, 0.0 ], [ 78.076781012553568, 18.940069310718354, 0.0 ], [ 78.078926066627943, 18.940853383604708, 0.0 ], [ 78.087839251526859, 18.940917737816914, 0.0 ], [ 78.089406999159536, 18.940139880036345, 0.0 ], [ 78.096514938875174, 18.944454922803178, 0.0 ], [ 78.10262672073911, 18.951218652663524, 0.0 ], [ 78.104735028985246, 18.95462894132131, 0.0 ], [ 78.106935304525948, 18.955964181878052, 0.0 ], [ 78.110155155831748, 18.959824777492539, 0.0 ], [ 78.113262592477781, 18.961512201418458, 0.0 ], [ 78.118244578202422, 18.962939604378921, 0.0 ], [ 78.121192311874992, 18.961301396526938, 0.0 ], [ 78.130261236514571, 18.960882866762663, 0.0 ], [ 78.146916428128478, 18.965708989561261, 0.0 ], [ 78.148030622324043, 18.967440781145662, 0.0 ], [ 78.149869319882868, 18.967724043854986, 0.0 ], [ 78.150292367080027, 18.969611595012534, 0.0 ], [ 78.160666129413684, 18.979591880646943, 0.0 ], [ 78.161979528738186, 18.982411755358079, 0.0 ], [ 78.161207672743458, 18.988289707697735, 0.0 ], [ 78.16449532767858, 18.991121093503494, 0.0 ], [ 78.165113009160635, 18.99278322758871, 0.0 ], [ 78.16464618587365, 18.99521818819699, 0.0 ], [ 78.167293108884209, 18.997825823031274, 0.0 ], [ 78.169475790249692, 18.998761710004519, 0.0 ], [ 78.174515350175099, 18.998617340563953, 0.0 ], [ 78.177207147843504, 18.999788929702586, 0.0 ], [ 78.180578050429787, 18.999884753231644, 0.0 ], [ 78.187489173607688, 18.997664982293625, 0.0 ], [ 78.191673184361008, 18.997610540117339, 0.0 ], [ 78.199076859255399, 18.999391104472071, 0.0 ], [ 78.204163782160833, 19.002394875640995, 0.0 ], [ 78.213197771850048, 19.005110835964118, 0.0 ], [ 78.222485626694322, 19.006297156921892, 0.0 ], [ 78.228093727261452, 19.008552561971516, 0.0 ], [ 78.237687223983002, 19.015824144573788, 0.0 ], [ 78.242079932119807, 19.016540272769785, 0.0 ], [ 78.248724653412751, 19.014934363618512, 0.0 ], [ 78.257677465767586, 19.006268872551288, 0.0 ], [ 78.260750550605565, 19.004106108428765, 0.0 ], [ 78.2633795142564, 19.003424904403332, 0.0 ], [ 78.27471509952592, 18.994699506127322, 0.0 ], [ 78.279652818031678, 18.988888049195857, 0.0 ], [ 78.281096116476107, 18.983885170722331, 0.0 ], [ 78.280456559104195, 18.98168354267494, 0.0 ], [ 78.277081761921011, 18.976621814575509, 0.0 ], [ 78.276153601053622, 18.973509344204224, 0.0 ], [ 78.277787562073996, 18.968856084252923, 0.0 ], [ 78.277144613136031, 18.953235443045969, 0.0 ], [ 78.27887085207135, 18.946722207319702, 0.0 ], [ 78.282597756546309, 18.943739009936095, 0.0 ], [ 78.285210039821791, 18.942763245134433, 0.0 ], [ 78.29333874392718, 18.944228858896462, 0.0 ], [ 78.300281501959347, 18.947746191895533, 0.0 ], [ 78.310655910010681, 18.950038047595239, 0.0 ], [ 78.314069049646562, 18.951716798570509, 0.0 ], [ 78.318807708749873, 18.956697061109196, 0.0 ], [ 78.321341308693292, 18.960629637190028, 0.0 ], [ 78.327843644701744, 18.964141514319547, 0.0 ], [ 78.33576514616604, 18.965991810898519, 0.0 ], [ 78.339511410938371, 18.968495543744076, 0.0 ], [ 78.346041334046319, 18.973863460375586, 0.0 ], [ 78.354951275205153, 18.984728832917224, 0.0 ], [ 78.359293096657666, 18.987960773235415, 0.0 ], [ 78.36421627564637, 18.989712373166519, 0.0 ], [ 78.371186107703068, 18.996226418053212, 0.0 ], [ 78.376571140965908, 18.998325595821477, 0.0 ], [ 78.387672819514563, 18.998687799244191, 0.0 ], [ 78.401511437044107, 19.0034582609712, 0.0 ], [ 78.410527679106153, 19.00408148003066, 0.0 ], [ 78.416454326975028, 19.000562125752268, 0.0 ], [ 78.4245463017958, 18.983062795453396, 0.0 ], [ 78.425246164207337, 18.978864649850475, 0.0 ], [ 78.426351391668675, 18.977172594434254, 0.0 ], [ 78.440608560079482, 18.966799564145795, 0.0 ], [ 78.450246774802437, 18.965319847027356, 0.0 ], [ 78.452541471191495, 18.964248656869238, 0.0 ], [ 78.456313484202425, 18.956290256137237, 0.0 ], [ 78.457518162002913, 18.955484116512419, 0.0 ], [ 78.463001476649268, 18.956787252504565, 0.0 ], [ 78.465489604222427, 18.958540607558501, 0.0 ], [ 78.472746598545783, 18.957290289779028, 0.0 ], [ 78.477280640252616, 18.958223305428632, 0.0 ], [ 78.482370742972918, 18.962141198604705, 0.0 ], [ 78.483718200570294, 18.966336195433783, 0.0 ], [ 78.48628727074545, 18.96992828721789, 0.0 ], [ 78.490845788183933, 18.973042146447, 0.0 ], [ 78.504116733759062, 18.972844988265003, 0.0 ], [ 78.509905596579472, 18.971733337101053, 0.0 ], [ 78.516273397993103, 18.965518698282906, 0.0 ], [ 78.517521959326601, 18.962246683173511, 0.0 ], [ 78.520396185193988, 18.960159369377998, 0.0 ], [ 78.521788486984306, 18.956283417150988, 0.0 ], [ 78.525176553495157, 18.951255948477026, 0.0 ], [ 78.531444872125391, 18.947257500483115, 0.0 ], [ 78.536968269336313, 18.94601620068843, 0.0 ], [ 78.536630747838188, 18.942300442284477, 0.0 ], [ 78.532623701707905, 18.943329771288415, 0.0 ], [ 78.528393924008853, 18.942916161592478, 0.0 ], [ 78.525932352492362, 18.938973175169334, 0.0 ], [ 78.525960450635822, 18.932455858384557, 0.0 ], [ 78.528032175374875, 18.93035202507069, 0.0 ], [ 78.526798245984537, 18.928931526140374, 0.0 ], [ 78.524998689314032, 18.929940281135153, 0.0 ], [ 78.523083304353591, 18.925523449013586, 0.0 ], [ 78.520973295123454, 18.922983647658786, 0.0 ], [ 78.519163750850524, 18.904434799942464, 0.0 ], [ 78.517936504866256, 18.903316882617442, 0.0 ], [ 78.518931288828298, 18.900692735346322, 0.0 ], [ 78.514174106100697, 18.892518570784944, 0.0 ], [ 78.519866724812346, 18.889431843173202, 0.0 ], [ 78.520933467927904, 18.889997234957658, 0.0 ], [ 78.526398799878521, 18.889654491034651, 0.0 ], [ 78.532741559844396, 18.88559774009854, 0.0 ], [ 78.536121849539455, 18.884490411728894, 0.0 ], [ 78.538863807955494, 18.875603562759537, 0.0 ], [ 78.540489058236261, 18.864506758550725, 0.0 ], [ 78.541756904581362, 18.86346578899553, 0.0 ], [ 78.541202480768334, 18.861030684376964, 0.0 ], [ 78.543363957794412, 18.859821710487655, 0.0 ], [ 78.537353053664276, 18.844223935428655, 0.0 ], [ 78.540084669952776, 18.845744001280384, 0.0 ], [ 78.541442911553261, 18.839468628936224, 0.0 ], [ 78.548276247853096, 18.834548476458469, 0.0 ], [ 78.548139652468606, 18.830662529607704, 0.0 ], [ 78.541904587868501, 18.818070817918091, 0.0 ], [ 78.541661954733272, 18.815308630993925, 0.0 ], [ 78.543110843093061, 18.814151881911158, 0.0 ], [ 78.550920610493691, 18.813477491753385, 0.0 ], [ 78.548964164092283, 18.808951640525159, 0.0 ], [ 78.552191429549865, 18.805452982124653, 0.0 ], [ 78.552778718435235, 18.802214922937903, 0.0 ], [ 78.554304576418247, 18.800932342073082, 0.0 ], [ 78.552527363828901, 18.791290031792677, 0.0 ], [ 78.559304341533505, 18.785641517638503, 0.0 ], [ 78.563596646008989, 18.778944926112317, 0.0 ], [ 78.559063284170179, 18.773171601343915, 0.0 ], [ 78.556995301764289, 18.767483665486104, 0.0 ], [ 78.554311277837485, 18.765092293005484, 0.0 ], [ 78.557455643281926, 18.756022728379069, 0.0 ], [ 78.556515220767608, 18.75427054573171, 0.0 ], [ 78.55363943841256, 18.753530753415767, 0.0 ], [ 78.551631418300914, 18.750879157982222, 0.0 ], [ 78.551395255893567, 18.747479717490577, 0.0 ], [ 78.552768458342143, 18.742740825756584, 0.0 ], [ 78.558334680279629, 18.740245172845746, 0.0 ], [ 78.571223440210417, 18.738468979516924, 0.0 ], [ 78.576752706319297, 18.729904841921574, 0.0 ], [ 78.580486261974102, 18.726324235129223, 0.0 ], [ 78.58168583614956, 18.723044296140152, 0.0 ], [ 78.590644419183107, 18.725632952851864, 0.0 ], [ 78.611247567551501, 18.728591947574767, 0.0 ], [ 78.612937636386974, 18.728246388554318, 0.0 ], [ 78.614373345070035, 18.729947797149872, 0.0 ], [ 78.617395785953718, 18.728755426689158, 0.0 ], [ 78.617471431813499, 18.729785001619486, 0.0 ], [ 78.628636840664655, 18.727820041012016, 0.0 ], [ 78.633312076402845, 18.725458726099284, 0.0 ], [ 78.637182505636815, 18.723328268639637, 0.0 ], [ 78.639548078957262, 18.720357010165539, 0.0 ], [ 78.640596937661329, 18.717452746677029, 0.0 ], [ 78.640984482946806, 18.714023518231542, 0.0 ], [ 78.639975464148634, 18.707105592970301, 0.0 ], [ 78.640810885395737, 18.701854799665018, 0.0 ], [ 78.639920318431948, 18.697464774712781, 0.0 ], [ 78.637203954327006, 18.690506422119093, 0.0 ], [ 78.635699458609665, 18.689752957973958, 0.0 ], [ 78.633409644493995, 18.683492284744485, 0.0 ], [ 78.626089441234456, 18.688046768863256, 0.0 ], [ 78.616207657758238, 18.690104197783672, 0.0 ], [ 78.58833113700247, 18.677386236772762, 0.0 ], [ 78.591573327430012, 18.673554593506974, 0.0 ], [ 78.603640802844382, 18.667285131737888, 0.0 ], [ 78.604929761927494, 18.662365343426654, 0.0 ], [ 78.600753250263111, 18.657172477909178, 0.0 ], [ 78.597630725161508, 18.648837727680625, 0.0 ], [ 78.596586368354593, 18.641541804954418, 0.0 ], [ 78.596576758501982, 18.623332253931892, 0.0 ], [ 78.594095608055184, 18.613155256968358, 0.0 ], [ 78.586260593668868, 18.598801650547422, 0.0 ], [ 78.595792932085004, 18.597335076661825, 0.0 ], [ 78.617359544786666, 18.591259601012968, 0.0 ], [ 78.615148827848998, 18.59103542987862, 0.0 ], [ 78.61364034838347, 18.589748095209572, 0.0 ], [ 78.599914773531751, 18.574125628443493, 0.0 ], [ 78.600240533690169, 18.568404177109855, 0.0 ], [ 78.59905831814298, 18.566233994927725, 0.0 ], [ 78.599456196760897, 18.564128063464942, 0.0 ], [ 78.598560099992767, 18.563884710013493, 0.0 ], [ 78.59944271793286, 18.561782548114007, 0.0 ], [ 78.598608698588606, 18.559859521696914, 0.0 ], [ 78.599098681843671, 18.554773564321152, 0.0 ], [ 78.597594482160673, 18.553286369548136, 0.0 ], [ 78.597559311520783, 18.551116553600611, 0.0 ], [ 78.595855870872271, 18.551223580464704, 0.0 ], [ 78.594698648771242, 18.549848825695705, 0.0 ], [ 78.58887795301041, 18.549254866417407, 0.0 ], [ 78.574959200081111, 18.550341309002555, 0.0 ], [ 78.568529886073563, 18.551892086942189, 0.0 ], [ 78.563630452007644, 18.554888660977923, 0.0 ], [ 78.561900710408224, 18.554470855346295, 0.0 ], [ 78.559868125739655, 18.552604575685645, 0.0 ], [ 78.559992664937113, 18.551986748146813, 0.0 ], [ 78.560574671334962, 18.552534216741716, 0.0 ], [ 78.564657119925528, 18.552150833447204, 0.0 ], [ 78.569998176831177, 18.546641635150333, 0.0 ], [ 78.569481208113146, 18.543831163173554, 0.0 ], [ 78.558450628140875, 18.533656042279464, 0.0 ], [ 78.553496980545091, 18.530710482382112, 0.0 ], [ 78.553196113359149, 18.528588667487387, 0.0 ], [ 78.549543674039228, 18.522478461820882, 0.0 ], [ 78.553116975832097, 18.513781713981857, 0.0 ], [ 78.551745213979089, 18.50405026042316, 0.0 ], [ 78.546534091155479, 18.50373627834999, 0.0 ], [ 78.539449315402365, 18.496166669094809, 0.0 ], [ 78.531222564257618, 18.477909373535521, 0.0 ], [ 78.531791665486821, 18.475944559890518, 0.0 ], [ 78.530093435475052, 18.469675438312443, 0.0 ], [ 78.530232752715008, 18.465714013956052, 0.0 ], [ 78.525012562947964, 18.463587525466334, 0.0 ], [ 78.521043301691066, 18.464662475278583, 0.0 ], [ 78.521371667145416, 18.461696815317758, 0.0 ], [ 78.518488963829569, 18.45880099146315, 0.0 ], [ 78.518241161472389, 18.456629782681009, 0.0 ], [ 78.506231942444259, 18.45169277268414, 0.0 ], [ 78.498683794304611, 18.445789082082854, 0.0 ], [ 78.497150914894149, 18.442440030279364, 0.0 ], [ 78.492140277144017, 18.437992091425301, 0.0 ], [ 78.487734052182901, 18.439681399543517, 0.0 ], [ 78.476651470052445, 18.440995971951995, 0.0 ], [ 78.467822819928969, 18.447717508629751, 0.0 ], [ 78.464611174520869, 18.45513356980231, 0.0 ], [ 78.464369264311628, 18.460630301315664, 0.0 ], [ 78.460813617053574, 18.465598549361719, 0.0 ], [ 78.456283357332055, 18.468198749788165, 0.0 ], [ 78.452298833944212, 18.472484880364505, 0.0 ], [ 78.452145334867154, 18.474028774651426, 0.0 ], [ 78.454424083917203, 18.476635025552394, 0.0 ], [ 78.454752674447448, 18.478264787856581, 0.0 ], [ 78.45392409510481, 18.481419802024991, 0.0 ], [ 78.452959148532628, 18.481767620982001, 0.0 ], [ 78.452634500903898, 18.482921185487477, 0.0 ], [ 78.445179575598942, 18.483496100668301, 0.0 ], [ 78.443552574005466, 18.478812953838901, 0.0 ], [ 78.442342821330854, 18.478119033054387, 0.0 ], [ 78.424687292500437, 18.475201805302358, 0.0 ], [ 78.418361392125149, 18.476938846755722, 0.0 ], [ 78.412713580841668, 18.480349606335587, 0.0 ], [ 78.40658819057299, 18.482793156592603, 0.0 ], [ 78.402851155266816, 18.481984022203836, 0.0 ], [ 78.398865931462907, 18.482234133116311, 0.0 ], [ 78.396115588646794, 18.477304735815249, 0.0 ], [ 78.392482716454737, 18.466415692733971, 0.0 ], [ 78.386678015572386, 18.459359326235656, 0.0 ], [ 78.385724070831557, 18.459133073260919, 0.0 ], [ 78.383803440907187, 18.454166357520009, 0.0 ], [ 78.382645844061074, 18.453942535196159, 0.0 ], [ 78.363201794173378, 18.454653452712375, 0.0 ], [ 78.358960169890793, 18.457606980298408, 0.0 ], [ 78.354489536798823, 18.459410363974047, 0.0 ], [ 78.352523188528465, 18.459101525509606, 0.0 ], [ 78.350441662042755, 18.457643707123328, 0.0 ], [ 78.3495292833029, 18.460106247023919, 0.0 ], [ 78.345793023361935, 18.463141389491568, 0.0 ], [ 78.341244646350518, 18.464243374119835, 0.0 ], [ 78.334572836041218, 18.463832665095943, 0.0 ], [ 78.329503208662402, 18.467098021018877, 0.0 ], [ 78.325995384987223, 18.465729551529712, 0.0 ], [ 78.324102064904608, 18.46609892735567, 0.0 ], [ 78.319673345067727, 18.464955961636214, 0.0 ], [ 78.316661508751238, 18.465404329347511, 0.0 ], [ 78.313965988808349, 18.460017872442855, 0.0 ], [ 78.307708269078518, 18.456465680544767, 0.0 ], [ 78.307331332682637, 18.454202535470717, 0.0 ], [ 78.297835223038732, 18.45612959983292, 0.0 ], [ 78.29336905599304, 18.455821684732076, 0.0 ], [ 78.287322461387376, 18.453748589554852, 0.0 ], [ 78.283191213446912, 18.454799399210422, 0.0 ], [ 78.281056519738343, 18.453909781522817, 0.0 ], [ 78.275339651642227, 18.458224585338403, 0.0 ], [ 78.274970593452736, 18.454474842331329, 0.0 ], [ 78.271259489514094, 18.453555195985057, 0.0 ], [ 78.269723153680133, 18.450846265542303, 0.0 ], [ 78.2683424194732, 18.453181453834883, 0.0 ], [ 78.259822991097579, 18.452902814271532, 0.0 ], [ 78.255983989031563, 18.456120663452818, 0.0 ], [ 78.256126298107588, 18.457739745672551, 0.0 ], [ 78.254593621957611, 18.458442148209578, 0.0 ], [ 78.256935959347786, 18.459804152437265, 0.0 ], [ 78.257434281968784, 18.460943495659325, 0.0 ], [ 78.253720574908002, 18.466837568940459, 0.0 ], [ 78.255333601280483, 18.466980922576042, 0.0 ], [ 78.254828700843461, 18.472185456060764, 0.0 ], [ 78.2581885794431, 18.476088437020209, 0.0 ], [ 78.255875845466591, 18.479959254359727, 0.0 ], [ 78.250040726737396, 18.486630620794234, 0.0 ], [ 78.242620741594763, 18.486566285968049, 0.0 ], [ 78.23864312284951, 18.49104287327847, 0.0 ], [ 78.2364874839799, 18.492344040407623, 0.0 ], [ 78.224952085912079, 18.491056207632187, 0.0 ], [ 78.216943611826139, 18.499181194134188, 0.0 ], [ 78.212508297870272, 18.498582701712891, 0.0 ], [ 78.20957694414642, 18.499378294736111, 0.0 ], [ 78.207626984745843, 18.500884651260648, 0.0 ], [ 78.202329564691965, 18.501510291696572, 0.0 ], [ 78.201651925880597, 18.504765255541248, 0.0 ], [ 78.200568873521703, 18.505440523542234, 0.0 ], [ 78.192937078175007, 18.50401668253113, 0.0 ], [ 78.192239294852726, 18.508952298608115, 0.0 ], [ 78.186029489370696, 18.507407888351946, 0.0 ], [ 78.178546790992058, 18.502596323319693, 0.0 ], [ 78.177663299635867, 18.501217507186368, 0.0 ], [ 78.175831405446715, 18.501143617479357, 0.0 ], [ 78.174450785404957, 18.498566673272361, 0.0 ], [ 78.172861929282263, 18.497966546523138, 0.0 ], [ 78.16652034169924, 18.484111839007202, 0.0 ], [ 78.159657447792441, 18.477476231924737, 0.0 ], [ 78.140955135621425, 18.481188878875276, 0.0 ], [ 78.138520935472002, 18.482373189237602, 0.0 ], [ 78.134967539578938, 18.482519254267498, 0.0 ], [ 78.133423992887955, 18.484851820920802, 0.0 ], [ 78.121342346103958, 18.48844146247794, 0.0 ], [ 78.118133973997459, 18.492897220582464, 0.0 ], [ 78.112495780290047, 18.491953459174475, 0.0 ], [ 78.108092832107843, 18.49261383280658, 0.0 ], [ 78.105995606261075, 18.491777053492115, 0.0 ], [ 78.107027411325305, 18.498019556756148, 0.0 ], [ 78.105162545008966, 18.502562401724806, 0.0 ], [ 78.103615197564977, 18.504388686364621, 0.0 ], [ 78.091302875664738, 18.508873147144545, 0.0 ], [ 78.084908331498411, 18.509311805731098, 0.0 ], [ 78.076320098400672, 18.514772667903344, 0.0 ], [ 78.075003365030923, 18.514780375978262, 0.0 ], [ 78.069835587030752, 18.511387265362437, 0.0 ], [ 78.069941848788375, 18.508560007278344, 0.0 ], [ 78.065493674462687, 18.510913350626598, 0.0 ], [ 78.062229307875782, 18.514030114292506, 0.0 ], [ 78.055429654499264, 18.515028198493741, 0.0 ], [ 78.047362600021785, 18.517376093617806, 0.0 ], [ 78.039554136233036, 18.517982624525501, 0.0 ], [ 78.03770907862733, 18.515932593531819, 0.0 ], [ 78.036979648399353, 18.513308063215085, 0.0 ], [ 78.034242541686254, 18.50914687594123, 0.0 ], [ 78.03427173959993, 18.507958746067875, 0.0 ], [ 78.039494995481633, 18.500870491181988, 0.0 ], [ 78.037465534886337, 18.500693557180789, 0.0 ], [ 78.037352675035237, 18.499124418990792, 0.0 ], [ 78.036239539448331, 18.499138703957794, 0.0 ], [ 78.036463496716834, 18.494152854919271, 0.0 ], [ 78.038891360336081, 18.492775542723972, 0.0 ], [ 78.041431946168871, 18.489596504082449, 0.0 ], [ 78.038299009883232, 18.48754984596771, 0.0 ], [ 78.037629387854636, 18.483195342869521, 0.0 ], [ 78.036512312997132, 18.473006733617606, 0.0 ], [ 78.037914128723983, 18.465110855189863, 0.0 ], [ 78.022214821499617, 18.436371050642347, 0.0 ], [ 78.013331071613692, 18.438930900665163, 0.0 ], [ 78.001198135632478, 18.440281091293905, 0.0 ], [ 77.990954395380541, 18.443821570225694, 0.0 ], [ 77.974935678976323, 18.44649847400812, 0.0 ], [ 77.976626745686318, 18.451208728754576, 0.0 ], [ 77.9785631311223, 18.453418550101567, 0.0 ], [ 77.981600861511723, 18.459454996406087, 0.0 ], [ 77.980939302980971, 18.461923363861739, 0.0 ], [ 77.976383055944311, 18.466402059918732, 0.0 ], [ 77.975015701631591, 18.470714714124089, 0.0 ], [ 77.970927421206028, 18.474498350014859, 0.0 ], [ 77.953021556213216, 18.482239147584046, 0.0 ], [ 77.951988561382251, 18.485552601161608, 0.0 ], [ 77.949993974486361, 18.487435722668078, 0.0 ], [ 77.943714076318329, 18.488901741361751, 0.0 ], [ 77.937620710581072, 18.491680240303225, 0.0 ], [ 77.923755117700082, 18.491609089818791, 0.0 ], [ 77.907748161092542, 18.493386406574725, 0.0 ], [ 77.900131573088061, 18.492060642254295, 0.0 ], [ 77.895299761782255, 18.494997816464203, 0.0 ], [ 77.889368588981782, 18.492652939088153, 0.0 ], [ 77.885229585331672, 18.495471810759533, 0.0 ], [ 77.881396536158746, 18.501958785274052, 0.0 ], [ 77.87641536392006, 18.502919190667498, 0.0 ], [ 77.871495587454021, 18.506021893315005, 0.0 ], [ 77.864778884305252, 18.508185156129901, 0.0 ], [ 77.857631820212802, 18.504333416264064, 0.0 ], [ 77.853787664370699, 18.50351335811931, 0.0 ], [ 77.851180384352332, 18.503354635008499, 0.0 ], [ 77.843555156671698, 18.506143202197862, 0.0 ], [ 77.837522934705376, 18.506714601279828, 0.0 ], [ 77.830436799189172, 18.504692571806451, 0.0 ], [ 77.828510191485279, 18.505653639751454, 0.0 ], [ 77.824250579824437, 18.504055197491997, 0.0 ], [ 77.82164284626586, 18.504958070580294, 0.0 ], [ 77.819899615128392, 18.502564085154354, 0.0 ], [ 77.818314659340956, 18.50313614354685, 0.0 ], [ 77.816377416543475, 18.502456740320028, 0.0 ], [ 77.811512858305278, 18.502843152739239, 0.0 ], [ 77.80654764699365, 18.50091019216925, 0.0 ] ] ] } },
{ "type": "Feature", "properties": { "DISTRICT": "PEDDAPALLI", "Dist_LGD": "682" }, "geometry": { "type": "Polygon", "coordinates": [ [ [ 79.248629327838998, 18.453336421593082, 0.0 ], [ 79.236594951734318, 18.447573331974986, 0.0 ], [ 79.235574510464645, 18.450648300747883, 0.0 ], [ 79.229241074085053, 18.456254327105217, 0.0 ], [ 79.225463324921023, 18.469967698369501, 0.0 ], [ 79.220627949095203, 18.478071929788616, 0.0 ], [ 79.220340645037268, 18.485782916657463, 0.0 ], [ 79.218347482660903, 18.489317909465701, 0.0 ], [ 79.215654808463839, 18.491931473482598, 0.0 ], [ 79.216256662778349, 18.496182198562263, 0.0 ], [ 79.21921446463638, 18.50298624562722, 0.0 ], [ 79.21987933146923, 18.508484356449262, 0.0 ], [ 79.219132814305425, 18.510382063428629, 0.0 ], [ 79.216426431502853, 18.512868969932697, 0.0 ], [ 79.215501289265518, 18.515994533213131, 0.0 ], [ 79.218353478413405, 18.524496685725214, 0.0 ], [ 79.219745403993002, 18.523858899437496, 0.0 ], [ 79.221319534468719, 18.527943643550763, 0.0 ], [ 79.21748742629876, 18.53160304999772, 0.0 ], [ 79.215505938058826, 18.534731289856072, 0.0 ], [ 79.220503636815991, 18.545482558552891, 0.0 ], [ 79.225628177647778, 18.544866962465207, 0.0 ], [ 79.227819500173396, 18.546601343783468, 0.0 ], [ 79.229991454796476, 18.567342898834752, 0.0 ], [ 79.221196969736212, 18.569807206473278, 0.0 ], [ 79.205277960582336, 18.577853161941434, 0.0 ], [ 79.205638955671262, 18.584858142337826, 0.0 ], [ 79.204428207245741, 18.595246541851978, 0.0 ], [ 79.202381161062263, 18.597416317645184, 0.0 ], [ 79.186200114203558, 18.608743584611592, 0.0 ], [ 79.184850765086154, 18.610691546891168, 0.0 ], [ 79.181946481766033, 18.619759066867626, 0.0 ], [ 79.182619441574744, 18.625365252646052, 0.0 ], [ 79.180407346188687, 18.635042266345888, 0.0 ], [ 79.179256305050643, 18.64476636760805, 0.0 ], [ 79.176200201074238, 18.654442509200361, 0.0 ], [ 79.173912577060833, 18.654911787680174, 0.0 ], [ 79.171537628517328, 18.654282709206772, 0.0 ], [ 79.171241349063152, 18.650463438747561, 0.0 ], [ 79.169057460120627, 18.648236248683343, 0.0 ], [ 79.165199774272963, 18.646829892897816, 0.0 ], [ 79.160994762115962, 18.647011530765095, 0.0 ], [ 79.160585472674711, 18.645879553507374, 0.0 ], [ 79.152379258452854, 18.653984777466146, 0.0 ], [ 79.14665302022739, 18.663496970582809, 0.0 ], [ 79.138715902399781, 18.660505827146576, 0.0 ], [ 79.133554393559095, 18.661864487626097, 0.0 ], [ 79.118360222344265, 18.663027715370234, 0.0 ], [ 79.124199681057988, 18.677797123042733, 0.0 ], [ 79.125391839449236, 18.686175973130528, 0.0 ], [ 79.120638796468569, 18.696725457836436, 0.0 ], [ 79.113421137147569, 18.707096335175788, 0.0 ], [ 79.112222367399099, 18.710336645644571, 0.0 ], [ 79.117004818893804, 18.706289619337436, 0.0 ], [ 79.120378673580745, 18.707396618832774, 0.0 ], [ 79.121691598702128, 18.709178951479263, 0.0 ], [ 79.125477105942835, 18.709754164018925, 0.0 ], [ 79.128150709055376, 18.711143661934805, 0.0 ], [ 79.129498992376909, 18.710876701233463, 0.0 ], [ 79.130086537791968, 18.708897283461262, 0.0 ], [ 79.134473893578246, 18.713338769610477, 0.0 ], [ 79.140642301952681, 18.724838596474473, 0.0 ], [ 79.150285079616779, 18.725644755509979, 0.0 ], [ 79.160049390473603, 18.750872020708162, 0.0 ], [ 79.162929815764812, 18.755659804616954, 0.0 ], [ 79.175628896513928, 18.753285965255706, 0.0 ], [ 79.187965786915697, 18.752101315286129, 0.0 ], [ 79.202380848028724, 18.752843843728222, 0.0 ], [ 79.209776278845212, 18.752414055165275, 0.0 ], [ 79.215047668378048, 18.751212417213171, 0.0 ], [ 79.215993936648374, 18.749370500200339, 0.0 ], [ 79.217604132977954, 18.748955489093412, 0.0 ], [ 79.227993355661809, 18.748958508333537, 0.0 ], [ 79.23049692806579, 18.749700596928289, 0.0 ], [ 79.236290657976539, 18.754938655246626, 0.0 ], [ 79.243087109677333, 18.757684354622619, 0.0 ], [ 79.246008640517985, 18.759824531319115, 0.0 ], [ 79.250206164512079, 18.759695436363486, 0.0 ], [ 79.252687580048331, 18.761719953727965, 0.0 ], [ 79.253325070256935, 18.763611910736344, 0.0 ], [ 79.257154781220677, 18.764659466145627, 0.0 ], [ 79.261872677596614, 18.762509402715313, 0.0 ], [ 79.264728791987523, 18.757805318638226, 0.0 ], [ 79.272246335786249, 18.752287621383356, 0.0 ], [ 79.278271369609044, 18.751075231960613, 0.0 ], [ 79.275524032691564, 18.746835899336102, 0.0 ], [ 79.281545067740851, 18.743193033913133, 0.0 ], [ 79.294830902955539, 18.744763180719506, 0.0 ], [ 79.293984723171363, 18.751254332631454, 0.0 ], [ 79.289874090880886, 18.763391663582937, 0.0 ], [ 79.291343238229373, 18.777303918029769, 0.0 ], [ 79.296691846245864, 18.7805274946206, 0.0 ], [ 79.3074955591389, 18.815391920703458, 0.0 ], [ 79.317923950276537, 18.815779313293863, 0.0 ], [ 79.324816746953374, 18.814882014178497, 0.0 ], [ 79.334990752399548, 18.814973566888867, 0.0 ], [ 79.343983687658749, 18.81664367353585, 0.0 ], [ 79.353020083500425, 18.819840467576132, 0.0 ], [ 79.359244798003658, 18.826116039364738, 0.0 ], [ 79.362811548327343, 18.831885072798226, 0.0 ], [ 79.367125325034053, 18.841388888522403, 0.0 ], [ 79.370400230009537, 18.845838016343794, 0.0 ], [ 79.375776017870493, 18.85249606315115, 0.0 ], [ 79.379399385561285, 18.85437144673816, 0.0 ], [ 79.39002739431146, 18.85674371034321, 0.0 ], [ 79.400236368937158, 18.856909104318728, 0.0 ], [ 79.420400260889522, 18.853424866389513, 0.0 ], [ 79.427735433306921, 18.850751481847517, 0.0 ], [ 79.44235824236047, 18.84268894280045, 0.0 ], [ 79.452322497578962, 18.835298395349497, 0.0 ], [ 79.462912180476636, 18.826103585497986, 0.0 ], [ 79.480541790841599, 18.817497192340742, 0.0 ], [ 79.487560960457188, 18.809499082147308, 0.0 ], [ 79.495278113782845, 18.798463995325797, 0.0 ], [ 79.498079726456822, 18.792275197608912, 0.0 ], [ 79.500471401203953, 18.790185805444004, 0.0 ], [ 79.511184571126691, 18.784697405523524, 0.0 ], [ 79.519169481942768, 18.785041136570388, 0.0 ], [ 79.528348126577299, 18.786600543771989, 0.0 ], [ 79.532681839402471, 18.785865755834759, 0.0 ], [ 79.537179474491666, 18.783622843334808, 0.0 ], [ 79.545157182223448, 18.777668781208209, 0.0 ], [ 79.552440290130107, 18.77402402222771, 0.0 ], [ 79.561546327668978, 18.770910955934248, 0.0 ], [ 79.578222711522471, 18.759333276713988, 0.0 ], [ 79.594838459139794, 18.749149780934676, 0.0 ], [ 79.603396192317533, 18.746294637189337, 0.0 ], [ 79.605387023026296, 18.743357616215782, 0.0 ], [ 79.6118068279673, 18.739250959564224, 0.0 ], [ 79.613630583934935, 18.73858543529813, 0.0 ], [ 79.618204474092565, 18.738943038423962, 0.0 ], [ 79.623904658594711, 18.732416223650997, 0.0 ], [ 79.629508251998885, 18.731490383979036, 0.0 ], [ 79.633387110395944, 18.729260984615919, 0.0 ], [ 79.637130599293869, 18.723295033672848, 0.0 ], [ 79.640884023860863, 18.721489618227626, 0.0 ], [ 79.644691707988301, 18.717041602096149, 0.0 ], [ 79.651540091592096, 18.715374809212953, 0.0 ], [ 79.653282514012517, 18.709337330473851, 0.0 ], [ 79.663271697606632, 18.690457486580819, 0.0 ], [ 79.667786764903013, 18.684353762265008, 0.0 ], [ 79.671765656436534, 18.682801589887063, 0.0 ], [ 79.677499484191614, 18.674213285847618, 0.0 ], [ 79.679624009220277, 18.672820923748748, 0.0 ], [ 79.685865197028534, 18.670852424794326, 0.0 ], [ 79.689529878591003, 18.670667478166781, 0.0 ], [ 79.691781119071067, 18.670694106768689, 0.0 ], [ 79.697919920805205, 18.672831287907265, 0.0 ], [ 79.70047723505381, 18.677999856004469, 0.0 ], [ 79.70469351280569, 18.679745694066554, 0.0 ], [ 79.708451344215888, 18.683500028199404, 0.0 ], [ 79.714335505109844, 18.685446141058286, 0.0 ], [ 79.73312381727655, 18.682261371765932, 0.0 ], [ 79.748542813509118, 18.682410728675013, 0.0 ], [ 79.755322464741624, 18.685781792073943, 0.0 ], [ 79.759031409026122, 18.686481318665969, 0.0 ], [ 79.768673883945183, 18.696377549176038, 0.0 ], [ 79.78655114857365, 18.698658641841064, 0.0 ], [ 79.791535903929642, 18.695363847988428, 0.0 ], [ 79.793618582461036, 18.694900936456481, 0.0 ], [ 79.798110488853354, 18.696794915514236, 0.0 ], [ 79.802463570565521, 18.701719532612856, 0.0 ], [ 79.807167704048155, 18.704915895459738, 0.0 ], [ 79.811227706769046, 18.703383044554297, 0.0 ], [ 79.812462998703097, 18.698585030982859, 0.0 ], [ 79.814451500517151, 18.695248488532325, 0.0 ], [ 79.821635543192414, 18.691842485373865, 0.0 ], [ 79.821861944471294, 18.688089217483039, 0.0 ], [ 79.830553113658993, 18.680495491593575, 0.0 ], [ 79.832423025012019, 18.675644981488041, 0.0 ], [ 79.830502771929446, 18.673064011338354, 0.0 ], [ 79.831648625621412, 18.667885928644722, 0.0 ], [ 79.830461614055679, 18.654659302405346, 0.0 ], [ 79.823261362293096, 18.645393663756359, 0.0 ], [ 79.820253798622659, 18.643527443316664, 0.0 ], [ 79.819564449192498, 18.641411065782162, 0.0 ], [ 79.816679507002604, 18.638366018656075, 0.0 ], [ 79.813621983469545, 18.633358437007121, 0.0 ], [ 79.810084845142185, 18.631080523419069, 0.0 ], [ 79.808293513065635, 18.625752915335354, 0.0 ], [ 79.80416775921168, 18.62128959183736, 0.0 ], [ 79.801513952320263, 18.610736569561674, 0.0 ], [ 79.802195649204762, 18.606948338723175, 0.0 ], [ 79.797999721416076, 18.597122092847123, 0.0 ], [ 79.794481971426407, 18.592466222235554, 0.0 ], [ 79.791266080075616, 18.585624631772671, 0.0 ], [ 79.79106783302619, 18.584119500856147, 0.0 ], [ 79.792843937536091, 18.579020167906467, 0.0 ], [ 79.792728119023025, 18.574389004796956, 0.0 ], [ 79.791314948746418, 18.572143452755885, 0.0 ], [ 79.784325795144269, 18.568668529314838, 0.0 ], [ 79.780238099943205, 18.5697979235708, 0.0 ], [ 79.770150477211843, 18.570260831143102, 0.0 ], [ 79.764793541524639, 18.572501491088509, 0.0 ], [ 79.758010877998942, 18.572143900222496, 0.0 ], [ 79.753050199664671, 18.573531739987789, 0.0 ], [ 79.750258460729711, 18.57265906059714, 0.0 ], [ 79.748554807427837, 18.570949906355683, 0.0 ], [ 79.7413041037358, 18.570391229459535, 0.0 ], [ 79.736514534817587, 18.574042835270284, 0.0 ], [ 79.732760408825698, 18.573351763565565, 0.0 ], [ 79.729482998109461, 18.57431591472637, 0.0 ], [ 79.724805388583846, 18.573558093255361, 0.0 ], [ 79.723892816667245, 18.570735630679437, 0.0 ], [ 79.720814350018003, 18.569323930809631, 0.0 ], [ 79.719533281017803, 18.566278675607794, 0.0 ], [ 79.716728590772917, 18.565152527202208, 0.0 ], [ 79.712041996656467, 18.560816307967997, 0.0 ], [ 79.712011294133347, 18.557856928968942, 0.0 ], [ 79.710365555971393, 18.556007499283687, 0.0 ], [ 79.708171289932224, 18.548061276470992, 0.0 ], [ 79.710477085214592, 18.543633153090799, 0.0 ], [ 79.707909013156424, 18.539150815093805, 0.0 ], [ 79.709025509285127, 18.537157968126266, 0.0 ], [ 79.707374927501192, 18.535371755304954, 0.0 ], [ 79.707050547004528, 18.533608522430978, 0.0 ], [ 79.70847317927408, 18.528512916420542, 0.0 ], [ 79.705734163457109, 18.520704513999494, 0.0 ], [ 79.696222012297099, 18.510796999743388, 0.0 ], [ 79.695726235569111, 18.506981906455998, 0.0 ], [ 79.690642663615677, 18.504034946153503, 0.0 ], [ 79.684909137372543, 18.496883601495274, 0.0 ], [ 79.677232007758647, 18.490298405605571, 0.0 ], [ 79.673953919415879, 18.486097435783776, 0.0 ], [ 79.6721188249889, 18.482209189132021, 0.0 ], [ 79.668139275400463, 18.479338300826537, 0.0 ], [ 79.653730038432499, 18.476064919527495, 0.0 ], [ 79.642178685583062, 18.475549102244457, 0.0 ], [ 79.6328421630581, 18.478498153987307, 0.0 ], [ 79.625896130375637, 18.484763888582822, 0.0 ], [ 79.622891133230496, 18.486436994945031, 0.0 ], [ 79.615648591163662, 18.473308833263484, 0.0 ], [ 79.612051325091201, 18.46363380826082, 0.0 ], [ 79.606347849891876, 18.467355885833847, 0.0 ], [ 79.602569569023544, 18.474519662011161, 0.0 ], [ 79.596801660993449, 18.472615869003604, 0.0 ], [ 79.591031797162799, 18.46197794343308, 0.0 ], [ 79.587864631224932, 18.46189219708204, 0.0 ], [ 79.590472161322012, 18.449956789114861, 0.0 ], [ 79.584174887087528, 18.44095648187545, 0.0 ], [ 79.567061663682267, 18.423875460935314, 0.0 ], [ 79.548983984764533, 18.411035878865068, 0.0 ], [ 79.545860770807963, 18.406968863038017, 0.0 ], [ 79.533716502995745, 18.399910790049432, 0.0 ], [ 79.519078022809907, 18.396785232376356, 0.0 ], [ 79.50664598100353, 18.399163590053323, 0.0 ], [ 79.498236996057983, 18.395080371663003, 0.0 ], [ 79.496455201870489, 18.392731384150409, 0.0 ], [ 79.492089449835078, 18.389421391332224, 0.0 ], [ 79.48543379747116, 18.38597392772294, 0.0 ], [ 79.48064792411725, 18.385223784537661, 0.0 ], [ 79.47456199728245, 18.38601261201805, 0.0 ], [ 79.458513345959403, 18.393860896673168, 0.0 ], [ 79.443867580263117, 18.40814918504184, 0.0 ], [ 79.439366639464765, 18.410661892108994, 0.0 ], [ 79.416726489978473, 18.420837306764632, 0.0 ], [ 79.37278412895769, 18.435354661378312, 0.0 ], [ 79.368421197295376, 18.438286794917531, 0.0 ], [ 79.344696362591364, 18.458583455110983, 0.0 ], [ 79.329533598818756, 18.470014035843946, 0.0 ], [ 79.310699145649608, 18.479132287262267, 0.0 ], [ 79.297818055005052, 18.482413039548476, 0.0 ], [ 79.292731636923918, 18.482529123718511, 0.0 ], [ 79.284449605828783, 18.481013884587792, 0.0 ], [ 79.280034634908361, 18.479000763652827, 0.0 ], [ 79.26116797381961, 18.462816477151012, 0.0 ], [ 79.248629327838998, 18.453336421593082, 0.0 ] ] ] } },
{ "type": "Feature", "properties": { "DISTRICT": "RAJANNA SIRCILLA", "Dist_LGD": "683" }, "geometry": { "type": "Polygon", "coordinates": [ [ [ 78.58856573361318, 18.248673553414584, 0.0 ], [ 78.581514092434404, 18.233199959556398, 0.0 ], [ 78.574892296563931, 18.223654693673936, 0.0 ], [ 78.567632082610317, 18.222789417009206, 0.0 ], [ 78.567152835056618, 18.224393919623264, 0.0 ], [ 78.564767532910864, 18.226961892382935, 0.0 ], [ 78.563775757028068, 18.230645170121466, 0.0 ], [ 78.559596046368057, 18.236270021588687, 0.0 ], [ 78.557761388807961, 18.242422156900478, 0.0 ], [ 78.556256070224421, 18.24493467014193, 0.0 ], [ 78.555842956326643, 18.247949811405931, 0.0 ], [ 78.553582349055986, 18.251250829206153, 0.0 ], [ 78.553743836849861, 18.256892214720501, 0.0 ], [ 78.552837426897156, 18.259093955418379, 0.0 ], [ 78.543764417662018, 18.264849996433252, 0.0 ], [ 78.541966228496491, 18.267752946388367, 0.0 ], [ 78.543353030940096, 18.270513236908116, 0.0 ], [ 78.5403863159314, 18.273419049241969, 0.0 ], [ 78.537845372440842, 18.273495215367628, 0.0 ], [ 78.531954902890348, 18.27172849342454, 0.0 ], [ 78.529458052393593, 18.274466744072384, 0.0 ], [ 78.525591855727058, 18.275556406983974, 0.0 ], [ 78.524844651829852, 18.276936876904028, 0.0 ], [ 78.521262302222723, 18.278941941472642, 0.0 ], [ 78.523808485520945, 18.282110679361796, 0.0 ], [ 78.523927658659275, 18.288108630803681, 0.0 ], [ 78.528626300954031, 18.291758171918694, 0.0 ], [ 78.533949989338865, 18.291133683208461, 0.0 ], [ 78.541226409689926, 18.300057657034184, 0.0 ], [ 78.538189079965363, 18.309022730716801, 0.0 ], [ 78.537263286426182, 18.317821741187736, 0.0 ], [ 78.549101756327701, 18.334378831065191, 0.0 ], [ 78.549545197660123, 18.33641182547623, 0.0 ], [ 78.544515812957627, 18.342972642693173, 0.0 ], [ 78.546350836382317, 18.345443171889364, 0.0 ], [ 78.543944982758106, 18.351318314128974, 0.0 ], [ 78.533420180192948, 18.360752352210739, 0.0 ], [ 78.535399041204869, 18.370092744936027, 0.0 ], [ 78.530213591129097, 18.379801213218876, 0.0 ], [ 78.531581792239479, 18.387748771852308, 0.0 ], [ 78.54144534506014, 18.389199236524217, 0.0 ], [ 78.545224380981281, 18.387584386385875, 0.0 ], [ 78.549769165281788, 18.387964680648832, 0.0 ], [ 78.562992231809261, 18.385703048125535, 0.0 ], [ 78.564975160434386, 18.390515435660419, 0.0 ], [ 78.547479428539489, 18.404902494341478, 0.0 ], [ 78.54468246094477, 18.407687624187439, 0.0 ], [ 78.541908466966106, 18.412420419721006, 0.0 ], [ 78.541522400791095, 18.420238729187911, 0.0 ], [ 78.54902895704916, 18.426072903291551, 0.0 ], [ 78.551844055602771, 18.427191996902302, 0.0 ], [ 78.553615393642076, 18.429011004871697, 0.0 ], [ 78.554130083766324, 18.431049015522287, 0.0 ], [ 78.547420196880722, 18.452993415830395, 0.0 ], [ 78.543448995221439, 18.459965387524743, 0.0 ], [ 78.533062860809395, 18.463046905483196, 0.0 ], [ 78.530291779521932, 18.465502165634415, 0.0 ], [ 78.530093435475052, 18.469675438312443, 0.0 ], [ 78.531791665486821, 18.475944559890518, 0.0 ], [ 78.531222564257618, 18.477909373535521, 0.0 ], [ 78.539449315402365, 18.496166669094809, 0.0 ], [ 78.546534091155479, 18.50373627834999, 0.0 ], [ 78.551745213979089, 18.50405026042316, 0.0 ], [ 78.553116975832097, 18.513781713981857, 0.0 ], [ 78.549543674039228, 18.522478461820882, 0.0 ], [ 78.553196113359149, 18.528588667487387, 0.0 ], [ 78.55369723950804, 18.531055710840292, 0.0 ], [ 78.558450628140875, 18.533656042279464, 0.0 ], [ 78.569481208113146, 18.543831163173554, 0.0 ], [ 78.569998176831177, 18.546641635150333, 0.0 ], [ 78.564289148402224, 18.552472833407915, 0.0 ], [ 78.559643142707372, 18.552363132449468, 0.0 ], [ 78.561900710408224, 18.554470855346295, 0.0 ], [ 78.563630452007644, 18.554888660977923, 0.0 ], [ 78.568529886073563, 18.551892086942189, 0.0 ], [ 78.574959200081111, 18.550341309002555, 0.0 ], [ 78.58887795301041, 18.549254866417407, 0.0 ], [ 78.594698648771242, 18.549848825695705, 0.0 ], [ 78.595855870872271, 18.551223580464704, 0.0 ], [ 78.597474000896696, 18.550996394586353, 0.0 ], [ 78.597594482160673, 18.553286369548136, 0.0 ], [ 78.599098681843671, 18.554773564321152, 0.0 ], [ 78.598608698588606, 18.559859521696914, 0.0 ], [ 78.59944271793286, 18.561782548114007, 0.0 ], [ 78.598560099992767, 18.563884710013493, 0.0 ], [ 78.599456196760897, 18.564128063464942, 0.0 ], [ 78.59905831814298, 18.566233994927725, 0.0 ], [ 78.600240533690169, 18.568404177109855, 0.0 ], [ 78.599914773531751, 18.574125628443493, 0.0 ], [ 78.61364034838347, 18.589748095209572, 0.0 ], [ 78.615148827848998, 18.59103542987862, 0.0 ], [ 78.617359544786666, 18.591259601012968, 0.0 ], [ 78.595792932085004, 18.597335076661825, 0.0 ], [ 78.586260593668868, 18.598801650547422, 0.0 ], [ 78.594095608055184, 18.613155256968358, 0.0 ], [ 78.596576758501982, 18.623332253931892, 0.0 ], [ 78.596586368354593, 18.641541804954418, 0.0 ], [ 78.597630725161508, 18.648837727680625, 0.0 ], [ 78.600753250263111, 18.657172477909178, 0.0 ], [ 78.604929761927494, 18.662365343426654, 0.0 ], [ 78.603640802844382, 18.667285131737888, 0.0 ], [ 78.591573327430012, 18.673554593506974, 0.0 ], [ 78.58833113700247, 18.677386236772762, 0.0 ], [ 78.616207657758238, 18.690104197783672, 0.0 ], [ 78.626089441234456, 18.688046768863256, 0.0 ], [ 78.633409644493995, 18.683492284744485, 0.0 ], [ 78.631609482584722, 18.677485877754396, 0.0 ], [ 78.632799338290027, 18.673949326577056, 0.0 ], [ 78.633660262876958, 18.67260275582111, 0.0 ], [ 78.636825128945759, 18.673316366110683, 0.0 ], [ 78.637900837785523, 18.672242838814427, 0.0 ], [ 78.652782731608596, 18.638668483551779, 0.0 ], [ 78.664299072571836, 18.63354346323861, 0.0 ], [ 78.669892122154394, 18.623325722435315, 0.0 ], [ 78.68337114961777, 18.631851043324573, 0.0 ], [ 78.684561036285274, 18.634359455188612, 0.0 ], [ 78.688009118408999, 18.633042321591894, 0.0 ], [ 78.688152079277117, 18.63397418338225, 0.0 ], [ 78.690053335232832, 18.632856216353634, 0.0 ], [ 78.696666614878481, 18.641839063017692, 0.0 ], [ 78.706123816709464, 18.641073444947128, 0.0 ], [ 78.709103514466079, 18.639146629018008, 0.0 ], [ 78.715346127224279, 18.637472833351321, 0.0 ], [ 78.718612555967056, 18.63371402403731, 0.0 ], [ 78.721934059894409, 18.632209952040835, 0.0 ], [ 78.723500942963923, 18.632927737308165, 0.0 ], [ 78.725507745661417, 18.631647654477149, 0.0 ], [ 78.7271157760796, 18.631995282209211, 0.0 ], [ 78.730594805508929, 18.630365949735662, 0.0 ], [ 78.734215454074459, 18.629835500452703, 0.0 ], [ 78.745347266071533, 18.62984092356448, 0.0 ], [ 78.748650953402603, 18.631354297685792, 0.0 ], [ 78.754468645920554, 18.630493566110278, 0.0 ], [ 78.754682660805585, 18.626704870442317, 0.0 ], [ 78.760547959308369, 18.618882299502747, 0.0 ], [ 78.769343807313206, 18.620394610735261, 0.0 ], [ 78.791555271822006, 18.620825436840661, 0.0 ], [ 78.800591429409437, 18.612186691518758, 0.0 ], [ 78.812403396686847, 18.604644602701089, 0.0 ], [ 78.815227423906492, 18.605746613698166, 0.0 ], [ 78.824580740881544, 18.604667699276366, 0.0 ], [ 78.83292221211569, 18.595561236561693, 0.0 ], [ 78.839691563053464, 18.591832220879901, 0.0 ], [ 78.850746530664509, 18.588330145497768, 0.0 ], [ 78.855184629354, 18.587361218019531, 0.0 ], [ 78.862778737889329, 18.592538121706983, 0.0 ], [ 78.871535624786475, 18.587305108011133, 0.0 ], [ 78.873681842645496, 18.586747642009271, 0.0 ], [ 78.87997212255199, 18.590942638869819, 0.0 ], [ 78.886127164728251, 18.59663193544284, 0.0 ], [ 78.893311183931957, 18.597074318993464, 0.0 ], [ 78.901496019718749, 18.577730821586361, 0.0 ], [ 78.900110121098351, 18.571106110122226, 0.0 ], [ 78.897243724402813, 18.564773052528206, 0.0 ], [ 78.898974163900704, 18.562883792872039, 0.0 ], [ 78.89712262034385, 18.559332365086625, 0.0 ], [ 78.900389026886756, 18.557870304587915, 0.0 ], [ 78.899942204239863, 18.554595874296734, 0.0 ], [ 78.901396592005483, 18.554005825573082, 0.0 ], [ 78.90084074830483, 18.552465496417259, 0.0 ], [ 78.90282687977809, 18.549990844403951, 0.0 ], [ 78.904660891066328, 18.551635491716738, 0.0 ], [ 78.910772825904331, 18.570114486473798, 0.0 ], [ 78.916301737225169, 18.575342066931256, 0.0 ], [ 78.919394603674363, 18.572514044144796, 0.0 ], [ 78.924222363934632, 18.570132340004733, 0.0 ], [ 78.926610393864394, 18.565984287260047, 0.0 ], [ 78.928811721352375, 18.566176573312713, 0.0 ], [ 78.930624457338453, 18.571688240861395, 0.0 ], [ 78.9387861581789, 18.58367074719127, 0.0 ], [ 78.944808364494264, 18.581821461975323, 0.0 ], [ 78.945045942921496, 18.582329189056864, 0.0 ], [ 78.948546190893737, 18.580664755580177, 0.0 ], [ 78.953728235831065, 18.580196132877006, 0.0 ], [ 78.953267681714635, 18.579126595943265, 0.0 ], [ 78.957086417114454, 18.576709860927352, 0.0 ], [ 78.956015886742037, 18.569504938583005, 0.0 ], [ 78.952987073560479, 18.563722634564677, 0.0 ], [ 78.952040337751328, 18.55944625563011, 0.0 ], [ 78.94900032683816, 18.553916789064363, 0.0 ], [ 78.952914761277896, 18.552517358959555, 0.0 ], [ 78.956184215350589, 18.5482080480603, 0.0 ], [ 78.955996677775872, 18.546769985114402, 0.0 ], [ 78.956825914585721, 18.545542478132798, 0.0 ], [ 78.956365898331981, 18.543808675373693, 0.0 ], [ 78.95919767528946, 18.542713072943457, 0.0 ], [ 78.959281040955219, 18.538154893701275, 0.0 ], [ 78.960740795624957, 18.536240615597986, 0.0 ], [ 78.960580615442453, 18.534929274862229, 0.0 ], [ 78.958027611338167, 18.532525345623345, 0.0 ], [ 78.956885657615629, 18.527786597790637, 0.0 ], [ 78.957357105037218, 18.527469231657307, 0.0 ], [ 78.954727779284553, 18.523948734644474, 0.0 ], [ 78.954082215025693, 18.513357877247316, 0.0 ], [ 78.961179343536841, 18.510643774526411, 0.0 ], [ 78.964955326127338, 18.508063800046646, 0.0 ], [ 78.971310106285046, 18.501512470294987, 0.0 ], [ 78.98178485890277, 18.49675686657892, 0.0 ], [ 78.979861057089209, 18.487164448533274, 0.0 ], [ 78.980163469344902, 18.485417976033094, 0.0 ], [ 78.985311816721762, 18.47369765252828, 0.0 ], [ 78.987050996907058, 18.466177840316742, 0.0 ], [ 78.987997958030022, 18.454563191185795, 0.0 ], [ 78.989101399350929, 18.453911272660836, 0.0 ], [ 78.991173803381685, 18.44796600180533, 0.0 ], [ 78.991474351433709, 18.440923819007242, 0.0 ], [ 78.978304636212215, 18.441983014367462, 0.0 ], [ 78.974143654604518, 18.427358704641549, 0.0 ], [ 78.976074623052952, 18.425601140731217, 0.0 ], [ 78.978199403314051, 18.420230174063679, 0.0 ], [ 78.981084094599382, 18.420002102834228, 0.0 ], [ 78.986374669397591, 18.417183760872746, 0.0 ], [ 78.989374126018078, 18.417412785811617, 0.0 ], [ 78.988603482695609, 18.415450852295216, 0.0 ], [ 78.990298628999483, 18.412945879958542, 0.0 ], [ 78.991007580502384, 18.409412830552228, 0.0 ], [ 78.995594515693924, 18.403855593970885, 0.0 ], [ 78.997087833041377, 18.399867041424809, 0.0 ], [ 79.006024100986608, 18.400530470534989, 0.0 ], [ 79.018082643766448, 18.399543231615809, 0.0 ], [ 79.016317132384984, 18.393932433632187, 0.0 ], [ 79.009211076470535, 18.39103195419445, 0.0 ], [ 79.006188251412723, 18.388344853027132, 0.0 ], [ 79.00540905041774, 18.386256387267284, 0.0 ], [ 79.006302184556901, 18.380862750217659, 0.0 ], [ 79.008639526013965, 18.38033232586502, 0.0 ], [ 79.008688448003667, 18.378267620123889, 0.0 ], [ 79.019344611723326, 18.375417820933908, 0.0 ], [ 79.022683918286873, 18.371938870277699, 0.0 ], [ 79.022776820476764, 18.369038554149604, 0.0 ], [ 79.024738272366719, 18.366236902902635, 0.0 ], [ 79.020502844797335, 18.359958256377823, 0.0 ], [ 79.018033284576262, 18.357998121120797, 0.0 ], [ 79.016516236124815, 18.352736812482824, 0.0 ], [ 79.011346202486962, 18.345601970171757, 0.0 ], [ 79.013425292679571, 18.341633959293638, 0.0 ], [ 79.012212173449143, 18.336276648563388, 0.0 ], [ 79.015230584034768, 18.332596667691767, 0.0 ], [ 79.018806798752564, 18.332106300570498, 0.0 ], [ 79.020416719357712, 18.330693943275843, 0.0 ], [ 79.021290781863513, 18.323365836774855, 0.0 ], [ 79.018843041479059, 18.319819715209135, 0.0 ], [ 79.019853596469105, 18.31757635559396, 0.0 ], [ 79.019245208156207, 18.315448245528188, 0.0 ], [ 79.016079497544965, 18.313022328831728, 0.0 ], [ 79.01491568905476, 18.31114342202584, 0.0 ], [ 79.005418511257119, 18.307019353615544, 0.0 ], [ 79.003760914249611, 18.30416090835557, 0.0 ], [ 79.002071809956263, 18.304786256927009, 0.0 ], [ 79.000781133363475, 18.302820572604823, 0.0 ], [ 78.995074452670352, 18.302965869822135, 0.0 ], [ 78.991434768699477, 18.301331543462517, 0.0 ], [ 78.989323094585046, 18.293584730182403, 0.0 ], [ 78.987571768176096, 18.2912586470813, 0.0 ], [ 78.987168762623966, 18.289538575523526, 0.0 ], [ 78.989696945055229, 18.286221346271795, 0.0 ], [ 78.986776764925651, 18.277221535366074, 0.0 ], [ 78.987128529531731, 18.269668206216636, 0.0 ], [ 78.988173857852757, 18.268450894426234, 0.0 ], [ 78.987436584892308, 18.265919486711592, 0.0 ], [ 78.990777225890682, 18.262702933861025, 0.0 ], [ 78.989035863980334, 18.259726120846217, 0.0 ], [ 78.985905309161467, 18.259645314143683, 0.0 ], [ 78.978082799565328, 18.257099874146888, 0.0 ], [ 78.970823351797478, 18.256989452901152, 0.0 ], [ 78.957324554393239, 18.252138518306161, 0.0 ], [ 78.954287812232479, 18.253377516852769, 0.0 ], [ 78.949079196320653, 18.25291056694039, 0.0 ], [ 78.944504150523215, 18.253672697060104, 0.0 ], [ 78.943612962040206, 18.252147807961627, 0.0 ], [ 78.941372752500925, 18.253121291713299, 0.0 ], [ 78.939953184189065, 18.252600283426013, 0.0 ], [ 78.940367832582012, 18.253981577393503, 0.0 ], [ 78.933390222399694, 18.255896543982939, 0.0 ], [ 78.914534501762091, 18.255613243828485, 0.0 ], [ 78.910511569405045, 18.25301657439876, 0.0 ], [ 78.907902593026307, 18.252793821522609, 0.0 ], [ 78.891390682761184, 18.244752969427413, 0.0 ], [ 78.890075067522957, 18.239103139659253, 0.0 ], [ 78.881147451690055, 18.241765513726545, 0.0 ], [ 78.868985520731883, 18.240344641265231, 0.0 ], [ 78.855748046451765, 18.234666794431387, 0.0 ], [ 78.851326053883241, 18.239712340042125, 0.0 ], [ 78.849148356426582, 18.243893891617638, 0.0 ], [ 78.845759806775618, 18.246954301992712, 0.0 ], [ 78.842128365898191, 18.248512481192833, 0.0 ], [ 78.83987137593931, 18.248056648358464, 0.0 ], [ 78.837373143969074, 18.248724212489673, 0.0 ], [ 78.835408508944809, 18.250051089536687, 0.0 ], [ 78.83168479393116, 18.24966065686252, 0.0 ], [ 78.829309439907703, 18.250889391572564, 0.0 ], [ 78.829428114161715, 18.252494584091085, 0.0 ], [ 78.828201780594668, 18.253208120053642, 0.0 ], [ 78.827669874393706, 18.252354363293669, 0.0 ], [ 78.825657978105468, 18.253658186485985, 0.0 ], [ 78.822652479203683, 18.253896841835054, 0.0 ], [ 78.821284469479096, 18.252919019262936, 0.0 ], [ 78.817568669338385, 18.25270461783045, 0.0 ], [ 78.816702853108808, 18.253294366015048, 0.0 ], [ 78.810737505818153, 18.252858771152745, 0.0 ], [ 78.798456726076282, 18.254194076977942, 0.0 ], [ 78.792733566662108, 18.253651481966504, 0.0 ], [ 78.775852300228891, 18.261225915128044, 0.0 ], [ 78.769112783091714, 18.262744234214395, 0.0 ], [ 78.767533629940147, 18.257855405987776, 0.0 ], [ 78.762922269905729, 18.25089021912795, 0.0 ], [ 78.761046120617124, 18.245393203807957, 0.0 ], [ 78.761462294665307, 18.240615307526095, 0.0 ], [ 78.760062123876935, 18.239044843750655, 0.0 ], [ 78.758982883429454, 18.235420680803259, 0.0 ], [ 78.75319344535977, 18.229146113889822, 0.0 ], [ 78.749982339220153, 18.221206732298945, 0.0 ], [ 78.742748567620282, 18.216280287291077, 0.0 ], [ 78.734511224680318, 18.214653356577859, 0.0 ], [ 78.72336212845002, 18.215505788586199, 0.0 ], [ 78.723654287455332, 18.217184827944092, 0.0 ], [ 78.727350693357693, 18.221020634565047, 0.0 ], [ 78.727118723457195, 18.226785313957151, 0.0 ], [ 78.726585537641256, 18.227698247579987, 0.0 ], [ 78.718271026957325, 18.2319089757138, 0.0 ], [ 78.711477068922719, 18.234261151244162, 0.0 ], [ 78.70266157718271, 18.234770338582841, 0.0 ], [ 78.700403492107327, 18.231402662230753, 0.0 ], [ 78.690037014984156, 18.229855571295353, 0.0 ], [ 78.685032700526861, 18.23298572886144, 0.0 ], [ 78.676336083173922, 18.235442646086071, 0.0 ], [ 78.670144444013502, 18.24160831024691, 0.0 ], [ 78.663353456805766, 18.241035018721366, 0.0 ], [ 78.663134345905448, 18.244219147463056, 0.0 ], [ 78.659759241255358, 18.244018433836647, 0.0 ], [ 78.659966555440406, 18.246112646249411, 0.0 ], [ 78.645352521105565, 18.253027534951329, 0.0 ], [ 78.644863510935267, 18.253719183020216, 0.0 ], [ 78.645536066741315, 18.25512149070099, 0.0 ], [ 78.641236725186317, 18.256593624118164, 0.0 ], [ 78.632121533125826, 18.254679543512683, 0.0 ], [ 78.631060220375019, 18.250901270152202, 0.0 ], [ 78.628183027775407, 18.246614570858572, 0.0 ], [ 78.617332551432597, 18.249615158027193, 0.0 ], [ 78.616104594483588, 18.247959400369215, 0.0 ], [ 78.58856573361318, 18.248673553414584, 0.0 ] ] ] } },
{ "type": "Feature", "properties": { "DISTRICT": "RANGA REDDY", "Dist_LGD": "537" }, "geometry": { "type": "MultiPolygon", "coordinates": [ [ [ [ 77.999765711019208, 16.979985280888162, 0.0 ], [ 77.994847363659787, 16.987936984308007, 0.0 ], [ 77.983784143702962, 16.996421398194322, 0.0 ], [ 77.978114846255778, 17.004598347839185, 0.0 ], [ 77.977542471100946, 17.007449651817748, 0.0 ], [ 77.978346580873236, 17.010357854952595, 0.0 ], [ 77.968471680047557, 17.012904246444936, 0.0 ], [ 77.967810482901953, 17.014248576109416, 0.0 ], [ 77.958830800715276, 17.013689293339201, 0.0 ], [ 77.953647649765387, 17.014680983779229, 0.0 ], [ 77.948356316644094, 17.017122940514014, 0.0 ], [ 77.950816585145461, 17.020607373172247, 0.0 ], [ 77.946420990067423, 17.020654148673568, 0.0 ], [ 77.943997158954886, 17.021629000486936, 0.0 ], [ 77.940278465418643, 17.024211717596526, 0.0 ], [ 77.938494042043175, 17.027324192176, 0.0 ], [ 77.935021600648582, 17.028308855355512, 0.0 ], [ 77.934535140950501, 17.032097117186101, 0.0 ], [ 77.933022711864183, 17.03308740625295, 0.0 ], [ 77.932343666360907, 17.037936035368148, 0.0 ], [ 77.930715133588336, 17.039897238910747, 0.0 ], [ 77.931914575143239, 17.043805186498865, 0.0 ], [ 77.931112010490423, 17.047304701261496, 0.0 ], [ 77.932266321947182, 17.047472435290043, 0.0 ], [ 77.932293712903942, 17.048246018924704, 0.0 ], [ 77.929511234359282, 17.050012253627013, 0.0 ], [ 77.926823904992119, 17.050242079770452, 0.0 ], [ 77.922822787483767, 17.052074946542099, 0.0 ], [ 77.923533170833934, 17.057062461791421, 0.0 ], [ 77.922953168117772, 17.063662358864018, 0.0 ], [ 77.924244855156957, 17.066273662990383, 0.0 ], [ 77.934549463010981, 17.070689704243843, 0.0 ], [ 77.942172644980346, 17.075611151904685, 0.0 ], [ 77.949095502760201, 17.07582534454491, 0.0 ], [ 77.949264002565982, 17.080969073919608, 0.0 ], [ 77.93823657855431, 17.082170664083371, 0.0 ], [ 77.933903632648125, 17.085609577631569, 0.0 ], [ 77.934190685953396, 17.08630937084282, 0.0 ], [ 77.936782246880881, 17.086616385005932, 0.0 ], [ 77.942739639666755, 17.089148211470118, 0.0 ], [ 77.946741421710257, 17.091665319938951, 0.0 ], [ 77.947830969831571, 17.093220428489555, 0.0 ], [ 77.948574588061462, 17.092799734377806, 0.0 ], [ 77.951040025722776, 17.093774407085284, 0.0 ], [ 77.954286306801279, 17.095816526603699, 0.0 ], [ 77.954229530248995, 17.099483323122598, 0.0 ], [ 77.96267974294274, 17.099471100030176, 0.0 ], [ 77.971904593562925, 17.101018951080995, 0.0 ], [ 77.975343750635574, 17.09977555300441, 0.0 ], [ 77.979507642669304, 17.101801070952177, 0.0 ], [ 77.98235920212548, 17.1020111203215, 0.0 ], [ 77.983685687599461, 17.104188326915708, 0.0 ], [ 77.990088282751572, 17.103612724205512, 0.0 ], [ 77.992341815497753, 17.10980286582188, 0.0 ], [ 77.991105359987372, 17.111990568444188, 0.0 ], [ 77.992974150289939, 17.114065620951983, 0.0 ], [ 77.993447741525813, 17.122663129199296, 0.0 ], [ 77.991598771553697, 17.122722730568601, 0.0 ], [ 77.991741622833558, 17.128490097561656, 0.0 ], [ 77.994212029364363, 17.131340900301478, 0.0 ], [ 77.996639328186447, 17.131667957508451, 0.0 ], [ 77.998761173681785, 17.13382737064611, 0.0 ], [ 78.002595931861563, 17.141473836901451, 0.0 ], [ 78.004054743884737, 17.147717742769107, 0.0 ], [ 78.011408600751054, 17.14790335339427, 0.0 ], [ 78.01117997026509, 17.150735995969281, 0.0 ], [ 78.013090957771482, 17.152490180591691, 0.0 ], [ 78.016126565540205, 17.16575699000914, 0.0 ], [ 78.021629629574718, 17.166540019422481, 0.0 ], [ 78.023463009679304, 17.167379943485056, 0.0 ], [ 78.023579372077194, 17.168226819189883, 0.0 ], [ 78.032027364442129, 17.168618882477851, 0.0 ], [ 78.041229032619356, 17.166667842145213, 0.0 ], [ 78.044291963308055, 17.168882769311029, 0.0 ], [ 78.042974345168446, 17.17382365522624, 0.0 ], [ 78.042956654509652, 17.179760793572108, 0.0 ], [ 78.043817966220672, 17.185378041355793, 0.0 ], [ 78.045341807698463, 17.188045393097415, 0.0 ], [ 78.041521910032756, 17.188037527161196, 0.0 ], [ 78.040921155372871, 17.188677233959094, 0.0 ], [ 78.043936808413022, 17.19431922812343, 0.0 ], [ 78.046999931162532, 17.20862115761232, 0.0 ], [ 78.051963252421572, 17.212811262304118, 0.0 ], [ 78.044493955123215, 17.232612473121289, 0.0 ], [ 78.044425008893299, 17.234366085562105, 0.0 ], [ 78.047060996720617, 17.236553467568033, 0.0 ], [ 78.051043425578527, 17.235681393789001, 0.0 ], [ 78.050885082309705, 17.243864112045525, 0.0 ], [ 78.058181104504357, 17.2489943052881, 0.0 ], [ 78.059476808501145, 17.251903022647674, 0.0 ], [ 78.048587489930824, 17.26623879232115, 0.0 ], [ 78.046676822034243, 17.273017576729558, 0.0 ], [ 78.043452981883263, 17.275277427818821, 0.0 ], [ 78.045761628973409, 17.284130604110889, 0.0 ], [ 78.047204538549707, 17.295614351126307, 0.0 ], [ 78.044124726628581, 17.296483099909377, 0.0 ], [ 78.042027368646316, 17.298597836649069, 0.0 ], [ 78.037972075316446, 17.299545809646148, 0.0 ], [ 78.035627389699727, 17.301842909447991, 0.0 ], [ 78.031594005776583, 17.303292865428279, 0.0 ], [ 78.032573476105341, 17.30888854566663, 0.0 ], [ 78.014837645794287, 17.312146127620629, 0.0 ], [ 78.013623988510446, 17.3135698498808, 0.0 ], [ 78.012968820469723, 17.31996044424714, 0.0 ], [ 78.009559701397919, 17.32039990698204, 0.0 ], [ 78.007895016955317, 17.325092056234123, 0.0 ], [ 78.007850280512315, 17.327497129199557, 0.0 ], [ 78.005378643745757, 17.328250431652386, 0.0 ], [ 78.006765299920843, 17.337328155415001, 0.0 ], [ 78.005653318429694, 17.338138028680589, 0.0 ], [ 78.00816748314115, 17.341852614513382, 0.0 ], [ 78.012638426186967, 17.344581658004294, 0.0 ], [ 78.017229081511402, 17.344454791582461, 0.0 ], [ 78.017115207433051, 17.346130520978718, 0.0 ], [ 78.020862489775013, 17.355497826409898, 0.0 ], [ 78.021477749742715, 17.363092204780095, 0.0 ], [ 78.023026869088341, 17.364209019195126, 0.0 ], [ 78.023256188546341, 17.366192126635294, 0.0 ], [ 78.021756905781643, 17.367847705160148, 0.0 ], [ 78.022083531934697, 17.370315657864733, 0.0 ], [ 78.025215309849173, 17.370284310221301, 0.0 ], [ 78.028012798618704, 17.375860306963258, 0.0 ], [ 78.031018680562809, 17.377229004567674, 0.0 ], [ 78.032925271012587, 17.379150124920049, 0.0 ], [ 78.034568856450193, 17.386643277261239, 0.0 ], [ 78.036189290555583, 17.388108975040257, 0.0 ], [ 78.036004353168394, 17.390837867252831, 0.0 ], [ 78.043729537439532, 17.397085302059878, 0.0 ], [ 78.047141726893699, 17.401401964804961, 0.0 ], [ 78.05130255538333, 17.412179424057037, 0.0 ], [ 78.057393936665903, 17.411665993893017, 0.0 ], [ 78.058072452969625, 17.410502666991654, 0.0 ], [ 78.064168993828133, 17.411087894254766, 0.0 ], [ 78.069603683373046, 17.409974248049348, 0.0 ], [ 78.072233898608943, 17.413612345777473, 0.0 ], [ 78.072342651171581, 17.424248252451285, 0.0 ], [ 78.071500969864758, 17.426797782008045, 0.0 ], [ 78.073009735956447, 17.429735853791836, 0.0 ], [ 78.072349632933339, 17.437790072586711, 0.0 ], [ 78.068568355019679, 17.443403323680371, 0.0 ], [ 78.063346622424646, 17.447399541386304, 0.0 ], [ 78.062824709392004, 17.450368628032635, 0.0 ], [ 78.063553810089161, 17.45159321638474, 0.0 ], [ 78.070286883654092, 17.456042241540285, 0.0 ], [ 78.068047970647825, 17.457634245697175, 0.0 ], [ 78.067688450442603, 17.456303034238363, 0.0 ], [ 78.06592120926318, 17.458477250968645, 0.0 ], [ 78.064100290529936, 17.459339082788059, 0.0 ], [ 78.063171573137765, 17.468355846819279, 0.0 ], [ 78.062022710720072, 17.469213242213137, 0.0 ], [ 78.060972552013027, 17.472293870132635, 0.0 ], [ 78.057346966334308, 17.472985569658629, 0.0 ], [ 78.055713900892755, 17.471907822901912, 0.0 ], [ 78.054531000186373, 17.472556819616777, 0.0 ], [ 78.053910769553298, 17.472117602245554, 0.0 ], [ 78.053054294371464, 17.472900435456641, 0.0 ], [ 78.053693208878471, 17.475425527440816, 0.0 ], [ 78.052131309498748, 17.475029670590175, 0.0 ], [ 78.04982616327348, 17.476729854332284, 0.0 ], [ 78.052870234614332, 17.483397340802593, 0.0 ], [ 78.055933477522146, 17.483320946208416, 0.0 ], [ 78.063719325015398, 17.4858730321947, 0.0 ], [ 78.064282651114652, 17.49032492829545, 0.0 ], [ 78.066037855759433, 17.494507769957661, 0.0 ], [ 78.06565968105275, 17.502242585550807, 0.0 ], [ 78.058767463943511, 17.504691787872972, 0.0 ], [ 78.058151675040762, 17.509124683520774, 0.0 ], [ 78.066871062921805, 17.50781817988393, 0.0 ], [ 78.071624636873921, 17.513985124851203, 0.0 ], [ 78.070869233997541, 17.518683274429932, 0.0 ], [ 78.082184440352478, 17.516682187335267, 0.0 ], [ 78.083179501108475, 17.505512259040774, 0.0 ], [ 78.082892618074467, 17.503935621699579, 0.0 ], [ 78.080739683301303, 17.501989633637773, 0.0 ], [ 78.083476298988231, 17.502082474620181, 0.0 ], [ 78.083544317707918, 17.498757923381334, 0.0 ], [ 78.086815174360709, 17.497859911559111, 0.0 ], [ 78.087117825248427, 17.497147639694209, 0.0 ], [ 78.093000722535606, 17.497319921458892, 0.0 ], [ 78.102586557597192, 17.494779581036266, 0.0 ], [ 78.108894740549204, 17.492148019706423, 0.0 ], [ 78.11079478477339, 17.484304533731652, 0.0 ], [ 78.115837432639808, 17.485741111984893, 0.0 ], [ 78.117994343688707, 17.483944765665392, 0.0 ], [ 78.121158423169518, 17.486484901363273, 0.0 ], [ 78.127255544372233, 17.486322362769634, 0.0 ], [ 78.129188467906104, 17.489747661828012, 0.0 ], [ 78.130686289281343, 17.490443053144983, 0.0 ], [ 78.134857957489317, 17.489714897453663, 0.0 ], [ 78.14093715253172, 17.487365620747916, 0.0 ], [ 78.145360088215327, 17.484411765750874, 0.0 ], [ 78.144491271502176, 17.470336524999549, 0.0 ], [ 78.153116000483379, 17.466926881852537, 0.0 ], [ 78.164740559452085, 17.463774481603686, 0.0 ], [ 78.169852621627967, 17.463524795746277, 0.0 ], [ 78.173108939413041, 17.466896911189185, 0.0 ], [ 78.178976862631686, 17.469460299173058, 0.0 ], [ 78.179106279304776, 17.470506227947123, 0.0 ], [ 78.180988444473272, 17.470262954895702, 0.0 ], [ 78.182530041347036, 17.472972693852252, 0.0 ], [ 78.192180997963916, 17.478714473586475, 0.0 ], [ 78.193715779524823, 17.482370197544714, 0.0 ], [ 78.191257009585925, 17.485869111646338, 0.0 ], [ 78.192114518907388, 17.487422297705013, 0.0 ], [ 78.197989674961406, 17.488601967591787, 0.0 ], [ 78.202454796972404, 17.487725964847012, 0.0 ], [ 78.203962561632849, 17.489747011929833, 0.0 ], [ 78.207811843993511, 17.48909158223038, 0.0 ], [ 78.213882115565482, 17.486313212245353, 0.0 ], [ 78.213840219552367, 17.482216423313297, 0.0 ], [ 78.215911789891393, 17.475149238824411, 0.0 ], [ 78.215053110000781, 17.464335284030941, 0.0 ], [ 78.219148761003098, 17.45627144932854, 0.0 ], [ 78.217964180425696, 17.43886566125348, 0.0 ], [ 78.228168564362207, 17.43910123003786, 0.0 ], [ 78.232240572514428, 17.43350957107576, 0.0 ], [ 78.233103810729872, 17.428754891999976, 0.0 ], [ 78.244773793507363, 17.429819881448157, 0.0 ], [ 78.250828262388893, 17.42771897400738, 0.0 ], [ 78.262892859418983, 17.428222331466777, 0.0 ], [ 78.270170927774032, 17.429790625135816, 0.0 ], [ 78.270894219367193, 17.43131935275872, 0.0 ], [ 78.275633219850761, 17.435025676256682, 0.0 ], [ 78.288195974863655, 17.431512489004174, 0.0 ], [ 78.289996573887308, 17.436430976396, 0.0 ], [ 78.290016999602003, 17.442150804402381, 0.0 ], [ 78.294068404626643, 17.452596412683469, 0.0 ], [ 78.296984186664503, 17.456388297378599, 0.0 ], [ 78.301267790736034, 17.459620179750086, 0.0 ], [ 78.301871046958155, 17.462547089501459, 0.0 ], [ 78.300618554464123, 17.473851044616953, 0.0 ], [ 78.299226152910293, 17.47871965569524, 0.0 ], [ 78.298082683554469, 17.47985191197807, 0.0 ], [ 78.291632778356316, 17.48041279837096, 0.0 ], [ 78.286861836534527, 17.482343979056864, 0.0 ], [ 78.281898041000119, 17.487519467390054, 0.0 ], [ 78.281817995673762, 17.489844544224624, 0.0 ], [ 78.284476775385798, 17.491232480685177, 0.0 ], [ 78.309271605203378, 17.49045195139049, 0.0 ], [ 78.316331239603031, 17.49367498128721, 0.0 ], [ 78.31771256749451, 17.494887952020147, 0.0 ], [ 78.31776470262993, 17.496136283640887, 0.0 ], [ 78.314334361477208, 17.50123289210347, 0.0 ], [ 78.314547680755112, 17.503237968868177, 0.0 ], [ 78.30819354500612, 17.507684964247602, 0.0 ], [ 78.307528203777252, 17.510309470041555, 0.0 ], [ 78.308867667194988, 17.511042147924226, 0.0 ], [ 78.312548213502041, 17.511003061823882, 0.0 ], [ 78.312954188545689, 17.509239419245358, 0.0 ], [ 78.337772881897521, 17.506621428736842, 0.0 ], [ 78.337048193558374, 17.503982637075616, 0.0 ], [ 78.338648943586875, 17.506232423117858, 0.0 ], [ 78.343412741402361, 17.517814248393726, 0.0 ], [ 78.344227412540121, 17.517867758667926, 0.0 ], [ 78.34769874786231, 17.52273132256455, 0.0 ], [ 78.355530815727917, 17.520133687330446, 0.0 ], [ 78.371537338573759, 17.519362678490552, 0.0 ], [ 78.375014438933349, 17.511566531725148, 0.0 ], [ 78.382199255175408, 17.509033733910258, 0.0 ], [ 78.379732558301072, 17.500970484306567, 0.0 ], [ 78.374669277240415, 17.495996495954788, 0.0 ], [ 78.372974239719326, 17.480665888117311, 0.0 ], [ 78.373466735266746, 17.478252055184136, 0.0 ], [ 78.382000111539725, 17.472016149022174, 0.0 ], [ 78.388221658780907, 17.462542340880933, 0.0 ], [ 78.393192596300224, 17.459819938039441, 0.0 ], [ 78.394877953764194, 17.448492559633127, 0.0 ], [ 78.402852826572612, 17.448498753145817, 0.0 ], [ 78.404671435561667, 17.447576192686789, 0.0 ], [ 78.404916340694726, 17.444929060367851, 0.0 ], [ 78.408963351639812, 17.441767648572061, 0.0 ], [ 78.408644231107743, 17.439888165494587, 0.0 ], [ 78.409845721120547, 17.43542376498749, 0.0 ], [ 78.409010739418008, 17.434217495052703, 0.0 ], [ 78.405051611998758, 17.432686506573958, 0.0 ], [ 78.401420881766271, 17.426433960735981, 0.0 ], [ 78.401303062871591, 17.424239892764238, 0.0 ], [ 78.395681641978015, 17.424026212472903, 0.0 ], [ 78.394961613559289, 17.423092262033808, 0.0 ], [ 78.395705601058538, 17.421788373893968, 0.0 ], [ 78.400153542685374, 17.419413309703696, 0.0 ], [ 78.403999078033294, 17.407718050382609, 0.0 ], [ 78.40293311174598, 17.406102396098063, 0.0 ], [ 78.399222717549989, 17.405161572971821, 0.0 ], [ 78.397870383832327, 17.403904887849794, 0.0 ], [ 78.39460327900801, 17.403782214300396, 0.0 ], [ 78.392740587660171, 17.40181955645026, 0.0 ], [ 78.392717659942036, 17.399558680333953, 0.0 ], [ 78.394899372887437, 17.398558361208536, 0.0 ], [ 78.395526576554388, 17.39673338085889, 0.0 ], [ 78.392205314044901, 17.392884420803487, 0.0 ], [ 78.391868097405847, 17.391393627557651, 0.0 ], [ 78.392300367308678, 17.390606563149525, 0.0 ], [ 78.395461442580853, 17.390049955821897, 0.0 ], [ 78.395104047401688, 17.386044957142577, 0.0 ], [ 78.389444194190688, 17.382936938942816, 0.0 ], [ 78.385157809692487, 17.383052726860548, 0.0 ], [ 78.379388541822181, 17.379197399359665, 0.0 ], [ 78.369160761112937, 17.379208454237276, 0.0 ], [ 78.367884944361776, 17.378743540185553, 0.0 ], [ 78.367599637193166, 17.377266671582102, 0.0 ], [ 78.367952696323698, 17.376406579025637, 0.0 ], [ 78.371779575522865, 17.374794475910623, 0.0 ], [ 78.373885048636694, 17.372993290305754, 0.0 ], [ 78.376863258186717, 17.372344806688201, 0.0 ], [ 78.379494754919421, 17.373727442331798, 0.0 ], [ 78.388096936869246, 17.371145077027283, 0.0 ], [ 78.397825141962969, 17.370707749890233, 0.0 ], [ 78.40229095283344, 17.37272312944452, 0.0 ], [ 78.406245528735354, 17.371468782446559, 0.0 ], [ 78.410701100130311, 17.372249535820352, 0.0 ], [ 78.41474050390616, 17.370973358471005, 0.0 ], [ 78.428628938860541, 17.372976142485182, 0.0 ], [ 78.426958157251818, 17.360394620026263, 0.0 ], [ 78.428287528989628, 17.359344922395191, 0.0 ], [ 78.432851133951615, 17.359235517939531, 0.0 ], [ 78.436643182380024, 17.355031123038049, 0.0 ], [ 78.441956104655546, 17.351686741535254, 0.0 ], [ 78.442325871727505, 17.349203490267598, 0.0 ], [ 78.441111322184412, 17.346939996145288, 0.0 ], [ 78.438807250426592, 17.346212394946459, 0.0 ], [ 78.429692491230767, 17.35157251886767, 0.0 ], [ 78.427201739972389, 17.351132218027463, 0.0 ], [ 78.425973431609066, 17.348850588068313, 0.0 ], [ 78.429183345265713, 17.34582067714366, 0.0 ], [ 78.423274321400669, 17.343633523462049, 0.0 ], [ 78.423481814113899, 17.340927150477807, 0.0 ], [ 78.426936286729287, 17.339242535275197, 0.0 ], [ 78.431936015264043, 17.339698035991798, 0.0 ], [ 78.440094695160184, 17.336571236853679, 0.0 ], [ 78.442210688488629, 17.333666258865428, 0.0 ], [ 78.442170959109987, 17.329365821034234, 0.0 ], [ 78.443429537298272, 17.327406692117936, 0.0 ], [ 78.451722845070918, 17.323936999006879, 0.0 ], [ 78.453446167684888, 17.31938224761949, 0.0 ], [ 78.454459376646852, 17.308413470331892, 0.0 ], [ 78.460201097842017, 17.298982176780761, 0.0 ], [ 78.461152455458304, 17.298475767161932, 0.0 ], [ 78.464128424459318, 17.298816179112816, 0.0 ], [ 78.467593999928184, 17.297786680638893, 0.0 ], [ 78.468892766540989, 17.298273878078135, 0.0 ], [ 78.468928192514156, 17.305784608886626, 0.0 ], [ 78.472672022243856, 17.310640301500772, 0.0 ], [ 78.47365287758447, 17.315035590210588, 0.0 ], [ 78.477351045541042, 17.317955491651158, 0.0 ], [ 78.489592606583358, 17.320490390139728, 0.0 ], [ 78.493343412915735, 17.318287543931788, 0.0 ], [ 78.494937000374733, 17.318506030307049, 0.0 ], [ 78.501959467728213, 17.322302247077726, 0.0 ], [ 78.503107434280267, 17.319125328165338, 0.0 ], [ 78.505713603784343, 17.318367527782527, 0.0 ], [ 78.507215470777837, 17.318815641336712, 0.0 ], [ 78.504868872335919, 17.333420924928582, 0.0 ], [ 78.507370507574834, 17.339747402693593, 0.0 ], [ 78.50569159308894, 17.347459039843709, 0.0 ], [ 78.506005430788065, 17.348994791894448, 0.0 ], [ 78.510663247891088, 17.351199619010373, 0.0 ], [ 78.515069336629779, 17.351267700511883, 0.0 ], [ 78.51590549990641, 17.352378800104404, 0.0 ], [ 78.517993566253054, 17.351688363119081, 0.0 ], [ 78.518988988371106, 17.345887422448389, 0.0 ], [ 78.521279153337161, 17.343326886393822, 0.0 ], [ 78.526408565401482, 17.343564416252327, 0.0 ], [ 78.527549714332636, 17.344325478145198, 0.0 ], [ 78.528827072011651, 17.349351758638736, 0.0 ], [ 78.529579647137837, 17.349417434984108, 0.0 ], [ 78.531934150557689, 17.34607973557738, 0.0 ], [ 78.52975654316289, 17.359013796217653, 0.0 ], [ 78.535601005766438, 17.362644236471088, 0.0 ], [ 78.538940758995679, 17.370049493129745, 0.0 ], [ 78.541528892513995, 17.372098946918641, 0.0 ], [ 78.547525180912444, 17.373311440853119, 0.0 ], [ 78.552693848725454, 17.371084346247887, 0.0 ], [ 78.55693155083911, 17.364892458923332, 0.0 ], [ 78.556908741413253, 17.361487570037344, 0.0 ], [ 78.563252684291697, 17.360839906970135, 0.0 ], [ 78.571413776006267, 17.361167122536454, 0.0 ], [ 78.58162242710425, 17.363981208595931, 0.0 ], [ 78.575739773386616, 17.368969560041336, 0.0 ], [ 78.574336598814284, 17.368011929638779, 0.0 ], [ 78.574427692369582, 17.372651757561428, 0.0 ], [ 78.572159998958952, 17.378219868219048, 0.0 ], [ 78.571728069142495, 17.382891046439497, 0.0 ], [ 78.577352515445924, 17.383172537248132, 0.0 ], [ 78.578537774957837, 17.384277382786738, 0.0 ], [ 78.57813815190292, 17.389505061476957, 0.0 ], [ 78.580973061442137, 17.38998276952826, 0.0 ], [ 78.590992232698213, 17.387748692100917, 0.0 ], [ 78.613462628770534, 17.387369997164122, 0.0 ], [ 78.627594566717448, 17.385374015808701, 0.0 ], [ 78.635340756656831, 17.383402699265499, 0.0 ], [ 78.640583832110551, 17.383683622349743, 0.0 ], [ 78.644251157570821, 17.385275450477685, 0.0 ], [ 78.647741020759995, 17.385721746425205, 0.0 ], [ 78.651770022323518, 17.384915756291992, 0.0 ], [ 78.658935613944891, 17.379036610468383, 0.0 ], [ 78.661460051090899, 17.378479650053414, 0.0 ], [ 78.668343950383388, 17.380541906968926, 0.0 ], [ 78.672459949150252, 17.383027830685901, 0.0 ], [ 78.674327128706665, 17.386308298143767, 0.0 ], [ 78.673669846916184, 17.392682385777334, 0.0 ], [ 78.675054923682026, 17.398205831015314, 0.0 ], [ 78.676360179006565, 17.40014307274495, 0.0 ], [ 78.682520214148667, 17.404197119438365, 0.0 ], [ 78.687497702227404, 17.405256815010258, 0.0 ], [ 78.69220459574413, 17.403999136393733, 0.0 ], [ 78.698584536489932, 17.395408254119101, 0.0 ], [ 78.702033303296616, 17.39419845777492, 0.0 ], [ 78.705337255129635, 17.394922550028959, 0.0 ], [ 78.709770570769763, 17.399350116412997, 0.0 ], [ 78.71324086058344, 17.400961688896061, 0.0 ], [ 78.718793741178573, 17.400375202900104, 0.0 ], [ 78.722994853145167, 17.396164622683415, 0.0 ], [ 78.726213023958351, 17.388663322782012, 0.0 ], [ 78.728575615216201, 17.385671707752952, 0.0 ], [ 78.731630961174176, 17.385240359294279, 0.0 ], [ 78.73388126211826, 17.386344167001248, 0.0 ], [ 78.737592336667987, 17.386302605498486, 0.0 ], [ 78.737325120601113, 17.380919887033862, 0.0 ], [ 78.734463767928347, 17.373924136053596, 0.0 ], [ 78.733456757564227, 17.368083158884598, 0.0 ], [ 78.731853914126603, 17.367255968670253, 0.0 ], [ 78.731734503465958, 17.361684553015884, 0.0 ], [ 78.730144322947552, 17.359455814669612, 0.0 ], [ 78.730027463518837, 17.358315451278511, 0.0 ], [ 78.732393683364847, 17.354351718058393, 0.0 ], [ 78.730799572269703, 17.352570599529042, 0.0 ], [ 78.716088066455242, 17.3591443049086, 0.0 ], [ 78.707800022090723, 17.3525864090151, 0.0 ], [ 78.707133743523187, 17.34664410579887, 0.0 ], [ 78.713889303702885, 17.339443855641459, 0.0 ], [ 78.714147955688816, 17.334300524293656, 0.0 ], [ 78.721318561651401, 17.332655825964501, 0.0 ], [ 78.721373254975916, 17.331295282482717, 0.0 ], [ 78.719551838379161, 17.331239397743477, 0.0 ], [ 78.720083104291859, 17.328720838907174, 0.0 ], [ 78.73115505716315, 17.326656227910529, 0.0 ], [ 78.739109258707714, 17.32735516368567, 0.0 ], [ 78.7406145352642, 17.329587613666401, 0.0 ], [ 78.742946472893891, 17.329403411790725, 0.0 ], [ 78.745087502610758, 17.331089472891072, 0.0 ], [ 78.748673574204901, 17.329640433591507, 0.0 ], [ 78.753245861237247, 17.329506141821671, 0.0 ], [ 78.762267530070758, 17.303716604915451, 0.0 ], [ 78.759706990130169, 17.302655809140376, 0.0 ], [ 78.75198999689826, 17.302375627081855, 0.0 ], [ 78.749121918990454, 17.298847847195798, 0.0 ], [ 78.74616674822343, 17.296653211635746, 0.0 ], [ 78.744087103319401, 17.296563750818571, 0.0 ], [ 78.741280868690254, 17.297725244192957, 0.0 ], [ 78.741107904032802, 17.296014612546518, 0.0 ], [ 78.745073349352367, 17.2878451877909, 0.0 ], [ 78.746852499740186, 17.286259110277381, 0.0 ], [ 78.749990961516048, 17.285285641507983, 0.0 ], [ 78.752527152182083, 17.281648549278671, 0.0 ], [ 78.752278694786483, 17.277839312825616, 0.0 ], [ 78.754982365780549, 17.268035888002075, 0.0 ], [ 78.753306938071916, 17.261153822697807, 0.0 ], [ 78.757640580408832, 17.259624806835497, 0.0 ], [ 78.759685939420848, 17.256630114346724, 0.0 ], [ 78.763637751349734, 17.255147592655305, 0.0 ], [ 78.769647007491088, 17.250344788443876, 0.0 ], [ 78.776577385684817, 17.248330055662311, 0.0 ], [ 78.778014081841675, 17.246012967552431, 0.0 ], [ 78.787128277909559, 17.244996729920178, 0.0 ], [ 78.789625268455552, 17.242480121021774, 0.0 ], [ 78.790902700469189, 17.244389458885706, 0.0 ], [ 78.79793317404598, 17.243808168034384, 0.0 ], [ 78.800440581047368, 17.24224109440323, 0.0 ], [ 78.806608554699991, 17.240712137303998, 0.0 ], [ 78.80775505399653, 17.238713659066018, 0.0 ], [ 78.809258644952408, 17.238422632907387, 0.0 ], [ 78.812754360079936, 17.234077878670128, 0.0 ], [ 78.819423791503624, 17.232195323567321, 0.0 ], [ 78.820362874821868, 17.228567284022034, 0.0 ], [ 78.818952768985525, 17.228397869571662, 0.0 ], [ 78.816614588094879, 17.225616583090304, 0.0 ], [ 78.816252670770169, 17.212374248597921, 0.0 ], [ 78.80709624581408, 17.208101000971908, 0.0 ], [ 78.802523995637983, 17.208023929139124, 0.0 ], [ 78.800130947490928, 17.204021152336292, 0.0 ], [ 78.797947213699643, 17.203026987873208, 0.0 ], [ 78.794037791911919, 17.203560968968745, 0.0 ], [ 78.783126391343998, 17.207493145338834, 0.0 ], [ 78.759256293755328, 17.214240284293453, 0.0 ], [ 78.771948754811376, 17.19509905133809, 0.0 ], [ 78.772900539247161, 17.192778054953948, 0.0 ], [ 78.772645347058742, 17.189163103079199, 0.0 ], [ 78.780947235527123, 17.186598509135365, 0.0 ], [ 78.782255367335637, 17.179012521236597, 0.0 ], [ 78.78930511476635, 17.165115007884335, 0.0 ], [ 78.788873258344566, 17.162850610647155, 0.0 ], [ 78.785084284725485, 17.159365579693489, 0.0 ], [ 78.782747053175186, 17.160938347977961, 0.0 ], [ 78.777606921893664, 17.162452373608932, 0.0 ], [ 78.773697241833432, 17.155597212113236, 0.0 ], [ 78.777862602705767, 17.148282992073614, 0.0 ], [ 78.780071643582005, 17.147916481067888, 0.0 ], [ 78.780766526241749, 17.143739356393919, 0.0 ], [ 78.783114325708254, 17.141483847028859, 0.0 ], [ 78.785448223714567, 17.137568621304165, 0.0 ], [ 78.788540531746989, 17.136752477348821, 0.0 ], [ 78.788676436132548, 17.137893016859046, 0.0 ], [ 78.790603475562051, 17.135860155662652, 0.0 ], [ 78.804257153355536, 17.129747189833136, 0.0 ], [ 78.810155867247701, 17.125208963947497, 0.0 ], [ 78.82142772136703, 17.120301407633125, 0.0 ], [ 78.831915671510743, 17.114613917350891, 0.0 ], [ 78.833534453504356, 17.112813308934307, 0.0 ], [ 78.83340447010616, 17.103723283916654, 0.0 ], [ 78.827307935017416, 17.105131507235175, 0.0 ], [ 78.819189412547118, 17.109268361832875, 0.0 ], [ 78.818412848321529, 17.104396750718468, 0.0 ], [ 78.815405384518584, 17.096477669676357, 0.0 ], [ 78.819645976617764, 17.094340660384553, 0.0 ], [ 78.8281831677578, 17.09231874763838, 0.0 ], [ 78.831319252301327, 17.086229718029944, 0.0 ], [ 78.838075329172753, 17.07624394094082, 0.0 ], [ 78.841693536193077, 17.074246295246052, 0.0 ], [ 78.844250471221656, 17.068740334861396, 0.0 ], [ 78.837555623104791, 17.059286991306305, 0.0 ], [ 78.836087908898222, 17.055504178396962, 0.0 ], [ 78.836405907207023, 17.047909745056455, 0.0 ], [ 78.837648995510165, 17.043772760650931, 0.0 ], [ 78.836969309547612, 17.03964342434594, 0.0 ], [ 78.834888545090351, 17.037225997360615, 0.0 ], [ 78.827083043551895, 17.034193751400249, 0.0 ], [ 78.822540255826183, 17.030576551326014, 0.0 ], [ 78.81281317189206, 17.032439639621447, 0.0 ], [ 78.806334326454305, 17.034811948717241, 0.0 ], [ 78.797111403356581, 17.035950285121512, 0.0 ], [ 78.792649322065571, 17.042055430370009, 0.0 ], [ 78.782906081205709, 17.040810374336569, 0.0 ], [ 78.776648761825442, 17.031765496950946, 0.0 ], [ 78.796432405339019, 17.025869771233214, 0.0 ], [ 78.807544603197044, 17.023611481243321, 0.0 ], [ 78.809851172880883, 17.023756491960032, 0.0 ], [ 78.825073134672408, 17.019599015410439, 0.0 ], [ 78.822716818135234, 17.005987123308625, 0.0 ], [ 78.815276391353891, 17.000551590856261, 0.0 ], [ 78.799011075958148, 16.99995192023885, 0.0 ], [ 78.792650187564305, 16.991526062775229, 0.0 ], [ 78.789096431614666, 16.976479634416631, 0.0 ], [ 78.778816142909918, 16.97953052731911, 0.0 ], [ 78.777100362059628, 16.981212422761121, 0.0 ], [ 78.774119434481548, 16.982468014400425, 0.0 ], [ 78.767242109614614, 16.981652421977504, 0.0 ], [ 78.762491738794438, 16.982111079196866, 0.0 ], [ 78.760753952162702, 16.984131827196521, 0.0 ], [ 78.757080380720438, 16.985046907271407, 0.0 ], [ 78.753954171310667, 16.984641420106982, 0.0 ], [ 78.752839907270939, 16.98205014774263, 0.0 ], [ 78.753219412035548, 16.974759099923276, 0.0 ], [ 78.756411776327639, 16.969797405069606, 0.0 ], [ 78.741768870590832, 16.971463139078377, 0.0 ], [ 78.731897269428259, 16.973434361842724, 0.0 ], [ 78.725659625056124, 16.972084556006504, 0.0 ], [ 78.718758008087889, 16.9688116668395, 0.0 ], [ 78.711589568292027, 16.96908617453974, 0.0 ], [ 78.707339927913893, 16.967725350475241, 0.0 ], [ 78.702142504647711, 16.964814001877379, 0.0 ], [ 78.704012572178272, 16.955410641587214, 0.0 ], [ 78.703912243331786, 16.94992890308362, 0.0 ], [ 78.701474006826004, 16.944739504530034, 0.0 ], [ 78.696994662375644, 16.942363652585811, 0.0 ], [ 78.69587943132106, 16.935878436168256, 0.0 ], [ 78.701909797112734, 16.935603933022769, 0.0 ], [ 78.707597717527861, 16.934231922344143, 0.0 ], [ 78.710129521167659, 16.93169822694556, 0.0 ], [ 78.712463678807183, 16.930754616181609, 0.0 ], [ 78.71347645546237, 16.928899984471212, 0.0 ], [ 78.715499358885381, 16.92911596808997, 0.0 ], [ 78.716788605054845, 16.92785604401638, 0.0 ], [ 78.729612897345476, 16.92330078960185, 0.0 ], [ 78.737922495744783, 16.919209361167653, 0.0 ], [ 78.741206295548992, 16.918675799093336, 0.0 ], [ 78.743328788769702, 16.917196526729839, 0.0 ], [ 78.742906327321208, 16.916107624040023, 0.0 ], [ 78.745357269338001, 16.915191829691231, 0.0 ], [ 78.745054527429744, 16.912263547055304, 0.0 ], [ 78.741520073179274, 16.90983295397676, 0.0 ], [ 78.735551927429441, 16.902222400834486, 0.0 ], [ 78.731661606872436, 16.900213874932682, 0.0 ], [ 78.728593929341258, 16.893979307396162, 0.0 ], [ 78.727807030443799, 16.889549988586275, 0.0 ], [ 78.728294828027089, 16.87500142068523, 0.0 ], [ 78.726738523527956, 16.869959765910075, 0.0 ], [ 78.727998525179558, 16.869296445987718, 0.0 ], [ 78.730872451363425, 16.864106230083987, 0.0 ], [ 78.749849862239856, 16.854864840124215, 0.0 ], [ 78.752075521936845, 16.862698797721585, 0.0 ], [ 78.760101399802309, 16.871257441381598, 0.0 ], [ 78.767918503517578, 16.876924349820293, 0.0 ], [ 78.772028583672437, 16.882773373936136, 0.0 ], [ 78.773641674918323, 16.877178877969587, 0.0 ], [ 78.780888911182942, 16.868550369657513, 0.0 ], [ 78.781315059192039, 16.86007913042339, 0.0 ], [ 78.77887818600631, 16.850870123313211, 0.0 ], [ 78.775706325423911, 16.844110731512906, 0.0 ], [ 78.786606373798946, 16.841340817717835, 0.0 ], [ 78.789069302280737, 16.839990371933723, 0.0 ], [ 78.789583137104998, 16.839230273228758, 0.0 ], [ 78.787580052445591, 16.831960388330383, 0.0 ], [ 78.802151137310688, 16.826478662469121, 0.0 ], [ 78.797866146506678, 16.807744601677705, 0.0 ], [ 78.795303447628854, 16.812535793143923, 0.0 ], [ 78.791823499689869, 16.802328091993161, 0.0 ], [ 78.793184549940079, 16.789916194170019, 0.0 ], [ 78.795202666941464, 16.785631627953318, 0.0 ], [ 78.78965724762098, 16.762477803841715, 0.0 ], [ 78.782904738149654, 16.751433877542219, 0.0 ], [ 78.780855522964501, 16.746365780383375, 0.0 ], [ 78.761635184063735, 16.74899523395738, 0.0 ], [ 78.757307997852337, 16.747878902825001, 0.0 ], [ 78.754476753262821, 16.751690705256589, 0.0 ], [ 78.745812470009582, 16.754274093108364, 0.0 ], [ 78.738544501749018, 16.75764181618414, 0.0 ], [ 78.733627720968883, 16.758419588558777, 0.0 ], [ 78.72878236235691, 16.757492855650476, 0.0 ], [ 78.726396759211895, 16.7560438598939, 0.0 ], [ 78.726054174709375, 16.752902473376892, 0.0 ], [ 78.721381167618148, 16.752153396333345, 0.0 ], [ 78.715659826755882, 16.752109958991316, 0.0 ], [ 78.70994355644136, 16.756159044098272, 0.0 ], [ 78.705538843235345, 16.756872717021349, 0.0 ], [ 78.703044167086475, 16.758136043590675, 0.0 ], [ 78.697574977250724, 16.75462551224301, 0.0 ], [ 78.696101216938317, 16.754594918849538, 0.0 ], [ 78.696224251887216, 16.765793325784298, 0.0 ], [ 78.692245441346543, 16.765076735269826, 0.0 ], [ 78.683814035729498, 16.768215704927588, 0.0 ], [ 78.680222269652049, 16.767257924195064, 0.0 ], [ 78.677904380218422, 16.767663134123907, 0.0 ], [ 78.67695238714424, 16.765534004212434, 0.0 ], [ 78.675011651756265, 16.765246039486236, 0.0 ], [ 78.672402586960445, 16.763125285570972, 0.0 ], [ 78.664604593303679, 16.760715353565566, 0.0 ], [ 78.659337632131354, 16.767286057353566, 0.0 ], [ 78.652728579700891, 16.767237786134817, 0.0 ], [ 78.650653771132298, 16.772746121706692, 0.0 ], [ 78.652747277333347, 16.774767731449277, 0.0 ], [ 78.662337902969142, 16.780318423845035, 0.0 ], [ 78.675574434498955, 16.785099583455636, 0.0 ], [ 78.683133468439692, 16.789094260788431, 0.0 ], [ 78.683825837565408, 16.793441702806206, 0.0 ], [ 78.681943513525795, 16.807661846116215, 0.0 ], [ 78.682596264783868, 16.811724132843757, 0.0 ], [ 78.676239692976083, 16.824327688481571, 0.0 ], [ 78.666733390127931, 16.832693563628794, 0.0 ], [ 78.665329544489168, 16.823582558354801, 0.0 ], [ 78.667236511031021, 16.814925144063892, 0.0 ], [ 78.667845246520898, 16.807522852450916, 0.0 ], [ 78.66734594990487, 16.8041629098676, 0.0 ], [ 78.662519069329107, 16.799657667704313, 0.0 ], [ 78.652383517561177, 16.793057581807791, 0.0 ], [ 78.650161141540011, 16.78973246006791, 0.0 ], [ 78.645810733942312, 16.787067023548747, 0.0 ], [ 78.644883463846483, 16.785322278271906, 0.0 ], [ 78.639172924057874, 16.782043430754054, 0.0 ], [ 78.63300276804965, 16.776743300449578, 0.0 ], [ 78.629212609348926, 16.777912937594589, 0.0 ], [ 78.623586263488335, 16.782109894790391, 0.0 ], [ 78.616003350285567, 16.784204513935624, 0.0 ], [ 78.616395640166076, 16.790322261267377, 0.0 ], [ 78.616199930708092, 16.792133959501339, 0.0 ], [ 78.615371048941114, 16.792402482000227, 0.0 ], [ 78.615919410096353, 16.794460462730136, 0.0 ], [ 78.601931519198942, 16.794661651164571, 0.0 ], [ 78.590839424109291, 16.796407415528456, 0.0 ], [ 78.587244996651833, 16.799599630105657, 0.0 ], [ 78.584215061920347, 16.799775747393479, 0.0 ], [ 78.581768131448584, 16.803235930840415, 0.0 ], [ 78.570614457498195, 16.806409201055658, 0.0 ], [ 78.566570933246581, 16.812730912392698, 0.0 ], [ 78.566765486063105, 16.81491693974062, 0.0 ], [ 78.564947427669793, 16.816451482458014, 0.0 ], [ 78.558697209717053, 16.81890453708063, 0.0 ], [ 78.553571533845883, 16.819201407569921, 0.0 ], [ 78.550559166809649, 16.818513488224173, 0.0 ], [ 78.547422110526199, 16.820456369104043, 0.0 ], [ 78.544910015453056, 16.820455924645731, 0.0 ], [ 78.543398135974954, 16.819505838448386, 0.0 ], [ 78.537745909149265, 16.821746577966007, 0.0 ], [ 78.536119415667869, 16.821460246027748, 0.0 ], [ 78.529672268115078, 16.816783308708754, 0.0 ], [ 78.526311639862044, 16.816186779702655, 0.0 ], [ 78.521433440070922, 16.818488535322192, 0.0 ], [ 78.521466995175928, 16.819357156888437, 0.0 ], [ 78.519196352841476, 16.821022938365967, 0.0 ], [ 78.516436571076781, 16.820920176834967, 0.0 ], [ 78.514087044221398, 16.822028846289964, 0.0 ], [ 78.482747341019362, 16.821267929350114, 0.0 ], [ 78.480344389695446, 16.817487067785482, 0.0 ], [ 78.478616764357724, 16.817461526479835, 0.0 ], [ 78.473429187626778, 16.800923560135328, 0.0 ], [ 78.47348248802291, 16.787519578382469, 0.0 ], [ 78.472604881930366, 16.785657088369355, 0.0 ], [ 78.471638118659953, 16.77786921946926, 0.0 ], [ 78.467450170499234, 16.776540376650452, 0.0 ], [ 78.464949164600185, 16.774160188986745, 0.0 ], [ 78.45300792451728, 16.779006656171621, 0.0 ], [ 78.434384963237449, 16.778532479816345, 0.0 ], [ 78.431674172840545, 16.783652607090968, 0.0 ], [ 78.426905038747876, 16.788503981708949, 0.0 ], [ 78.420498981274662, 16.793185415106191, 0.0 ], [ 78.415906859359765, 16.795455913636989, 0.0 ], [ 78.413271249133189, 16.798279124118999, 0.0 ], [ 78.398124640933503, 16.799210705652051, 0.0 ], [ 78.394462609761561, 16.792607930802461, 0.0 ], [ 78.394201578257693, 16.790235641974103, 0.0 ], [ 78.391020615054231, 16.788720738220402, 0.0 ], [ 78.389134718110242, 16.784206640013366, 0.0 ], [ 78.380640057349083, 16.786573260238619, 0.0 ], [ 78.373676239693879, 16.791071427173552, 0.0 ], [ 78.366784754218102, 16.793629858465618, 0.0 ], [ 78.355092850083537, 16.796790912235046, 0.0 ], [ 78.350709784914088, 16.79144180304792, 0.0 ], [ 78.347981800348649, 16.791029855037259, 0.0 ], [ 78.348501584161156, 16.788579417856749, 0.0 ], [ 78.347507270332315, 16.78719449892667, 0.0 ], [ 78.348623877518861, 16.785971233991752, 0.0 ], [ 78.346047705101469, 16.784570278153883, 0.0 ], [ 78.342297903776583, 16.788326541999904, 0.0 ], [ 78.340492571232474, 16.793260310488805, 0.0 ], [ 78.336774696289552, 16.794502365622034, 0.0 ], [ 78.333330751963018, 16.798157609056958, 0.0 ], [ 78.332628778732101, 16.80179551073061, 0.0 ], [ 78.334828825173631, 16.806249891476742, 0.0 ], [ 78.334415828760285, 16.807516508631398, 0.0 ], [ 78.332925757171381, 16.808523383093657, 0.0 ], [ 78.331877748741562, 16.81287680934313, 0.0 ], [ 78.330292334894821, 16.814009339904814, 0.0 ], [ 78.32540585179683, 16.82324840432803, 0.0 ], [ 78.322936622864631, 16.825312513412104, 0.0 ], [ 78.324300561465265, 16.840006090229856, 0.0 ], [ 78.326588494733883, 16.848861748421065, 0.0 ], [ 78.328374512490782, 16.851720078766959, 0.0 ], [ 78.320536601614208, 16.856370287132606, 0.0 ], [ 78.322078262140508, 16.85795530411874, 0.0 ], [ 78.320289404844644, 16.862160837277038, 0.0 ], [ 78.320382969500784, 16.86473959719568, 0.0 ], [ 78.318379225779935, 16.87095085742925, 0.0 ], [ 78.3162813913967, 16.874624038052726, 0.0 ], [ 78.30499048750832, 16.875439416317001, 0.0 ], [ 78.299340398520641, 16.879206865260141, 0.0 ], [ 78.303077630165959, 16.880186145546752, 0.0 ], [ 78.304154069272286, 16.889811727524833, 0.0 ], [ 78.303829556810882, 16.901643315040406, 0.0 ], [ 78.3007521094965, 16.908856263632291, 0.0 ], [ 78.301627387863107, 16.919253055329513, 0.0 ], [ 78.275661065145357, 16.92349630288377, 0.0 ], [ 78.271920360886298, 16.933148316193552, 0.0 ], [ 78.27267147481416, 16.941088274580672, 0.0 ], [ 78.277112663869289, 16.956401842073024, 0.0 ], [ 78.269525001547393, 16.965045885109014, 0.0 ], [ 78.264453104121017, 16.963947973941742, 0.0 ], [ 78.261731651442531, 16.961120119694694, 0.0 ], [ 78.24061264548655, 16.96375937564428, 0.0 ], [ 78.233921331550761, 16.947408082827874, 0.0 ], [ 78.233120726739216, 16.940629734935921, 0.0 ], [ 78.225478600432027, 16.939214055930474, 0.0 ], [ 78.219527503347365, 16.939059848674606, 0.0 ], [ 78.211321207778312, 16.946591735641391, 0.0 ], [ 78.211253891189813, 16.952388605231118, 0.0 ], [ 78.206850811872044, 16.954032497507356, 0.0 ], [ 78.20292528734835, 16.954211711238514, 0.0 ], [ 78.201085974858998, 16.957610612860076, 0.0 ], [ 78.198681229986164, 16.957919361148637, 0.0 ], [ 78.196332796662446, 16.961448369528423, 0.0 ], [ 78.19448327728567, 16.961695183950852, 0.0 ], [ 78.191275478922819, 16.963971265719263, 0.0 ], [ 78.18648285089715, 16.971141202235273, 0.0 ], [ 78.181283573487647, 16.973702944261973, 0.0 ], [ 78.181627751670163, 16.979997169020496, 0.0 ], [ 78.184994152377456, 16.983855093251325, 0.0 ], [ 78.185911700526106, 16.988554641788664, 0.0 ], [ 78.183175349166945, 16.989456389030771, 0.0 ], [ 78.183380075339997, 16.991633829595717, 0.0 ], [ 78.176614860414588, 16.997805264902237, 0.0 ], [ 78.175713539274057, 17.004492811018682, 0.0 ], [ 78.174158304146729, 17.008437274298423, 0.0 ], [ 78.160210204671145, 17.012756411728581, 0.0 ], [ 78.15603979350054, 17.012362662490474, 0.0 ], [ 78.150096646625684, 17.013721534781503, 0.0 ], [ 78.146689488392354, 17.013683956230143, 0.0 ], [ 78.14398003901546, 17.012681639945072, 0.0 ], [ 78.140126226360053, 17.009518665776241, 0.0 ], [ 78.135881502960444, 17.007599336196098, 0.0 ], [ 78.13685377046049, 16.995906622441989, 0.0 ], [ 78.136410876808668, 16.993256253587873, 0.0 ], [ 78.126780961879064, 16.994442371506217, 0.0 ], [ 78.126518128029389, 16.991291995883312, 0.0 ], [ 78.124839943238911, 16.986651545799344, 0.0 ], [ 78.119735585816755, 16.983198246992099, 0.0 ], [ 78.114446252310259, 16.98650355644892, 0.0 ], [ 78.108462861525766, 16.98309444268402, 0.0 ], [ 78.100341700390402, 16.982745236536552, 0.0 ], [ 78.099832600119811, 16.984412706835268, 0.0 ], [ 78.097304749014711, 16.983990690573577, 0.0 ], [ 78.095242738262442, 16.984668357729333, 0.0 ], [ 78.092184211657113, 16.98345345503126, 0.0 ], [ 78.089304873239925, 16.986016606811251, 0.0 ], [ 78.088417327245907, 16.989800776719441, 0.0 ], [ 78.085176094381453, 16.996579023039533, 0.0 ], [ 78.074921704958001, 17.000992417551412, 0.0 ], [ 78.068388567289418, 17.005694525055894, 0.0 ], [ 78.063890666120002, 17.004182402758161, 0.0 ], [ 78.059824095163862, 17.001227981408974, 0.0 ], [ 78.057849416947974, 17.001286717210018, 0.0 ], [ 78.034721453002959, 17.010638801465586, 0.0 ], [ 78.030678584047507, 17.011071254656866, 0.0 ], [ 78.024295556201963, 17.010336780666563, 0.0 ], [ 78.016922779849054, 17.007221024290342, 0.0 ], [ 78.009938605269085, 17.001246894728709, 0.0 ], [ 78.008834985675577, 16.990421235014651, 0.0 ], [ 78.01387906348593, 16.986582047160759, 0.0 ], [ 78.014417337629112, 16.985267854845912, 0.0 ], [ 78.010601012349596, 16.978593472317968, 0.0 ], [ 77.999765711019208, 16.979985280888162, 0.0 ] ] ], [ [ [ 77.99671748975986, 17.170179262503478, 0.0 ], [ 77.999475673394727, 17.169471585137366, 0.0 ], [ 78.001472158668506, 17.165851573966311, 0.0 ], [ 78.000177534143418, 17.163630267112541, 0.0 ], [ 77.996280027434054, 17.160711992858534, 0.0 ], [ 77.994027308186816, 17.159539295763857, 0.0 ], [ 77.992571486347671, 17.159697851605234, 0.0 ], [ 77.990552537293937, 17.162360095569529, 0.0 ], [ 77.994827895352287, 17.166611102431983, 0.0 ], [ 77.99671748975986, 17.170179262503478, 0.0 ] ] ] ] } },
{ "type": "Feature", "properties": { "DISTRICT": "SANGAREDDY", "Dist_LGD": "691" }, "geometry": { "type": "Polygon", "coordinates": [ [ [ 77.603100948659829, 17.53582200911746, 0.0 ], [ 77.602239253990788, 17.535275248366432, 0.0 ], [ 77.599630342926801, 17.535713127232967, 0.0 ], [ 77.596899289989594, 17.534303174289427, 0.0 ], [ 77.595622731812298, 17.536588979597163, 0.0 ], [ 77.595700599787889, 17.549025962631028, 0.0 ], [ 77.597225719961358, 17.553725216438362, 0.0 ], [ 77.593799868338991, 17.564513139453858, 0.0 ], [ 77.589071127662038, 17.564697511467916, 0.0 ], [ 77.588095447869165, 17.560002910794701, 0.0 ], [ 77.58196513773035, 17.559884570179538, 0.0 ], [ 77.571534057115116, 17.556620065395681, 0.0 ], [ 77.567366095911424, 17.55635681488145, 0.0 ], [ 77.560849321107327, 17.552568829727488, 0.0 ], [ 77.554236594702445, 17.553849551430261, 0.0 ], [ 77.550559298770068, 17.551733836366026, 0.0 ], [ 77.545123498125676, 17.564390483390071, 0.0 ], [ 77.537442778220367, 17.575444160924821, 0.0 ], [ 77.528383404892381, 17.575365538864691, 0.0 ], [ 77.522858522742936, 17.566955118652945, 0.0 ], [ 77.516490742946445, 17.55914945235596, 0.0 ], [ 77.515439897565855, 17.55241736799054, 0.0 ], [ 77.506898761927957, 17.54227896822934, 0.0 ], [ 77.505815376462053, 17.542653283678604, 0.0 ], [ 77.501207996966627, 17.545090007918905, 0.0 ], [ 77.50002951558335, 17.546724693097925, 0.0 ], [ 77.499442003877505, 17.551779713125413, 0.0 ], [ 77.500432641536023, 17.556194221006976, 0.0 ], [ 77.49735568124072, 17.557712036852326, 0.0 ], [ 77.496184209265195, 17.559614728243282, 0.0 ], [ 77.496124067434451, 17.561277306615942, 0.0 ], [ 77.494562044302086, 17.563799156843334, 0.0 ], [ 77.494065723046916, 17.56835788467523, 0.0 ], [ 77.485394154966755, 17.567468291176937, 0.0 ], [ 77.483943060600922, 17.566728162800565, 0.0 ], [ 77.47805099202904, 17.566803533124894, 0.0 ], [ 77.476230322152574, 17.570612936479648, 0.0 ], [ 77.474252857079165, 17.572009908859595, 0.0 ], [ 77.47082385810684, 17.571857953936135, 0.0 ], [ 77.470593847638781, 17.573385070230589, 0.0 ], [ 77.461812948074623, 17.580752986482029, 0.0 ], [ 77.458581344899301, 17.579972765883401, 0.0 ], [ 77.455619606021799, 17.582332237242635, 0.0 ], [ 77.451441483860108, 17.58217120817778, 0.0 ], [ 77.443118997452103, 17.583963190355121, 0.0 ], [ 77.444980441830168, 17.586248554941804, 0.0 ], [ 77.443286662197124, 17.591688522656572, 0.0 ], [ 77.446138363273064, 17.596467346929998, 0.0 ], [ 77.444762935084029, 17.609406696145943, 0.0 ], [ 77.448729591977283, 17.60934205402987, 0.0 ], [ 77.451147274143793, 17.623206160414298, 0.0 ], [ 77.455754308361747, 17.63248836199546, 0.0 ], [ 77.455899568578445, 17.634180729517784, 0.0 ], [ 77.452076150683368, 17.6364202314221, 0.0 ], [ 77.452233116333886, 17.63999822705831, 0.0 ], [ 77.449718586198856, 17.643956710482453, 0.0 ], [ 77.450013381996342, 17.650579613618351, 0.0 ], [ 77.448218286877648, 17.651122395832715, 0.0 ], [ 77.448928388674986, 17.659430262038985, 0.0 ], [ 77.451338254857347, 17.664001320329049, 0.0 ], [ 77.454820527478759, 17.67448111896379, 0.0 ], [ 77.453487936463418, 17.67711095829069, 0.0 ], [ 77.453703975799868, 17.686494192808823, 0.0 ], [ 77.455043523283535, 17.688928720795083, 0.0 ], [ 77.453229251819408, 17.689570946207766, 0.0 ], [ 77.452160024920872, 17.691139005533262, 0.0 ], [ 77.45243015667117, 17.694703385504628, 0.0 ], [ 77.457822819372439, 17.696300523593084, 0.0 ], [ 77.458867858848407, 17.698623124466199, 0.0 ], [ 77.467481584367789, 17.702983701245884, 0.0 ], [ 77.471907633383381, 17.702999649702047, 0.0 ], [ 77.4774522422329, 17.705346247910743, 0.0 ], [ 77.479732808829866, 17.703935446548726, 0.0 ], [ 77.482175734661979, 17.705998830453343, 0.0 ], [ 77.48415052749985, 17.70560468919123, 0.0 ], [ 77.484891280170956, 17.709143129963412, 0.0 ], [ 77.486023847774803, 17.708937878370371, 0.0 ], [ 77.486009145122594, 17.707925912865967, 0.0 ], [ 77.492269200691524, 17.708125632113244, 0.0 ], [ 77.494179406699914, 17.709922633002307, 0.0 ], [ 77.497053858755294, 17.715514014057188, 0.0 ], [ 77.501450471821613, 17.716635213848708, 0.0 ], [ 77.504694451402472, 17.715575545164445, 0.0 ], [ 77.50726751465497, 17.716670533267774, 0.0 ], [ 77.509144004995832, 17.716292154685128, 0.0 ], [ 77.509870038580331, 17.717384099709708, 0.0 ], [ 77.509543151548883, 17.718928121225492, 0.0 ], [ 77.511653609377433, 17.720924478212098, 0.0 ], [ 77.516551980405922, 17.720159182464297, 0.0 ], [ 77.51824226313903, 17.723580195559276, 0.0 ], [ 77.520513948972749, 17.724435491626934, 0.0 ], [ 77.522007476581805, 17.726026493460694, 0.0 ], [ 77.524709317476891, 17.725097133318272, 0.0 ], [ 77.528589061548516, 17.725166937893444, 0.0 ], [ 77.531326202528192, 17.728669660902447, 0.0 ], [ 77.533283148619773, 17.727676676316925, 0.0 ], [ 77.537336938797694, 17.728586731007422, 0.0 ], [ 77.53914755458635, 17.727887261915708, 0.0 ], [ 77.542187862761423, 17.728936702452714, 0.0 ], [ 77.545963881773801, 17.72684073276227, 0.0 ], [ 77.547024137520609, 17.728457046049513, 0.0 ], [ 77.546226735778475, 17.732823942178847, 0.0 ], [ 77.548337572181467, 17.734523429469554, 0.0 ], [ 77.5486104464497, 17.735765964682876, 0.0 ], [ 77.550590096442349, 17.736765197022802, 0.0 ], [ 77.552678992597194, 17.735907550855657, 0.0 ], [ 77.556695189627106, 17.737377398572654, 0.0 ], [ 77.558009093923133, 17.741385164232362, 0.0 ], [ 77.560941045782457, 17.742809303166922, 0.0 ], [ 77.564386406883941, 17.747856429757189, 0.0 ], [ 77.568534241951951, 17.748906356765243, 0.0 ], [ 77.567265785114117, 17.759597406909663, 0.0 ], [ 77.568981124239798, 17.762371787750016, 0.0 ], [ 77.569149533504088, 17.766491971706721, 0.0 ], [ 77.566277936866186, 17.766753124599575, 0.0 ], [ 77.559827929080868, 17.763417596745242, 0.0 ], [ 77.554859018437213, 17.763970857771415, 0.0 ], [ 77.550100139184835, 17.767208224647153, 0.0 ], [ 77.548229105620152, 17.767060504025565, 0.0 ], [ 77.546055077198631, 17.771655783188756, 0.0 ], [ 77.540256528794473, 17.77437805687574, 0.0 ], [ 77.540542172581581, 17.777771091321362, 0.0 ], [ 77.537509080340314, 17.779933694590301, 0.0 ], [ 77.536589559273665, 17.77994230584434, 0.0 ], [ 77.535803005864352, 17.778112278878023, 0.0 ], [ 77.534393344692901, 17.777628224507467, 0.0 ], [ 77.531662662107124, 17.778489787038733, 0.0 ], [ 77.528671887437753, 17.780656790535705, 0.0 ], [ 77.52699831149971, 17.779896970216068, 0.0 ], [ 77.527110679746471, 17.781338168380909, 0.0 ], [ 77.526356032964131, 17.781631429578013, 0.0 ], [ 77.522112698067218, 17.780553989815235, 0.0 ], [ 77.517513910621233, 17.782494067281203, 0.0 ], [ 77.512331764612711, 17.782129679787438, 0.0 ], [ 77.510354500343936, 17.784369276446022, 0.0 ], [ 77.506336180341265, 17.785315548214598, 0.0 ], [ 77.506557386705168, 17.785952675593737, 0.0 ], [ 77.507584121246921, 17.787864283315301, 0.0 ], [ 77.509003593422563, 17.787783827330152, 0.0 ], [ 77.511134698547437, 17.795668442013035, 0.0 ], [ 77.514869465933799, 17.80354492024378, 0.0 ], [ 77.514939017419806, 17.80544689806073, 0.0 ], [ 77.517117507720243, 17.806044468932772, 0.0 ], [ 77.522943563805228, 17.811405615380846, 0.0 ], [ 77.526937207190599, 17.81330512469864, 0.0 ], [ 77.529031470797221, 17.812931222019607, 0.0 ], [ 77.529401747572379, 17.817173493741542, 0.0 ], [ 77.52765150019728, 17.826460920165502, 0.0 ], [ 77.528410723433822, 17.826759470701504, 0.0 ], [ 77.528221426470623, 17.827897824506504, 0.0 ], [ 77.53237622729921, 17.829110619199273, 0.0 ], [ 77.541310033684141, 17.828581669999458, 0.0 ], [ 77.543711284563386, 17.827670145234702, 0.0 ], [ 77.544248638255056, 17.82843385863822, 0.0 ], [ 77.54669660629574, 17.82848457727134, 0.0 ], [ 77.548741452041824, 17.822793157889333, 0.0 ], [ 77.548908713815436, 17.819379193217692, 0.0 ], [ 77.554026108267067, 17.820067892387556, 0.0 ], [ 77.560682707459321, 17.838645540350594, 0.0 ], [ 77.567435209998962, 17.845419689615081, 0.0 ], [ 77.564843459034947, 17.851187918997315, 0.0 ], [ 77.569324816410855, 17.851564265868895, 0.0 ], [ 77.569998967924406, 17.867647287163116, 0.0 ], [ 77.573456636766622, 17.869188787276883, 0.0 ], [ 77.576398784228928, 17.875419404816061, 0.0 ], [ 77.578545933912906, 17.873707767923243, 0.0 ], [ 77.580588869402703, 17.873446244451593, 0.0 ], [ 77.580866387002146, 17.875365406835222, 0.0 ], [ 77.583417886143607, 17.877037236268357, 0.0 ], [ 77.594485938545901, 17.872332137902355, 0.0 ], [ 77.599076510877723, 17.87308729402622, 0.0 ], [ 77.600370086336085, 17.880601400405826, 0.0 ], [ 77.595826402475609, 17.881355165817755, 0.0 ], [ 77.590691517775667, 17.888907757143048, 0.0 ], [ 77.58599090837491, 17.893844590418439, 0.0 ], [ 77.586330041987438, 17.896446817570222, 0.0 ], [ 77.585065185936656, 17.897661789130662, 0.0 ], [ 77.584998115906274, 17.901926416537087, 0.0 ], [ 77.586063174221309, 17.907835700759428, 0.0 ], [ 77.586336688439758, 17.908617307245901, 0.0 ], [ 77.589168163588894, 17.907876991698966, 0.0 ], [ 77.594911492037198, 17.905135832292803, 0.0 ], [ 77.599993759438789, 17.90413821428649, 0.0 ], [ 77.605183923794101, 17.907811702515858, 0.0 ], [ 77.619227999716486, 17.903840710858514, 0.0 ], [ 77.621133332216374, 17.915781947214079, 0.0 ], [ 77.620340295642933, 17.921849085520819, 0.0 ], [ 77.621996511198574, 17.929574263288423, 0.0 ], [ 77.621633029617982, 17.932320962232591, 0.0 ], [ 77.61868300307907, 17.939490306725745, 0.0 ], [ 77.622944727898556, 17.945521456661581, 0.0 ], [ 77.632511876890362, 17.946673423649983, 0.0 ], [ 77.632885034969675, 17.955803494314271, 0.0 ], [ 77.628382066539743, 17.958586415905593, 0.0 ], [ 77.624544538779205, 17.959602860277805, 0.0 ], [ 77.633012853394263, 17.967382101655016, 0.0 ], [ 77.633291120577653, 17.960366259876189, 0.0 ], [ 77.635127241046902, 17.959245829201993, 0.0 ], [ 77.634971415368511, 17.957863449384256, 0.0 ], [ 77.637213184408282, 17.952324765284416, 0.0 ], [ 77.64062100554203, 17.951886352796844, 0.0 ], [ 77.640899657403935, 17.954113512380331, 0.0 ], [ 77.649484947779882, 17.95001525189905, 0.0 ], [ 77.649514399987879, 17.959068526595871, 0.0 ], [ 77.655779582248059, 17.96827909245879, 0.0 ], [ 77.655020007318114, 17.970949102326546, 0.0 ], [ 77.65082401132554, 17.975033561979245, 0.0 ], [ 77.648214123616484, 17.980256200017227, 0.0 ], [ 77.651335555984559, 17.987696308049575, 0.0 ], [ 77.65203984445705, 17.993894347856095, 0.0 ], [ 77.648905626136226, 17.998877619153113, 0.0 ], [ 77.646337305773827, 17.999279953674659, 0.0 ], [ 77.638745323934458, 17.996452546025658, 0.0 ], [ 77.627787437468982, 17.996787186498107, 0.0 ], [ 77.619661835106413, 18.006493716747475, 0.0 ], [ 77.61155023023791, 18.008042758879167, 0.0 ], [ 77.607470650955435, 18.009853935027294, 0.0 ], [ 77.607943928580326, 18.01795790914208, 0.0 ], [ 77.605933841034698, 18.020232987500314, 0.0 ], [ 77.60164284483038, 18.019840171036957, 0.0 ], [ 77.597810448573782, 18.014210619107473, 0.0 ], [ 77.595855942889884, 18.012850956491764, 0.0 ], [ 77.59117440710088, 18.011454291961755, 0.0 ], [ 77.588590215821256, 18.012156279590041, 0.0 ], [ 77.584891283824859, 18.016785572976492, 0.0 ], [ 77.583246483427985, 18.028262121826653, 0.0 ], [ 77.580594572803705, 18.031582336543575, 0.0 ], [ 77.578477183877212, 18.032795196182544, 0.0 ], [ 77.57376632755566, 18.032465517222455, 0.0 ], [ 77.560614313519125, 18.036224742728965, 0.0 ], [ 77.553786322981892, 18.035820851406573, 0.0 ], [ 77.552869566541489, 18.038799213795027, 0.0 ], [ 77.551834537068913, 18.050695410764042, 0.0 ], [ 77.549478579732963, 18.051241866455161, 0.0 ], [ 77.549610721928346, 18.054389406551092, 0.0 ], [ 77.548609205165135, 18.054562341358604, 0.0 ], [ 77.547635672659169, 18.056131123988497, 0.0 ], [ 77.548335195089436, 18.065210483538575, 0.0 ], [ 77.557425001516549, 18.063731278305418, 0.0 ], [ 77.55806134007328, 18.068323012555368, 0.0 ], [ 77.559430542945137, 18.069601318201112, 0.0 ], [ 77.559713802889519, 18.071882262071743, 0.0 ], [ 77.565921673754758, 18.076673977407946, 0.0 ], [ 77.569426637967936, 18.078244236968878, 0.0 ], [ 77.575922613762515, 18.078059048306518, 0.0 ], [ 77.58358117304752, 18.082458280362555, 0.0 ], [ 77.585512971796589, 18.081842896581367, 0.0 ], [ 77.596954150003242, 18.086766956313976, 0.0 ], [ 77.598803709760048, 18.093331322109339, 0.0 ], [ 77.598874465421716, 18.098248691490753, 0.0 ], [ 77.600877228097715, 18.102345252256367, 0.0 ], [ 77.601554057675045, 18.105903355087509, 0.0 ], [ 77.599160684999802, 18.120994499570134, 0.0 ], [ 77.596990747734566, 18.123674485397331, 0.0 ], [ 77.594508590310028, 18.131373962916438, 0.0 ], [ 77.594307032143846, 18.137696221456483, 0.0 ], [ 77.596843232312892, 18.15594164840018, 0.0 ], [ 77.592395115865671, 18.15544024818924, 0.0 ], [ 77.584215854371109, 18.159233783707368, 0.0 ], [ 77.583528373692118, 18.160729809363797, 0.0 ], [ 77.581313920874791, 18.162316704561874, 0.0 ], [ 77.577156382644731, 18.172492708274365, 0.0 ], [ 77.574722206838587, 18.17409771446626, 0.0 ], [ 77.574654666999706, 18.176542668932235, 0.0 ], [ 77.571989358318973, 18.184478958638977, 0.0 ], [ 77.572303146764881, 18.188255982178454, 0.0 ], [ 77.570688821590593, 18.192169291036222, 0.0 ], [ 77.566574211464214, 18.194266329898948, 0.0 ], [ 77.56404895672533, 18.194261470047419, 0.0 ], [ 77.563481208652789, 18.195350966826446, 0.0 ], [ 77.563674840676654, 18.200989053078501, 0.0 ], [ 77.565301284395943, 18.203981931522225, 0.0 ], [ 77.572148102297064, 18.203514928754963, 0.0 ], [ 77.574821543260299, 18.201627123702192, 0.0 ], [ 77.580579236252149, 18.213849361391627, 0.0 ], [ 77.585314658040559, 18.219820318247145, 0.0 ], [ 77.581494751562829, 18.224855336687117, 0.0 ], [ 77.581847433008321, 18.226971954534573, 0.0 ], [ 77.579880457038811, 18.228157466854924, 0.0 ], [ 77.580517883731076, 18.232168677690364, 0.0 ], [ 77.57617620164433, 18.237298489640203, 0.0 ], [ 77.573011572246074, 18.239444221572654, 0.0 ], [ 77.573155003696314, 18.242433151884221, 0.0 ], [ 77.571779635524891, 18.244001909830242, 0.0 ], [ 77.573784372862463, 18.244987760777665, 0.0 ], [ 77.575749876974086, 18.249586274549326, 0.0 ], [ 77.57701007012632, 18.250133987127843, 0.0 ], [ 77.579349368015926, 18.255862230122329, 0.0 ], [ 77.583150102217104, 18.260783459529399, 0.0 ], [ 77.585166863702298, 18.26185076053903, 0.0 ], [ 77.591185258801701, 18.262411757067529, 0.0 ], [ 77.594886554101052, 18.265307379332935, 0.0 ], [ 77.597529829558837, 18.271886963545953, 0.0 ], [ 77.600473049439458, 18.27583227784552, 0.0 ], [ 77.619425198271486, 18.274614858252697, 0.0 ], [ 77.62359533085197, 18.279779904759383, 0.0 ], [ 77.625633150288365, 18.284123406137617, 0.0 ], [ 77.642022937057561, 18.286173428331068, 0.0 ], [ 77.648660936665834, 18.284480383460714, 0.0 ], [ 77.665093510905507, 18.283673622630378, 0.0 ], [ 77.686182494807724, 18.266607002173057, 0.0 ], [ 77.687496953386329, 18.260348648251696, 0.0 ], [ 77.694486084795372, 18.26112272512314, 0.0 ], [ 77.706722828254513, 18.261072102942119, 0.0 ], [ 77.711525182662001, 18.258118197847338, 0.0 ], [ 77.719740295208851, 18.26042913612762, 0.0 ], [ 77.72902835357938, 18.253253249730598, 0.0 ], [ 77.73008284637578, 18.244160148961285, 0.0 ], [ 77.728603181902898, 18.233948769070899, 0.0 ], [ 77.736593075374259, 18.23525707422996, 0.0 ], [ 77.738355796801741, 18.22488874189844, 0.0 ], [ 77.740734932921512, 18.226929282732712, 0.0 ], [ 77.743594226204209, 18.22602155514365, 0.0 ], [ 77.742661287931796, 18.220682175366772, 0.0 ], [ 77.742768931352586, 18.217083965719976, 0.0 ], [ 77.743808231517761, 18.214684884754419, 0.0 ], [ 77.742875230464378, 18.208936704256878, 0.0 ], [ 77.741286039274286, 18.205585170442198, 0.0 ], [ 77.748127961485963, 18.205165398411417, 0.0 ], [ 77.748782950917885, 18.206046009129043, 0.0 ], [ 77.75856243225374, 18.20526713057868, 0.0 ], [ 77.758548877911608, 18.202184547421076, 0.0 ], [ 77.760177282658148, 18.199362674456314, 0.0 ], [ 77.768090683972829, 18.191757951522835, 0.0 ], [ 77.769660672530406, 18.188365647418429, 0.0 ], [ 77.771274594436846, 18.189954492852312, 0.0 ], [ 77.776744752650927, 18.19068854905878, 0.0 ], [ 77.777031621038674, 18.196237675951512, 0.0 ], [ 77.779900787538239, 18.200066072090305, 0.0 ], [ 77.783025665459661, 18.197742007159786, 0.0 ], [ 77.786535159521449, 18.196665632288585, 0.0 ], [ 77.787690623592113, 18.198931001464132, 0.0 ], [ 77.79129106102485, 18.200165248969064, 0.0 ], [ 77.793149096312334, 18.202923047932156, 0.0 ], [ 77.796644463938918, 18.204924172960535, 0.0 ], [ 77.798035627460862, 18.204864814467047, 0.0 ], [ 77.806831059155073, 18.200080966199899, 0.0 ], [ 77.811053864134053, 18.195948974894872, 0.0 ], [ 77.817968904702994, 18.195827744262484, 0.0 ], [ 77.821200974172925, 18.196686189581428, 0.0 ], [ 77.827056214948797, 18.194187804133467, 0.0 ], [ 77.82878373911079, 18.195113207802144, 0.0 ], [ 77.828640592375635, 18.19901186265783, 0.0 ], [ 77.829390347355513, 18.200553249250977, 0.0 ], [ 77.831480690145, 18.200538618806231, 0.0 ], [ 77.834654844273132, 18.202535111180225, 0.0 ], [ 77.840054107314302, 18.204007850807276, 0.0 ], [ 77.844915940315573, 18.201876162175186, 0.0 ], [ 77.84887738153958, 18.201970502296493, 0.0 ], [ 77.851264074700111, 18.203821367315264, 0.0 ], [ 77.853032412085582, 18.207332287366292, 0.0 ], [ 77.854285534251275, 18.207686675657982, 0.0 ], [ 77.863037669881962, 18.202859329531329, 0.0 ], [ 77.865095928765825, 18.202419129158876, 0.0 ], [ 77.86317441752864, 18.200081566267858, 0.0 ], [ 77.863963656177717, 18.197664264839982, 0.0 ], [ 77.862452390456554, 18.195765526835803, 0.0 ], [ 77.862520311931931, 18.194586717476533, 0.0 ], [ 77.864159111386471, 18.191926850116072, 0.0 ], [ 77.865359489338672, 18.191982285633259, 0.0 ], [ 77.868732710002988, 18.189388832626491, 0.0 ], [ 77.873928837031784, 18.189425526027311, 0.0 ], [ 77.88236493859867, 18.18692101690376, 0.0 ], [ 77.889569978050815, 18.190190754355342, 0.0 ], [ 77.898437799938606, 18.189702085621597, 0.0 ], [ 77.902114301450951, 18.193077581283557, 0.0 ], [ 77.903766333975383, 18.19259146161086, 0.0 ], [ 77.900922990542384, 18.183445551247221, 0.0 ], [ 77.900296275316933, 18.173318611477775, 0.0 ], [ 77.903487139249521, 18.168372192199602, 0.0 ], [ 77.899769948733024, 18.164178067357142, 0.0 ], [ 77.895972000320157, 18.161804338560842, 0.0 ], [ 77.894743007557523, 18.156808713014652, 0.0 ], [ 77.904282006884827, 18.152648917433993, 0.0 ], [ 77.902389999362796, 18.145597898640609, 0.0 ], [ 77.902758063669495, 18.144580956097585, 0.0 ], [ 77.905936644479766, 18.144447638190154, 0.0 ], [ 77.908267882177753, 18.145474770889415, 0.0 ], [ 77.909206334574407, 18.147434163373056, 0.0 ], [ 77.91003780731198, 18.147475843961594, 0.0 ], [ 77.912097870200398, 18.144341587137454, 0.0 ], [ 77.913999254069267, 18.143193861136677, 0.0 ], [ 77.914666924865088, 18.141326281373566, 0.0 ], [ 77.91572528395217, 18.142084799242898, 0.0 ], [ 77.916079495911433, 18.143896974162178, 0.0 ], [ 77.914470942651093, 18.148641222818743, 0.0 ], [ 77.91608115200512, 18.14878721876325, 0.0 ], [ 77.918654572621236, 18.145433021687623, 0.0 ], [ 77.920985444744844, 18.148647521835464, 0.0 ], [ 77.923122280237038, 18.147565886307635, 0.0 ], [ 77.92530804595502, 18.149594458131752, 0.0 ], [ 77.922876404124949, 18.151160652888279, 0.0 ], [ 77.920544712312136, 18.150522387480716, 0.0 ], [ 77.921492928329272, 18.153186814773342, 0.0 ], [ 77.922408737876722, 18.153645220991617, 0.0 ], [ 77.923329656301505, 18.153001093888246, 0.0 ], [ 77.925936653474281, 18.155364571384414, 0.0 ], [ 77.928013827868554, 18.155959020042111, 0.0 ], [ 77.931107368639374, 18.153659557483628, 0.0 ], [ 77.93125845125823, 18.149354076206826, 0.0 ], [ 77.935559054328877, 18.149464336409935, 0.0 ], [ 77.932746577295717, 18.146551645333638, 0.0 ], [ 77.929225053088032, 18.145081123355354, 0.0 ], [ 77.929270285438932, 18.144159700273676, 0.0 ], [ 77.932376070830344, 18.142361844790344, 0.0 ], [ 77.930552466939574, 18.140473443700152, 0.0 ], [ 77.927514498043166, 18.139627987401287, 0.0 ], [ 77.926605311133798, 18.141180865020697, 0.0 ], [ 77.924940047377945, 18.142005956470115, 0.0 ], [ 77.92223986241693, 18.140256018284578, 0.0 ], [ 77.919162599520419, 18.136661932464641, 0.0 ], [ 77.919063765683248, 18.135200867287839, 0.0 ], [ 77.920320333602277, 18.133833015148653, 0.0 ], [ 77.923648724757413, 18.133791742199826, 0.0 ], [ 77.925281270136011, 18.131510867289332, 0.0 ], [ 77.92356734427797, 18.128127445003042, 0.0 ], [ 77.922215299245735, 18.12777678192375, 0.0 ], [ 77.920359331673211, 18.128721781977408, 0.0 ], [ 77.919148177740155, 18.126288991066719, 0.0 ], [ 77.917386321087889, 18.125115257754498, 0.0 ], [ 77.911910825682654, 18.125596027766278, 0.0 ], [ 77.909058075491075, 18.124354753680429, 0.0 ], [ 77.91046991700577, 18.122681442296408, 0.0 ], [ 77.909211848792594, 18.120234540078059, 0.0 ], [ 77.914257643194844, 18.120060516225713, 0.0 ], [ 77.914809426219691, 18.119081942794995, 0.0 ], [ 77.913223445021671, 18.116057089182156, 0.0 ], [ 77.916297494807665, 18.11628403329345, 0.0 ], [ 77.918697610031458, 18.113501664319898, 0.0 ], [ 77.920231235363332, 18.115843338869549, 0.0 ], [ 77.92268436390431, 18.113689837869888, 0.0 ], [ 77.924890817268647, 18.116636218372481, 0.0 ], [ 77.927919298830716, 18.117097434452788, 0.0 ], [ 77.929457256784531, 18.116243606172358, 0.0 ], [ 77.929513413221216, 18.113044257840883, 0.0 ], [ 77.927049510820851, 18.108476777535824, 0.0 ], [ 77.927545312370114, 18.105992411152272, 0.0 ], [ 77.926933079593624, 18.10438503906942, 0.0 ], [ 77.921605658737889, 18.103719783212799, 0.0 ], [ 77.918074891055838, 18.106601514010638, 0.0 ], [ 77.91631208030887, 18.104080773058115, 0.0 ], [ 77.914883926335563, 18.10378334050403, 0.0 ], [ 77.915746683402176, 18.102510140363439, 0.0 ], [ 77.914176709748986, 18.101144401747693, 0.0 ], [ 77.912704743480589, 18.102731023837585, 0.0 ], [ 77.908908741982245, 18.101713316122545, 0.0 ], [ 77.909330314977595, 18.103069885007145, 0.0 ], [ 77.905817892221648, 18.104903065448084, 0.0 ], [ 77.906367968216358, 18.105836274368546, 0.0 ], [ 77.905715408708843, 18.106216998987374, 0.0 ], [ 77.905094369310632, 18.105649121743877, 0.0 ], [ 77.90592770753787, 18.103394791443812, 0.0 ], [ 77.905476296786233, 18.101079580435542, 0.0 ], [ 77.907007762975454, 18.101419182914977, 0.0 ], [ 77.908079272440389, 18.100103249280085, 0.0 ], [ 77.905573531093182, 18.100158785055203, 0.0 ], [ 77.906667210298409, 18.098594644048834, 0.0 ], [ 77.9055733050415, 18.0980390352025, 0.0 ], [ 77.903708851115624, 18.099634466463062, 0.0 ], [ 77.901413722457733, 18.100207782740771, 0.0 ], [ 77.898856323731238, 18.099530337207852, 0.0 ], [ 77.901184588341309, 18.099310029651424, 0.0 ], [ 77.901979327852573, 18.097837194513559, 0.0 ], [ 77.901568498013603, 18.09673847126215, 0.0 ], [ 77.898875426565027, 18.09417918725201, 0.0 ], [ 77.895129391758786, 18.093329062637945, 0.0 ], [ 77.895777565740744, 18.091501872132138, 0.0 ], [ 77.896115847865374, 18.093074356600823, 0.0 ], [ 77.898930648900929, 18.09392667396606, 0.0 ], [ 77.902815582158951, 18.097490276924724, 0.0 ], [ 77.906676516779498, 18.097532613011005, 0.0 ], [ 77.911452053743133, 18.100243499415015, 0.0 ], [ 77.92712932178884, 18.097716119441014, 0.0 ], [ 77.927181883052086, 18.096604919014204, 0.0 ], [ 77.929976053430039, 18.093293813895031, 0.0 ], [ 77.924471571044563, 18.091374444424453, 0.0 ], [ 77.91671846107441, 18.091547856720055, 0.0 ], [ 77.911736802946933, 18.090145027122901, 0.0 ], [ 77.910492683418411, 18.084869015348492, 0.0 ], [ 77.906495744036292, 18.077647508782984, 0.0 ], [ 77.90704828410631, 18.076248540766461, 0.0 ], [ 77.90378377110639, 18.07474453180938, 0.0 ], [ 77.902834018704638, 18.071171367342913, 0.0 ], [ 77.904259088719755, 18.069904931590532, 0.0 ], [ 77.903233569341339, 18.068486841145823, 0.0 ], [ 77.899479472831786, 18.067921471753959, 0.0 ], [ 77.897604906359575, 18.071970862955222, 0.0 ], [ 77.897757957455852, 18.074629459118889, 0.0 ], [ 77.896936694410499, 18.074750011452586, 0.0 ], [ 77.894581174404919, 18.074635667527662, 0.0 ], [ 77.888307170730599, 18.070831874239946, 0.0 ], [ 77.880943802417391, 18.074072947990487, 0.0 ], [ 77.875708781854129, 18.074700422637765, 0.0 ], [ 77.867958013988499, 18.0736832003407, 0.0 ], [ 77.861014642780475, 18.074135538168047, 0.0 ], [ 77.851419385901778, 18.073235132224386, 0.0 ], [ 77.852739205647666, 18.051112763684003, 0.0 ], [ 77.857971967269123, 18.042562323110054, 0.0 ], [ 77.858893664830518, 18.037985898537034, 0.0 ], [ 77.863985696613966, 18.028258235927055, 0.0 ], [ 77.865540716911951, 18.023254076706763, 0.0 ], [ 77.864015415977619, 18.021485313473004, 0.0 ], [ 77.853552329261817, 18.016508267706776, 0.0 ], [ 77.844453043166496, 18.004643406077676, 0.0 ], [ 77.837266771654157, 17.9981173813553, 0.0 ], [ 77.83353090662817, 17.991105283183629, 0.0 ], [ 77.831919201075237, 17.991180191618994, 0.0 ], [ 77.831317804496948, 17.991986294003986, 0.0 ], [ 77.827446936430476, 17.989370529324827, 0.0 ], [ 77.826951047291601, 17.987628537651332, 0.0 ], [ 77.825385978860936, 17.987052998235658, 0.0 ], [ 77.822900748825305, 17.98190055515937, 0.0 ], [ 77.821870638430937, 17.971016617349758, 0.0 ], [ 77.822733743705143, 17.969938012808779, 0.0 ], [ 77.822203189743504, 17.96797859464829, 0.0 ], [ 77.822898325516221, 17.962038689744858, 0.0 ], [ 77.821700446498511, 17.958113671262776, 0.0 ], [ 77.819704794716145, 17.95795306645898, 0.0 ], [ 77.811987679922368, 17.96035143639968, 0.0 ], [ 77.809121331009678, 17.959280248354023, 0.0 ], [ 77.805823470288558, 17.95284255485538, 0.0 ], [ 77.801503855035179, 17.948945842753517, 0.0 ], [ 77.800584827957138, 17.945376751690297, 0.0 ], [ 77.800906257383275, 17.939875092550704, 0.0 ], [ 77.79626773746574, 17.936525747735772, 0.0 ], [ 77.794727924847621, 17.932785998418009, 0.0 ], [ 77.794532145066114, 17.929510816019132, 0.0 ], [ 77.795365915241575, 17.927957345716834, 0.0 ], [ 77.794847347994732, 17.924768457051638, 0.0 ], [ 77.803859701587228, 17.924981633945361, 0.0 ], [ 77.810423464273129, 17.923604287553673, 0.0 ], [ 77.818887962912299, 17.928601646254716, 0.0 ], [ 77.821171201382242, 17.927391657969174, 0.0 ], [ 77.821615762485678, 17.919048148835216, 0.0 ], [ 77.824050915127032, 17.910503424767143, 0.0 ], [ 77.822336453495822, 17.903285545297496, 0.0 ], [ 77.831906295802128, 17.900227325374775, 0.0 ], [ 77.843825230296403, 17.900443551752421, 0.0 ], [ 77.847740480751227, 17.902458519608974, 0.0 ], [ 77.850524761445286, 17.90989744833773, 0.0 ], [ 77.856552589107864, 17.920188058591958, 0.0 ], [ 77.858333254772063, 17.929612350412373, 0.0 ], [ 77.860240585631985, 17.93490656157034, 0.0 ], [ 77.867415465051522, 17.94427976387713, 0.0 ], [ 77.871246305627906, 17.947735180235288, 0.0 ], [ 77.879610022041646, 17.948104432148813, 0.0 ], [ 77.882994024479544, 17.944375997945443, 0.0 ], [ 77.88125435765302, 17.934608967026438, 0.0 ], [ 77.89238773813085, 17.932982117114001, 0.0 ], [ 77.899979231250512, 17.933499455682586, 0.0 ], [ 77.901591703050755, 17.928686855626832, 0.0 ], [ 77.91478027155901, 17.924448375352494, 0.0 ], [ 77.922191797199986, 17.925328799838962, 0.0 ], [ 77.926367239799063, 17.933154123846798, 0.0 ], [ 77.928902954681178, 17.932090739986791, 0.0 ], [ 77.93798494929645, 17.920089843025817, 0.0 ], [ 77.940409013099242, 17.919965132423222, 0.0 ], [ 77.940681650381535, 17.91896942548389, 0.0 ], [ 77.941412432355577, 17.908929454635057, 0.0 ], [ 77.93917670545585, 17.901525486912664, 0.0 ], [ 77.931573260568541, 17.900579913298237, 0.0 ], [ 77.932889520909626, 17.895971316079336, 0.0 ], [ 77.936932867239335, 17.889691279617928, 0.0 ], [ 77.940708413375489, 17.889081015305326, 0.0 ], [ 77.949111612444099, 17.88949343719095, 0.0 ], [ 77.949231587076468, 17.888256267934128, 0.0 ], [ 77.952853911027987, 17.888168219624703, 0.0 ], [ 77.952851340805864, 17.887277774737555, 0.0 ], [ 77.955233858592791, 17.887043934838658, 0.0 ], [ 77.962496809116359, 17.889092172571598, 0.0 ], [ 77.974202738690124, 17.890772104243741, 0.0 ], [ 77.972628903493373, 17.88797353935378, 0.0 ], [ 77.973635693503283, 17.886050706066403, 0.0 ], [ 77.972317923981208, 17.88243236675261, 0.0 ], [ 77.974268043689406, 17.882405700929873, 0.0 ], [ 77.978387319953796, 17.883313239795175, 0.0 ], [ 77.995923552123102, 17.884256141694806, 0.0 ], [ 77.998754911032734, 17.887752628407664, 0.0 ], [ 78.002224035964275, 17.888136085214054, 0.0 ], [ 78.003191619837153, 17.887424043488274, 0.0 ], [ 78.00595407618745, 17.88885767707114, 0.0 ], [ 78.007122809185361, 17.888283598638171, 0.0 ], [ 78.007872590268775, 17.889097001608327, 0.0 ], [ 78.01655302906984, 17.889613886648164, 0.0 ], [ 78.034720102761838, 17.878740075522312, 0.0 ], [ 78.040051875400309, 17.887259197341539, 0.0 ], [ 78.04383922541507, 17.889056659514235, 0.0 ], [ 78.047492707353996, 17.892895717191902, 0.0 ], [ 78.04766473469661, 17.895374853610171, 0.0 ], [ 78.046610405009844, 17.89775406098126, 0.0 ], [ 78.048667767533686, 17.904264302810667, 0.0 ], [ 78.045999634131732, 17.91109107867053, 0.0 ], [ 78.046371938246438, 17.914164624571775, 0.0 ], [ 78.047959439427018, 17.915972891599377, 0.0 ], [ 78.053200081979924, 17.918288564279266, 0.0 ], [ 78.054370414493945, 17.917971997352332, 0.0 ], [ 78.055002127958204, 17.91616197124776, 0.0 ], [ 78.057774029686726, 17.917662815503235, 0.0 ], [ 78.060251600549165, 17.917392769861614, 0.0 ], [ 78.06183943333923, 17.920706119898117, 0.0 ], [ 78.059817548147237, 17.921166778693294, 0.0 ], [ 78.059262910005728, 17.922466827167089, 0.0 ], [ 78.063633777073747, 17.924885239166038, 0.0 ], [ 78.065147269910341, 17.923180317461309, 0.0 ], [ 78.068137211279222, 17.922717076009942, 0.0 ], [ 78.071945878386074, 17.919835743400299, 0.0 ], [ 78.073239232271973, 17.916057838387019, 0.0 ], [ 78.074981520872754, 17.914156507056074, 0.0 ], [ 78.075523380915044, 17.910813092408677, 0.0 ], [ 78.07790137606851, 17.908281558721828, 0.0 ], [ 78.079172832951897, 17.905497835844358, 0.0 ], [ 78.075931498672674, 17.89766809274958, 0.0 ], [ 78.075725814392726, 17.888719913850224, 0.0 ], [ 78.074334332917246, 17.885567086844041, 0.0 ], [ 78.07519253434387, 17.882597841758081, 0.0 ], [ 78.07264343524561, 17.877623551673203, 0.0 ], [ 78.073438836738589, 17.869432526636075, 0.0 ], [ 78.074835351556018, 17.86759051895724, 0.0 ], [ 78.084724662900967, 17.866102207839461, 0.0 ], [ 78.090138103213604, 17.864269310964115, 0.0 ], [ 78.09447114904458, 17.86084633487927, 0.0 ], [ 78.095577729867344, 17.856067181343537, 0.0 ], [ 78.095645743441338, 17.849368586165756, 0.0 ], [ 78.096862912096029, 17.844798596670824, 0.0 ], [ 78.094244918547744, 17.836586940618705, 0.0 ], [ 78.093809833306068, 17.832816431745581, 0.0 ], [ 78.097896362047322, 17.824404534475185, 0.0 ], [ 78.097400444186079, 17.818273542603901, 0.0 ], [ 78.10042952257082, 17.813339504307518, 0.0 ], [ 78.11082381624901, 17.80849690736925, 0.0 ], [ 78.114010386822983, 17.802981211064509, 0.0 ], [ 78.115168905768272, 17.803175100860027, 0.0 ], [ 78.119930866127589, 17.800814104731312, 0.0 ], [ 78.120496862006434, 17.801616030241913, 0.0 ], [ 78.119133075288048, 17.803956023424874, 0.0 ], [ 78.122074428923881, 17.807338518995905, 0.0 ], [ 78.131531898173336, 17.811625055499668, 0.0 ], [ 78.13561929748461, 17.817845468959007, 0.0 ], [ 78.138819569185713, 17.827215737461579, 0.0 ], [ 78.139140234548776, 17.831943186989559, 0.0 ], [ 78.148545036494014, 17.836418259101688, 0.0 ], [ 78.151006270241936, 17.832684261332734, 0.0 ], [ 78.149957210342436, 17.821375932430954, 0.0 ], [ 78.15057011688954, 17.816315161518194, 0.0 ], [ 78.147864434048088, 17.809355271285611, 0.0 ], [ 78.149309387887442, 17.806134544698804, 0.0 ], [ 78.160698090684022, 17.815517658703229, 0.0 ], [ 78.174726943024652, 17.822844790187307, 0.0 ], [ 78.175581408733024, 17.828396272970249, 0.0 ], [ 78.187691829238844, 17.83083307236706, 0.0 ], [ 78.180783453450317, 17.821540837613302, 0.0 ], [ 78.16888758906363, 17.816199277276873, 0.0 ], [ 78.166420433691911, 17.814124556489503, 0.0 ], [ 78.163347355437281, 17.797952498702806, 0.0 ], [ 78.165961228068952, 17.790060939091873, 0.0 ], [ 78.168217148958391, 17.788842472624182, 0.0 ], [ 78.173559750150133, 17.788755975894873, 0.0 ], [ 78.177095027502219, 17.789481613319591, 0.0 ], [ 78.193264257572395, 17.798074080549899, 0.0 ], [ 78.194313858223978, 17.802719019891246, 0.0 ], [ 78.196117846433026, 17.805432729371056, 0.0 ], [ 78.203933291405207, 17.802962754605836, 0.0 ], [ 78.202375071847072, 17.795789911934012, 0.0 ], [ 78.200671709897549, 17.791748240633154, 0.0 ], [ 78.199305570341849, 17.780694242492249, 0.0 ], [ 78.196266547232213, 17.775896771789728, 0.0 ], [ 78.19568220822498, 17.773422183324179, 0.0 ], [ 78.196185566932925, 17.763911610046737, 0.0 ], [ 78.198220433322476, 17.76298872311704, 0.0 ], [ 78.204482155003817, 17.765348048325944, 0.0 ], [ 78.204941814207999, 17.760335086459893, 0.0 ], [ 78.20433147598618, 17.75524268355738, 0.0 ], [ 78.202358410372653, 17.753309217577904, 0.0 ], [ 78.19919910971052, 17.746327000609458, 0.0 ], [ 78.201291182199512, 17.740513204348424, 0.0 ], [ 78.201499436922759, 17.736017323426346, 0.0 ], [ 78.207915246596443, 17.739657641110853, 0.0 ], [ 78.215298125337114, 17.74177440849008, 0.0 ], [ 78.217843366464692, 17.739049643883419, 0.0 ], [ 78.218181708243833, 17.732267572464171, 0.0 ], [ 78.221094557500166, 17.732488542011566, 0.0 ], [ 78.222901464264609, 17.733692333567763, 0.0 ], [ 78.226628752276952, 17.733239204409973, 0.0 ], [ 78.23501327655184, 17.735543451391191, 0.0 ], [ 78.233769340510534, 17.731335041438051, 0.0 ], [ 78.236939065335335, 17.728502469012316, 0.0 ], [ 78.2354462499287, 17.726646663379153, 0.0 ], [ 78.235267395059708, 17.724158352382936, 0.0 ], [ 78.23232694733494, 17.722260139175276, 0.0 ], [ 78.226387974079287, 17.714941117110865, 0.0 ], [ 78.234268444478843, 17.709758114689091, 0.0 ], [ 78.238102043958449, 17.705372896371362, 0.0 ], [ 78.238164571095368, 17.703217101484395, 0.0 ], [ 78.232804202545282, 17.702595228560384, 0.0 ], [ 78.229935589689106, 17.703080072061528, 0.0 ], [ 78.229444800031416, 17.702283737500426, 0.0 ], [ 78.231815642506604, 17.700387600702257, 0.0 ], [ 78.230014223809675, 17.698727370431417, 0.0 ], [ 78.230894852830943, 17.694365114740741, 0.0 ], [ 78.23028193719999, 17.692708480712874, 0.0 ], [ 78.231164111144835, 17.691881505521899, 0.0 ], [ 78.236153226297091, 17.692363945143597, 0.0 ], [ 78.248367520882255, 17.690829381584987, 0.0 ], [ 78.252027967995403, 17.691188904613291, 0.0 ], [ 78.256683782370985, 17.693287609030765, 0.0 ], [ 78.258806527897846, 17.692494795796321, 0.0 ], [ 78.259260902654646, 17.690713146754351, 0.0 ], [ 78.260664276258353, 17.689911957111949, 0.0 ], [ 78.261991150672387, 17.690524207848682, 0.0 ], [ 78.264592680818254, 17.68980511306366, 0.0 ], [ 78.265149402637377, 17.687489116236321, 0.0 ], [ 78.268330939813481, 17.68935138216494, 0.0 ], [ 78.273793784020867, 17.686949962576442, 0.0 ], [ 78.276017337166465, 17.689156253126605, 0.0 ], [ 78.279583126087417, 17.686788979067703, 0.0 ], [ 78.281653471776309, 17.687485231969916, 0.0 ], [ 78.285101307747738, 17.685955990572793, 0.0 ], [ 78.290237155369354, 17.677599807711591, 0.0 ], [ 78.297474511413128, 17.68074470871624, 0.0 ], [ 78.299501580879053, 17.68039935565653, 0.0 ], [ 78.301834902094569, 17.678398137306459, 0.0 ], [ 78.304768757363803, 17.677935392872097, 0.0 ], [ 78.305304781819885, 17.679351406892184, 0.0 ], [ 78.307437538699702, 17.677980888187459, 0.0 ], [ 78.31101476425809, 17.677344042958282, 0.0 ], [ 78.31072984837057, 17.676247075519512, 0.0 ], [ 78.308615836055836, 17.674674801117405, 0.0 ], [ 78.305576713904856, 17.667681325845983, 0.0 ], [ 78.3109670237546, 17.667143703901342, 0.0 ], [ 78.319686228666413, 17.663631543414237, 0.0 ], [ 78.325154490358528, 17.674023646629905, 0.0 ], [ 78.325035786334936, 17.677077646852485, 0.0 ], [ 78.319841414702097, 17.680328967944938, 0.0 ], [ 78.321248278847222, 17.688045603536114, 0.0 ], [ 78.324488356451468, 17.696824376192573, 0.0 ], [ 78.325283082119853, 17.703700464775846, 0.0 ], [ 78.324448462537518, 17.70451802312116, 0.0 ], [ 78.322237944666867, 17.70452643940596, 0.0 ], [ 78.319883783920645, 17.711365591743942, 0.0 ], [ 78.319783330951381, 17.716321520006421, 0.0 ], [ 78.323950204301227, 17.716982145229274, 0.0 ], [ 78.323839411561963, 17.725109510063426, 0.0 ], [ 78.322948455352872, 17.725086618375911, 0.0 ], [ 78.320729223944937, 17.721462868615092, 0.0 ], [ 78.318112532774506, 17.723083944302946, 0.0 ], [ 78.312940402901404, 17.739454501795674, 0.0 ], [ 78.317984598487641, 17.740074894587217, 0.0 ], [ 78.31814371690642, 17.743788498472213, 0.0 ], [ 78.320887696168299, 17.743888654863188, 0.0 ], [ 78.329755748583906, 17.741784580058461, 0.0 ], [ 78.338184930646392, 17.741463203125353, 0.0 ], [ 78.35182425928015, 17.743978660348116, 0.0 ], [ 78.351351785511156, 17.741885316514264, 0.0 ], [ 78.351888400400895, 17.741574336329478, 0.0 ], [ 78.360852431738209, 17.739779140628542, 0.0 ], [ 78.361802328218232, 17.737898942780525, 0.0 ], [ 78.359870339565617, 17.735537901052645, 0.0 ], [ 78.360607474804709, 17.733691815000597, 0.0 ], [ 78.363014481912302, 17.732291988293149, 0.0 ], [ 78.361030193804083, 17.731693353091973, 0.0 ], [ 78.365163599716809, 17.728136230521631, 0.0 ], [ 78.370362419700385, 17.728102222732044, 0.0 ], [ 78.372459008757573, 17.726599598567429, 0.0 ], [ 78.372878460487996, 17.718801033977197, 0.0 ], [ 78.372137542222475, 17.714485382589405, 0.0 ], [ 78.372528525401918, 17.711491974271258, 0.0 ], [ 78.371727180686889, 17.709259775694878, 0.0 ], [ 78.373863340828166, 17.710185239113226, 0.0 ], [ 78.374801842291561, 17.709331073825663, 0.0 ], [ 78.374353685094789, 17.70672270768803, 0.0 ], [ 78.385102704659602, 17.700197357675368, 0.0 ], [ 78.396336605194961, 17.699417760050217, 0.0 ], [ 78.40252380900742, 17.710093348805337, 0.0 ], [ 78.403255692111685, 17.712220826456743, 0.0 ], [ 78.402611298996817, 17.716468483516827, 0.0 ], [ 78.406429067757045, 17.722048366966515, 0.0 ], [ 78.411885841607102, 17.726213063684153, 0.0 ], [ 78.416430688208337, 17.733022952824456, 0.0 ], [ 78.422735277711212, 17.73104099760344, 0.0 ], [ 78.432763062178793, 17.72981373779157, 0.0 ], [ 78.440421119879431, 17.726935728231108, 0.0 ], [ 78.440388509290102, 17.724643387890602, 0.0 ], [ 78.444472728734283, 17.7170698472755, 0.0 ], [ 78.450089645580334, 17.711296589667391, 0.0 ], [ 78.444952328874351, 17.700560107335964, 0.0 ], [ 78.445757725573685, 17.698411492003878, 0.0 ], [ 78.443452890192731, 17.696015901091872, 0.0 ], [ 78.437176244715175, 17.693676878185222, 0.0 ], [ 78.436288460461881, 17.691539008662197, 0.0 ], [ 78.43064211049429, 17.686701317478857, 0.0 ], [ 78.427535399173749, 17.67988545079853, 0.0 ], [ 78.421207081874641, 17.67180853507093, 0.0 ], [ 78.414409351224762, 17.671561424176382, 0.0 ], [ 78.412451226458018, 17.669883157762929, 0.0 ], [ 78.409963756764171, 17.670098389130821, 0.0 ], [ 78.400448746903479, 17.673915613370617, 0.0 ], [ 78.400698812019229, 17.675224541416767, 0.0 ], [ 78.395359569197737, 17.676175681339529, 0.0 ], [ 78.388261972103564, 17.661277193078956, 0.0 ], [ 78.383798867616264, 17.646598808474145, 0.0 ], [ 78.381253005413313, 17.64263588944009, 0.0 ], [ 78.385061679726519, 17.640557778401448, 0.0 ], [ 78.387045286683616, 17.638068339062897, 0.0 ], [ 78.386900686822671, 17.637040650569176, 0.0 ], [ 78.392140537249844, 17.625939303244721, 0.0 ], [ 78.390626418491891, 17.621611325780385, 0.0 ], [ 78.387350964066471, 17.621059000972533, 0.0 ], [ 78.380524991024132, 17.617478535331383, 0.0 ], [ 78.377835416842089, 17.615078268252923, 0.0 ], [ 78.375284480651402, 17.615979703499896, 0.0 ], [ 78.371823765181674, 17.615994990683244, 0.0 ], [ 78.371476084218372, 17.615019484865481, 0.0 ], [ 78.386946963649805, 17.606904267274317, 0.0 ], [ 78.388329450086786, 17.605041743001564, 0.0 ], [ 78.389738261911717, 17.599851984370662, 0.0 ], [ 78.388993733856751, 17.594559536866733, 0.0 ], [ 78.383762173198193, 17.595773679484896, 0.0 ], [ 78.384681359996705, 17.591844932972347, 0.0 ], [ 78.382239595491384, 17.588315407254907, 0.0 ], [ 78.382317637127116, 17.584596827576476, 0.0 ], [ 78.38051941402999, 17.576508901813362, 0.0 ], [ 78.381023250858561, 17.570885093348501, 0.0 ], [ 78.378771876280751, 17.5681139824921, 0.0 ], [ 78.376816983290695, 17.562773148052681, 0.0 ], [ 78.375187044477556, 17.563995688660992, 0.0 ], [ 78.373716120688883, 17.563601342154467, 0.0 ], [ 78.373446669700755, 17.566704659688458, 0.0 ], [ 78.370926953936532, 17.56784596342527, 0.0 ], [ 78.363064272996965, 17.568337054790923, 0.0 ], [ 78.359284817853634, 17.5635203126369, 0.0 ], [ 78.357979969448792, 17.562584912870847, 0.0 ], [ 78.355183985750017, 17.562249385007448, 0.0 ], [ 78.35524473172913, 17.560568151460295, 0.0 ], [ 78.357492619631131, 17.560165675651728, 0.0 ], [ 78.358189730806203, 17.557184247320137, 0.0 ], [ 78.359997036476599, 17.556985447046962, 0.0 ], [ 78.359191656880228, 17.554337021852508, 0.0 ], [ 78.361245737756889, 17.551821269079984, 0.0 ], [ 78.361492385021265, 17.549942940136056, 0.0 ], [ 78.35559569027798, 17.540945424876547, 0.0 ], [ 78.35144740473639, 17.53673516736907, 0.0 ], [ 78.348595776854239, 17.535490208878826, 0.0 ], [ 78.35142492012227, 17.528886172096822, 0.0 ], [ 78.344227412540121, 17.517867758667926, 0.0 ], [ 78.343412741402361, 17.517814248393726, 0.0 ], [ 78.337812339456363, 17.504754498930108, 0.0 ], [ 78.33685488085284, 17.50399427661306, 0.0 ], [ 78.337772881897521, 17.506621428736842, 0.0 ], [ 78.312954188545689, 17.509239419245358, 0.0 ], [ 78.312548213502041, 17.511003061823882, 0.0 ], [ 78.308679658105774, 17.510995017313945, 0.0 ], [ 78.307528203777252, 17.510309470041555, 0.0 ], [ 78.30811250057296, 17.507770024125595, 0.0 ], [ 78.314375124567334, 17.503498451437146, 0.0 ], [ 78.314334361477208, 17.50123289210347, 0.0 ], [ 78.31776470262993, 17.496136283640887, 0.0 ], [ 78.31771256749451, 17.494887952020147, 0.0 ], [ 78.316331239603031, 17.49367498128721, 0.0 ], [ 78.309271605203378, 17.49045195139049, 0.0 ], [ 78.284476775385798, 17.491232480685177, 0.0 ], [ 78.281817995673762, 17.489844544224624, 0.0 ], [ 78.281898041000119, 17.487519467390054, 0.0 ], [ 78.286861836534527, 17.482343979056864, 0.0 ], [ 78.291632778356316, 17.48041279837096, 0.0 ], [ 78.298082683554469, 17.47985191197807, 0.0 ], [ 78.299226152910293, 17.47871965569524, 0.0 ], [ 78.300618554464123, 17.473851044616953, 0.0 ], [ 78.301871046958155, 17.462547089501459, 0.0 ], [ 78.301267790736034, 17.459620179750086, 0.0 ], [ 78.296984186664503, 17.456388297378599, 0.0 ], [ 78.294068404626643, 17.452596412683469, 0.0 ], [ 78.290016999602003, 17.442150804402381, 0.0 ], [ 78.289996573887308, 17.436430976396, 0.0 ], [ 78.288195974863655, 17.431512489004174, 0.0 ], [ 78.275633219850761, 17.435025676256682, 0.0 ], [ 78.270894219367193, 17.43131935275872, 0.0 ], [ 78.270170927774032, 17.429790625135816, 0.0 ], [ 78.266015853500619, 17.428621300123165, 0.0 ], [ 78.250509957741386, 17.42773443072198, 0.0 ], [ 78.244773793507363, 17.429819881448157, 0.0 ], [ 78.233336105126327, 17.428700774948297, 0.0 ], [ 78.232240572514428, 17.43350957107576, 0.0 ], [ 78.228168564362207, 17.43910123003786, 0.0 ], [ 78.217964180425696, 17.43886566125348, 0.0 ], [ 78.219148761003098, 17.45627144932854, 0.0 ], [ 78.215053110000781, 17.464335284030941, 0.0 ], [ 78.215911789891393, 17.475149238824411, 0.0 ], [ 78.213840219552367, 17.482216423313297, 0.0 ], [ 78.213882115565482, 17.486313212245353, 0.0 ], [ 78.207811843993511, 17.48909158223038, 0.0 ], [ 78.203432458606756, 17.489732376733453, 0.0 ], [ 78.202454796972404, 17.487725964847012, 0.0 ], [ 78.197989674961406, 17.488601967591787, 0.0 ], [ 78.191950523124603, 17.487343646709359, 0.0 ], [ 78.191257009585925, 17.485869111646338, 0.0 ], [ 78.193715779524823, 17.482370197544714, 0.0 ], [ 78.192740920504718, 17.479216961927786, 0.0 ], [ 78.18853325992896, 17.475989324423548, 0.0 ], [ 78.182530041347036, 17.472972693852252, 0.0 ], [ 78.180988444473272, 17.470262954895702, 0.0 ], [ 78.179106279304776, 17.470506227947123, 0.0 ], [ 78.178976862631686, 17.469460299173058, 0.0 ], [ 78.173108939413041, 17.466896911189185, 0.0 ], [ 78.169852621627967, 17.463524795746277, 0.0 ], [ 78.16636666282659, 17.463417789168506, 0.0 ], [ 78.153116000483379, 17.466926881852537, 0.0 ], [ 78.144491271502176, 17.470336524999549, 0.0 ], [ 78.145360088215327, 17.484411765750874, 0.0 ], [ 78.14093715253172, 17.487365620747916, 0.0 ], [ 78.134857957489317, 17.489714897453663, 0.0 ], [ 78.130686289281343, 17.490443053144983, 0.0 ], [ 78.129188467906104, 17.489747661828012, 0.0 ], [ 78.127255544372233, 17.486322362769634, 0.0 ], [ 78.121158423169518, 17.486484901363273, 0.0 ], [ 78.117994343688707, 17.483944765665392, 0.0 ], [ 78.115837432639808, 17.485741111984893, 0.0 ], [ 78.11079478477339, 17.484304533731652, 0.0 ], [ 78.108894740549204, 17.492148019706423, 0.0 ], [ 78.102586557597192, 17.494779581036266, 0.0 ], [ 78.093000722535606, 17.497319921458892, 0.0 ], [ 78.087117825248427, 17.497147639694209, 0.0 ], [ 78.086815174360709, 17.497859911559111, 0.0 ], [ 78.083544317707918, 17.498757923381334, 0.0 ], [ 78.083476298988231, 17.502082474620181, 0.0 ], [ 78.080739683301303, 17.501989633637773, 0.0 ], [ 78.082892618074467, 17.503935621699579, 0.0 ], [ 78.083179501108475, 17.505512259040774, 0.0 ], [ 78.082184440352478, 17.516682187335267, 0.0 ], [ 78.071105000159477, 17.518663291206192, 0.0 ], [ 78.071624636873921, 17.513985124851203, 0.0 ], [ 78.066871062921805, 17.50781817988393, 0.0 ], [ 78.058151675040762, 17.509124683520774, 0.0 ], [ 78.058767463943511, 17.504691787872972, 0.0 ], [ 78.06565968105275, 17.502242585550807, 0.0 ], [ 78.066037855759433, 17.494507769957661, 0.0 ], [ 78.064282651114652, 17.49032492829545, 0.0 ], [ 78.063719325015398, 17.4858730321947, 0.0 ], [ 78.055933477522146, 17.483320946208416, 0.0 ], [ 78.052870234614332, 17.483397340802593, 0.0 ], [ 78.04982616327348, 17.476729854332284, 0.0 ], [ 78.052131309498748, 17.475029670590175, 0.0 ], [ 78.053693208878471, 17.475425527440816, 0.0 ], [ 78.053054294371464, 17.472900435456641, 0.0 ], [ 78.053910769553298, 17.472117602245554, 0.0 ], [ 78.054531000186373, 17.472556819616777, 0.0 ], [ 78.055713900892755, 17.471907822901912, 0.0 ], [ 78.057346966334308, 17.472985569658629, 0.0 ], [ 78.060972552013027, 17.472293870132635, 0.0 ], [ 78.062022710720072, 17.469213242213137, 0.0 ], [ 78.063171573137765, 17.468355846819279, 0.0 ], [ 78.064100290529936, 17.459339082788059, 0.0 ], [ 78.06592120926318, 17.458477250968645, 0.0 ], [ 78.067688450442603, 17.456303034238363, 0.0 ], [ 78.068047970647825, 17.457634245697175, 0.0 ], [ 78.070286883654092, 17.456042241540285, 0.0 ], [ 78.063106015922784, 17.45123091301641, 0.0 ], [ 78.062997493217892, 17.448968951015484, 0.0 ], [ 78.057022362820817, 17.44913120226466, 0.0 ], [ 78.047768703227945, 17.451552497627265, 0.0 ], [ 78.046118437395975, 17.453563626435614, 0.0 ], [ 78.045489406591457, 17.458285799705941, 0.0 ], [ 78.040922393471405, 17.458084006227804, 0.0 ], [ 78.039535293241173, 17.466907481507896, 0.0 ], [ 78.041310451325955, 17.47073939732282, 0.0 ], [ 78.040509806680461, 17.47147615153316, 0.0 ], [ 78.030714495717021, 17.471539348362363, 0.0 ], [ 78.031119843311018, 17.468523723690364, 0.0 ], [ 78.022662293983558, 17.465251582959731, 0.0 ], [ 78.020014505220871, 17.469737770329559, 0.0 ], [ 78.008373275301608, 17.473083561719672, 0.0 ], [ 78.004330396533149, 17.475360289792675, 0.0 ], [ 78.002004219908855, 17.481934270816271, 0.0 ], [ 78.000579740699564, 17.48317004273386, 0.0 ], [ 78.005504870051354, 17.490837175320969, 0.0 ], [ 78.004769606981739, 17.491597182371983, 0.0 ], [ 78.007847429467418, 17.496339911941615, 0.0 ], [ 77.998741856377634, 17.498747201847589, 0.0 ], [ 77.995307305693004, 17.500935929231538, 0.0 ], [ 77.994294766599694, 17.503478581764092, 0.0 ], [ 77.992704405590089, 17.504038578030418, 0.0 ], [ 77.991090610602569, 17.507170940514278, 0.0 ], [ 77.987711747333478, 17.502772652561994, 0.0 ], [ 77.9882895383017, 17.499225683564564, 0.0 ], [ 77.98499563065721, 17.494832860288433, 0.0 ], [ 77.984104702306837, 17.490820908841432, 0.0 ], [ 77.982658758741593, 17.489678022075324, 0.0 ], [ 77.980907937115106, 17.486221141812056, 0.0 ], [ 77.980892606912818, 17.4841095086812, 0.0 ], [ 77.964662552955502, 17.484758201197959, 0.0 ], [ 77.967689793202069, 17.491874579488925, 0.0 ], [ 77.966051008224355, 17.504958051804209, 0.0 ], [ 77.966912559833958, 17.507206404595248, 0.0 ], [ 77.972910149399965, 17.513865008293187, 0.0 ], [ 77.974242173157151, 17.518750213809017, 0.0 ], [ 77.968541046714321, 17.52782919242766, 0.0 ], [ 77.968009342871227, 17.530318733863925, 0.0 ], [ 77.963058740068405, 17.534157228248404, 0.0 ], [ 77.944031519370597, 17.538650364619581, 0.0 ], [ 77.936738978852802, 17.539155249772321, 0.0 ], [ 77.939032511154494, 17.542166793131493, 0.0 ], [ 77.940263052072439, 17.551169816786679, 0.0 ], [ 77.936010698240338, 17.555224073208922, 0.0 ], [ 77.935164415517875, 17.559034342092186, 0.0 ], [ 77.933870667023228, 17.561012652974838, 0.0 ], [ 77.934196908548159, 17.563819752147889, 0.0 ], [ 77.936191700741617, 17.565914371303872, 0.0 ], [ 77.936591408314641, 17.567791028471344, 0.0 ], [ 77.932442693229859, 17.567487969083285, 0.0 ], [ 77.929459955781027, 17.572461484535427, 0.0 ], [ 77.926891274536686, 17.572801344446379, 0.0 ], [ 77.922006318868938, 17.575079783069004, 0.0 ], [ 77.913017474613198, 17.576499212206162, 0.0 ], [ 77.897365055500515, 17.582398957227426, 0.0 ], [ 77.886187207197921, 17.580358954455676, 0.0 ], [ 77.882210032986109, 17.581327453184727, 0.0 ], [ 77.876405483033892, 17.581459655559847, 0.0 ], [ 77.872828285558853, 17.582826262069752, 0.0 ], [ 77.871620301698812, 17.585732040378968, 0.0 ], [ 77.871169387218785, 17.589130958692479, 0.0 ], [ 77.872408764835626, 17.589869590491222, 0.0 ], [ 77.870817296305589, 17.593245418949142, 0.0 ], [ 77.871185236563022, 17.594285247986548, 0.0 ], [ 77.868776951190085, 17.597045159954881, 0.0 ], [ 77.870221032636138, 17.600101195172318, 0.0 ], [ 77.873170919142837, 17.600901620392118, 0.0 ], [ 77.874996849362219, 17.603256927865061, 0.0 ], [ 77.867552011724129, 17.61105465392497, 0.0 ], [ 77.867372769227444, 17.614574450611197, 0.0 ], [ 77.866235093731405, 17.616789331207695, 0.0 ], [ 77.867495599461876, 17.619829460231426, 0.0 ], [ 77.866688890365296, 17.620244285275454, 0.0 ], [ 77.8660444816893, 17.618346713350686, 0.0 ], [ 77.862839496986723, 17.616869422132094, 0.0 ], [ 77.861840741409921, 17.61329895421823, 0.0 ], [ 77.858445634391444, 17.612642114841655, 0.0 ], [ 77.857940463596975, 17.61059683171305, 0.0 ], [ 77.852888620824032, 17.608680573791364, 0.0 ], [ 77.855427809094024, 17.610231157370222, 0.0 ], [ 77.855991489766367, 17.613185886270784, 0.0 ], [ 77.851624061454558, 17.617146586080207, 0.0 ], [ 77.849276286201473, 17.618880608244346, 0.0 ], [ 77.843238062082293, 17.619131133648516, 0.0 ], [ 77.839135316912845, 17.621629945066985, 0.0 ], [ 77.835666251853581, 17.62537535655381, 0.0 ], [ 77.834311017383712, 17.626212885347027, 0.0 ], [ 77.833819239113836, 17.625628082793419, 0.0 ], [ 77.829982953547074, 17.628274691916484, 0.0 ], [ 77.82598722686005, 17.629124343807188, 0.0 ], [ 77.822992570812445, 17.632278723970117, 0.0 ], [ 77.819795530635247, 17.629878581511822, 0.0 ], [ 77.819134841237329, 17.630268170641958, 0.0 ], [ 77.815976739761751, 17.626742727347555, 0.0 ], [ 77.810397062668045, 17.627915766399695, 0.0 ], [ 77.803916602879511, 17.628060081903335, 0.0 ], [ 77.799237193010512, 17.626843575787522, 0.0 ], [ 77.799877453240057, 17.625205954309255, 0.0 ], [ 77.797158956235876, 17.626084835601585, 0.0 ], [ 77.79435203710301, 17.628246622286238, 0.0 ], [ 77.791511641695465, 17.632831065364666, 0.0 ], [ 77.790180186739079, 17.63808125782791, 0.0 ], [ 77.783590049565277, 17.638974018612288, 0.0 ], [ 77.781998985980721, 17.630956033371614, 0.0 ], [ 77.776314428372459, 17.627076726232605, 0.0 ], [ 77.771478582270973, 17.626273579321204, 0.0 ], [ 77.768849635730817, 17.627148719761681, 0.0 ], [ 77.764491971579787, 17.626541304545409, 0.0 ], [ 77.762402603894131, 17.627943197350969, 0.0 ], [ 77.758806827597567, 17.625451107317989, 0.0 ], [ 77.756496759383452, 17.625430517345489, 0.0 ], [ 77.752351868888013, 17.623776673751792, 0.0 ], [ 77.748787924726884, 17.624750111831162, 0.0 ], [ 77.746482837297449, 17.624325361429062, 0.0 ], [ 77.745733830405285, 17.617960755411499, 0.0 ], [ 77.749949222934191, 17.617918000083648, 0.0 ], [ 77.749648876289584, 17.613777296883505, 0.0 ], [ 77.757700029176462, 17.61456356242217, 0.0 ], [ 77.760527211744176, 17.615693987340883, 0.0 ], [ 77.761716315985709, 17.615623340706989, 0.0 ], [ 77.761863459801489, 17.613527446216921, 0.0 ], [ 77.767497056843169, 17.612880694926311, 0.0 ], [ 77.774244897107721, 17.601252627532475, 0.0 ], [ 77.772871395011606, 17.593562623435758, 0.0 ], [ 77.769996600023433, 17.584347836875317, 0.0 ], [ 77.765127939404593, 17.584624586462841, 0.0 ], [ 77.761565910496316, 17.579429246101544, 0.0 ], [ 77.760273920574235, 17.573037725868836, 0.0 ], [ 77.761399387916171, 17.558249508142239, 0.0 ], [ 77.754215794076401, 17.554910969161639, 0.0 ], [ 77.746724083079656, 17.549159436193218, 0.0 ], [ 77.743743271435008, 17.549549747783061, 0.0 ], [ 77.71017375375088, 17.528229662368471, 0.0 ], [ 77.709522832826408, 17.526029833347742, 0.0 ], [ 77.705854026022266, 17.524626331187871, 0.0 ], [ 77.703655938565333, 17.526420710381213, 0.0 ], [ 77.701531729134075, 17.525522531461132, 0.0 ], [ 77.70077917294806, 17.527551327221651, 0.0 ], [ 77.695001600056742, 17.528167923840595, 0.0 ], [ 77.690626505601188, 17.526538450048754, 0.0 ], [ 77.687662529827364, 17.520548896449043, 0.0 ], [ 77.68706174613726, 17.512439645228088, 0.0 ], [ 77.687720736656118, 17.511820555323684, 0.0 ], [ 77.685765710077533, 17.509074011119129, 0.0 ], [ 77.682817956988174, 17.50816677712341, 0.0 ], [ 77.677493245312107, 17.509979835223948, 0.0 ], [ 77.67545412636791, 17.508620480171945, 0.0 ], [ 77.668641719328406, 17.511608285777172, 0.0 ], [ 77.667064934073892, 17.514188275006639, 0.0 ], [ 77.666542915157009, 17.51712947000016, 0.0 ], [ 77.662009577139955, 17.522822746933809, 0.0 ], [ 77.658590866632665, 17.522050770845361, 0.0 ], [ 77.645265093540942, 17.522382222913595, 0.0 ], [ 77.640443435701101, 17.524149061624009, 0.0 ], [ 77.640170396050635, 17.525161067453435, 0.0 ], [ 77.636996663276804, 17.525712418768549, 0.0 ], [ 77.631656773753519, 17.523941629181838, 0.0 ], [ 77.631119990470395, 17.524962663213742, 0.0 ], [ 77.627960354078297, 17.523634464411639, 0.0 ], [ 77.623388060206182, 17.525626777642056, 0.0 ], [ 77.6229406571981, 17.528161253711932, 0.0 ], [ 77.621556208730368, 17.528951833666568, 0.0 ], [ 77.620972250355265, 17.530397511582244, 0.0 ], [ 77.619357135686172, 17.528874955068979, 0.0 ], [ 77.615293084398829, 17.532443811443514, 0.0 ], [ 77.613211651824642, 17.53295870274761, 0.0 ], [ 77.612068011567644, 17.534757899538924, 0.0 ], [ 77.610084856206001, 17.532831957531759, 0.0 ], [ 77.607381928713153, 17.532253425913495, 0.0 ], [ 77.603100948659829, 17.53582200911746, 0.0 ] ] ] } },
{ "type": "Feature", "properties": { "DISTRICT": "SIDDIPET", "Dist_LGD": "692" }, "geometry": { "type": "Polygon", "coordinates": [ [ [ 78.572415245903272, 17.69166270071311, 0.0 ], [ 78.572112310803746, 17.687934923328093, 0.0 ], [ 78.57256883761228, 17.687066527201068, 0.0 ], [ 78.574047880066644, 17.686781415434119, 0.0 ], [ 78.574007337399024, 17.685144564563043, 0.0 ], [ 78.561632689702591, 17.684123914845625, 0.0 ], [ 78.553569502433973, 17.686835428855659, 0.0 ], [ 78.55463791576976, 17.688481666507556, 0.0 ], [ 78.535945927289987, 17.696637817595988, 0.0 ], [ 78.521543906532941, 17.696423553192478, 0.0 ], [ 78.518952492820702, 17.702240297052445, 0.0 ], [ 78.513774761039201, 17.695139852987154, 0.0 ], [ 78.510167864990834, 17.688515011476159, 0.0 ], [ 78.508879521107133, 17.683941484312239, 0.0 ], [ 78.501758914510248, 17.686185105586063, 0.0 ], [ 78.499214537396654, 17.685944339368003, 0.0 ], [ 78.503061032075721, 17.690772321133224, 0.0 ], [ 78.504567526674833, 17.694742092898775, 0.0 ], [ 78.505013963644657, 17.699542898854464, 0.0 ], [ 78.504261349382801, 17.703984168406979, 0.0 ], [ 78.507257377961551, 17.714572649777011, 0.0 ], [ 78.506206755233947, 17.719562711216795, 0.0 ], [ 78.511602939311217, 17.724689742524586, 0.0 ], [ 78.514507347396062, 17.726222204900576, 0.0 ], [ 78.519402928294866, 17.728170809025968, 0.0 ], [ 78.525537957897043, 17.728851474771901, 0.0 ], [ 78.521926832573584, 17.739382878549517, 0.0 ], [ 78.523104278915184, 17.740040320008102, 0.0 ], [ 78.525639828903806, 17.744041883970269, 0.0 ], [ 78.524652704609736, 17.746026382370715, 0.0 ], [ 78.526603742540658, 17.750922245059492, 0.0 ], [ 78.525305433295884, 17.751945427002909, 0.0 ], [ 78.513050400536173, 17.752238641080577, 0.0 ], [ 78.510879650793115, 17.755545615777972, 0.0 ], [ 78.515167618856992, 17.785918554616579, 0.0 ], [ 78.520322035675406, 17.800237720762642, 0.0 ], [ 78.520253665070513, 17.807008723269107, 0.0 ], [ 78.521142358545376, 17.808730246761623, 0.0 ], [ 78.523711283762495, 17.809495378019395, 0.0 ], [ 78.526632522598305, 17.812777136078264, 0.0 ], [ 78.527488171717721, 17.817793694525019, 0.0 ], [ 78.529253347145243, 17.819658843975372, 0.0 ], [ 78.530393721997655, 17.83298204341623, 0.0 ], [ 78.53112737309695, 17.83418221236856, 0.0 ], [ 78.537933147131952, 17.835614545557991, 0.0 ], [ 78.540503217465741, 17.837196863619159, 0.0 ], [ 78.542658489357649, 17.836476012019091, 0.0 ], [ 78.545150926182572, 17.836914659617371, 0.0 ], [ 78.545770208906006, 17.839180492719375, 0.0 ], [ 78.54870450860129, 17.841223330891481, 0.0 ], [ 78.56183950061822, 17.857042164433164, 0.0 ], [ 78.561045076670212, 17.877231778607005, 0.0 ], [ 78.577798162818496, 17.882635608028217, 0.0 ], [ 78.573460881837718, 17.901242605323983, 0.0 ], [ 78.569965861161705, 17.905193436599461, 0.0 ], [ 78.566588033328074, 17.903481354492513, 0.0 ], [ 78.558432103862842, 17.893200769747789, 0.0 ], [ 78.555445093523218, 17.890669459334418, 0.0 ], [ 78.552000159743258, 17.8895713182105, 0.0 ], [ 78.543625035816461, 17.88956714495184, 0.0 ], [ 78.541937215068103, 17.888376449328192, 0.0 ], [ 78.537405341522003, 17.887873757652823, 0.0 ], [ 78.535811809651747, 17.889061595144383, 0.0 ], [ 78.534171174531721, 17.892133789335919, 0.0 ], [ 78.524309744161471, 17.896707809134924, 0.0 ], [ 78.534920157891278, 17.903124903003718, 0.0 ], [ 78.533684714368121, 17.904858373205744, 0.0 ], [ 78.535267653091225, 17.907557860446502, 0.0 ], [ 78.540826046506865, 17.907441683748381, 0.0 ], [ 78.540063025759537, 17.91008798450758, 0.0 ], [ 78.54057200906432, 17.910662222098555, 0.0 ], [ 78.541966839709204, 17.909987898775615, 0.0 ], [ 78.543447571950054, 17.911118026865918, 0.0 ], [ 78.543302575106352, 17.914759943325436, 0.0 ], [ 78.545961095136221, 17.915218227434131, 0.0 ], [ 78.545835124276181, 17.916008047488585, 0.0 ], [ 78.541218957542625, 17.918203341080464, 0.0 ], [ 78.536012489075688, 17.923218205831571, 0.0 ], [ 78.531012140998286, 17.923660350756155, 0.0 ], [ 78.529736817465604, 17.925122184936086, 0.0 ], [ 78.531086189087176, 17.929935017575144, 0.0 ], [ 78.53827677233545, 17.932871418757244, 0.0 ], [ 78.541779710008313, 17.941469148134697, 0.0 ], [ 78.53879652272802, 17.945586813728116, 0.0 ], [ 78.531873989599674, 17.950228592148857, 0.0 ], [ 78.531731412500392, 17.951257944699364, 0.0 ], [ 78.535986253442914, 17.964468552881872, 0.0 ], [ 78.535904922736762, 17.969756204724252, 0.0 ], [ 78.54210468201623, 17.973225689652111, 0.0 ], [ 78.54231266158105, 17.979822341190136, 0.0 ], [ 78.536754138277431, 17.987762738371966, 0.0 ], [ 78.537455017103795, 17.988049428098158, 0.0 ], [ 78.53850847838747, 17.991340574381713, 0.0 ], [ 78.542022115242474, 17.99140894035477, 0.0 ], [ 78.548926442378942, 17.998202244969821, 0.0 ], [ 78.549660793087966, 18.000844041821249, 0.0 ], [ 78.548166171741173, 18.002918629624467, 0.0 ], [ 78.550410251925868, 18.002893892904936, 0.0 ], [ 78.552371635644832, 18.004218098649915, 0.0 ], [ 78.554716570613593, 18.014002475526119, 0.0 ], [ 78.555110266339767, 18.020989278987024, 0.0 ], [ 78.557718464266728, 18.031431285529006, 0.0 ], [ 78.559422875476173, 18.046326008469382, 0.0 ], [ 78.578594723706274, 18.03398362453926, 0.0 ], [ 78.582061802896064, 18.032609024961609, 0.0 ], [ 78.581479398393853, 18.039017525451872, 0.0 ], [ 78.583937079480407, 18.049548106555175, 0.0 ], [ 78.58966590005376, 18.055624185865803, 0.0 ], [ 78.586438013060857, 18.059554734043363, 0.0 ], [ 78.587821743163332, 18.063020119056262, 0.0 ], [ 78.586368040612953, 18.064299859152936, 0.0 ], [ 78.57865010891318, 18.065898433169608, 0.0 ], [ 78.569861075085342, 18.066361745842727, 0.0 ], [ 78.572314783954113, 18.071039176790503, 0.0 ], [ 78.569854560506741, 18.074212490593816, 0.0 ], [ 78.569049327906896, 18.078245847028352, 0.0 ], [ 78.570361494209735, 18.08511859998724, 0.0 ], [ 78.572144716571657, 18.090707468113507, 0.0 ], [ 78.576394094762733, 18.093520862991724, 0.0 ], [ 78.576246952200307, 18.096479849862298, 0.0 ], [ 78.578317258427958, 18.100290432888318, 0.0 ], [ 78.579621399802292, 18.105142721258847, 0.0 ], [ 78.579306486207216, 18.106889067008268, 0.0 ], [ 78.575897295778404, 18.108489863387007, 0.0 ], [ 78.57610736788638, 18.10971214811434, 0.0 ], [ 78.575376368290833, 18.110030981835365, 0.0 ], [ 78.558369885876573, 18.109637825747104, 0.0 ], [ 78.547822147945581, 18.112321518103997, 0.0 ], [ 78.545579272657065, 18.115415023602534, 0.0 ], [ 78.545347260374669, 18.117351821959893, 0.0 ], [ 78.545604769483759, 18.118542827276151, 0.0 ], [ 78.550680064612308, 18.123397942152174, 0.0 ], [ 78.551553641674204, 18.129656504201659, 0.0 ], [ 78.552860922194839, 18.133198235167146, 0.0 ], [ 78.55329988933525, 18.143719116039247, 0.0 ], [ 78.569396949171221, 18.157522887043132, 0.0 ], [ 78.56674004040363, 18.162316629194883, 0.0 ], [ 78.58098777009539, 18.163430012791626, 0.0 ], [ 78.580903507976686, 18.17298791667487, 0.0 ], [ 78.573925846728145, 18.181557313811709, 0.0 ], [ 78.570248887204727, 18.183313942129136, 0.0 ], [ 78.568864305348811, 18.185150097393588, 0.0 ], [ 78.568403890320866, 18.188205365235724, 0.0 ], [ 78.569077912940926, 18.189381986604303, 0.0 ], [ 78.569445657556003, 18.196205012443929, 0.0 ], [ 78.566385923060025, 18.2029383552863, 0.0 ], [ 78.561525922336671, 18.20665001962228, 0.0 ], [ 78.561254613038415, 18.207782006148502, 0.0 ], [ 78.563852802592024, 18.215212515799426, 0.0 ], [ 78.567632082610317, 18.222789417009206, 0.0 ], [ 78.574892296563931, 18.223654693673936, 0.0 ], [ 78.584755036413625, 18.238864437052246, 0.0 ], [ 78.58856573361318, 18.248673553414584, 0.0 ], [ 78.616104594483588, 18.247959400369215, 0.0 ], [ 78.617332551432597, 18.249615158027193, 0.0 ], [ 78.627673034374681, 18.246524277632592, 0.0 ], [ 78.628578033219028, 18.246848484672071, 0.0 ], [ 78.631060220375019, 18.250901270152202, 0.0 ], [ 78.632121533125826, 18.254679543512683, 0.0 ], [ 78.639457709637327, 18.256650492190882, 0.0 ], [ 78.642061474041071, 18.256415446067656, 0.0 ], [ 78.645536066741315, 18.25512149070099, 0.0 ], [ 78.644863510935267, 18.253719183020216, 0.0 ], [ 78.645352521105565, 18.253027534951329, 0.0 ], [ 78.659966555440406, 18.246112646249411, 0.0 ], [ 78.659759241255358, 18.244018433836647, 0.0 ], [ 78.663134345905448, 18.244219147463056, 0.0 ], [ 78.663353456805766, 18.241035018721366, 0.0 ], [ 78.670144444013502, 18.24160831024691, 0.0 ], [ 78.676336083173922, 18.235442646086071, 0.0 ], [ 78.685032700526861, 18.23298572886144, 0.0 ], [ 78.690037014984156, 18.229855571295353, 0.0 ], [ 78.700403492107327, 18.231402662230753, 0.0 ], [ 78.70266157718271, 18.234770338582841, 0.0 ], [ 78.711477068922719, 18.234261151244162, 0.0 ], [ 78.718271026957325, 18.2319089757138, 0.0 ], [ 78.726585537641256, 18.227698247579987, 0.0 ], [ 78.727118723457195, 18.226785313957151, 0.0 ], [ 78.727350693357693, 18.221020634565047, 0.0 ], [ 78.723654287455332, 18.217184827944092, 0.0 ], [ 78.72336212845002, 18.215505788586199, 0.0 ], [ 78.734511224680318, 18.214653356577859, 0.0 ], [ 78.742748567620282, 18.216280287291077, 0.0 ], [ 78.749982339220153, 18.221206732298945, 0.0 ], [ 78.75319344535977, 18.229146113889822, 0.0 ], [ 78.758982883429454, 18.235420680803259, 0.0 ], [ 78.760062123876935, 18.239044843750655, 0.0 ], [ 78.761462294665307, 18.240615307526095, 0.0 ], [ 78.761046120617124, 18.245393203807957, 0.0 ], [ 78.762922269905729, 18.25089021912795, 0.0 ], [ 78.767533629940147, 18.257855405987776, 0.0 ], [ 78.769112783091714, 18.262744234214395, 0.0 ], [ 78.775852300228891, 18.261225915128044, 0.0 ], [ 78.792733566662108, 18.253651481966504, 0.0 ], [ 78.798456726076282, 18.254194076977942, 0.0 ], [ 78.810737505818153, 18.252858771152745, 0.0 ], [ 78.816702853108808, 18.253294366015048, 0.0 ], [ 78.817568669338385, 18.25270461783045, 0.0 ], [ 78.821284469479096, 18.252919019262936, 0.0 ], [ 78.822652479203683, 18.253896841835054, 0.0 ], [ 78.825657978105468, 18.253658186485985, 0.0 ], [ 78.827669874393706, 18.252354363293669, 0.0 ], [ 78.828201780594668, 18.253208120053642, 0.0 ], [ 78.829428114161715, 18.252494584091085, 0.0 ], [ 78.829309439907703, 18.250889391572564, 0.0 ], [ 78.83168479393116, 18.24966065686252, 0.0 ], [ 78.835408508944809, 18.250051089536687, 0.0 ], [ 78.837373143969074, 18.248724212489673, 0.0 ], [ 78.83987137593931, 18.248056648358464, 0.0 ], [ 78.842128365898191, 18.248512481192833, 0.0 ], [ 78.845759806775618, 18.246954301992712, 0.0 ], [ 78.849148356426582, 18.243893891617638, 0.0 ], [ 78.851326053883241, 18.239712340042125, 0.0 ], [ 78.855748046451765, 18.234666794431387, 0.0 ], [ 78.868985520731883, 18.240344641265231, 0.0 ], [ 78.881147451690055, 18.241765513726545, 0.0 ], [ 78.890075067522957, 18.239103139659253, 0.0 ], [ 78.891390682761184, 18.244752969427413, 0.0 ], [ 78.907902593026307, 18.252793821522609, 0.0 ], [ 78.910511569405045, 18.25301657439876, 0.0 ], [ 78.914534501762091, 18.255613243828485, 0.0 ], [ 78.933390222399694, 18.255896543982939, 0.0 ], [ 78.940367832582012, 18.253981577393503, 0.0 ], [ 78.939953184189065, 18.252600283426013, 0.0 ], [ 78.941372752500925, 18.253121291713299, 0.0 ], [ 78.943612962040206, 18.252147807961627, 0.0 ], [ 78.944504150523215, 18.253672697060104, 0.0 ], [ 78.949079196320653, 18.25291056694039, 0.0 ], [ 78.954287812232479, 18.253377516852769, 0.0 ], [ 78.957324554393239, 18.252138518306161, 0.0 ], [ 78.970823351797478, 18.256989452901152, 0.0 ], [ 78.978082799565328, 18.257099874146888, 0.0 ], [ 78.985905309161467, 18.259645314143683, 0.0 ], [ 78.989035863980334, 18.259726120846217, 0.0 ], [ 78.990777225890682, 18.262702933861025, 0.0 ], [ 78.987436584892308, 18.265919486711592, 0.0 ], [ 78.988173857852757, 18.268450894426234, 0.0 ], [ 78.987128529531731, 18.269668206216636, 0.0 ], [ 78.986776764925651, 18.277221535366074, 0.0 ], [ 78.989696945055229, 18.286221346271795, 0.0 ], [ 78.987168762623966, 18.289538575523526, 0.0 ], [ 78.989323094585046, 18.293584730182403, 0.0 ], [ 78.9910126784997, 18.300854025518394, 0.0 ], [ 78.993836450970491, 18.302767342708773, 0.0 ], [ 79.000781133363475, 18.302820572604823, 0.0 ], [ 79.002071809956263, 18.304786256927009, 0.0 ], [ 79.003760914249611, 18.30416090835557, 0.0 ], [ 79.005418511257119, 18.307019353615544, 0.0 ], [ 79.014350504227821, 18.310800541828851, 0.0 ], [ 79.016079497544965, 18.313022328831728, 0.0 ], [ 79.018307459329307, 18.314330140331705, 0.0 ], [ 79.019853596469105, 18.31757635559396, 0.0 ], [ 79.018843041479059, 18.319819715209135, 0.0 ], [ 79.021290781863513, 18.323365836774855, 0.0 ], [ 79.020415258027327, 18.330680343321983, 0.0 ], [ 79.024366193594403, 18.330892866003182, 0.0 ], [ 79.026459907060314, 18.332466283262796, 0.0 ], [ 79.028151094839231, 18.334723792331474, 0.0 ], [ 79.028623179229996, 18.338007693932969, 0.0 ], [ 79.029586589510899, 18.338890903413397, 0.0 ], [ 79.033329959254147, 18.339463393989043, 0.0 ], [ 79.036598193149359, 18.344418896779775, 0.0 ], [ 79.040966669378179, 18.342701211965817, 0.0 ], [ 79.04546981836269, 18.344204916070986, 0.0 ], [ 79.052974600638606, 18.342945261962729, 0.0 ], [ 79.057496458750876, 18.344485032585933, 0.0 ], [ 79.058849676570048, 18.343861544148435, 0.0 ], [ 79.060142082625902, 18.341850259479774, 0.0 ], [ 79.058032282931023, 18.338559947225153, 0.0 ], [ 79.058569853424487, 18.329824141050977, 0.0 ], [ 79.06277780989808, 18.323819749581489, 0.0 ], [ 79.071197673512742, 18.317644519123192, 0.0 ], [ 79.071976298024907, 18.3162389708456, 0.0 ], [ 79.069342958532474, 18.313122362808432, 0.0 ], [ 79.068309655154749, 18.310146507059663, 0.0 ], [ 79.065492207498025, 18.307895352630794, 0.0 ], [ 79.064340194886483, 18.304999985410969, 0.0 ], [ 79.061452504633692, 18.302025280992574, 0.0 ], [ 79.060241606086279, 18.29491784830735, 0.0 ], [ 79.060768532633503, 18.29338948795818, 0.0 ], [ 79.07043600283356, 18.285046306702142, 0.0 ], [ 79.072913322270054, 18.284830457076488, 0.0 ], [ 79.095339954103508, 18.287590577128164, 0.0 ], [ 79.103789688234301, 18.28547672105919, 0.0 ], [ 79.104478070998582, 18.286466265715177, 0.0 ], [ 79.10597089528207, 18.286091934193383, 0.0 ], [ 79.113454792611989, 18.28806554019528, 0.0 ], [ 79.114971299315243, 18.290352933764083, 0.0 ], [ 79.116885919113003, 18.289203888537987, 0.0 ], [ 79.118007488727244, 18.287136881318922, 0.0 ], [ 79.119791344258147, 18.277021322084373, 0.0 ], [ 79.121558937704819, 18.275907493566685, 0.0 ], [ 79.127394782398468, 18.275429815503564, 0.0 ], [ 79.13368346688253, 18.271251781663651, 0.0 ], [ 79.13004325330256, 18.261320258469976, 0.0 ], [ 79.127119479732556, 18.258712139101316, 0.0 ], [ 79.123890166324671, 18.257873459353032, 0.0 ], [ 79.120341501497649, 18.255360626200797, 0.0 ], [ 79.120510003530242, 18.250923956605959, 0.0 ], [ 79.123052682920445, 18.245513028290212, 0.0 ], [ 79.123283564587581, 18.243138988346939, 0.0 ], [ 79.117158506418875, 18.242625866511712, 0.0 ], [ 79.113037445593008, 18.23967038987416, 0.0 ], [ 79.110233865393141, 18.23944069913, 0.0 ], [ 79.108491117690079, 18.237263658536776, 0.0 ], [ 79.10817487975379, 18.221357859447661, 0.0 ], [ 79.10915571437809, 18.221124940637996, 0.0 ], [ 79.112167752282772, 18.215651279505302, 0.0 ], [ 79.11336587722036, 18.214946270373197, 0.0 ], [ 79.120539108918877, 18.214876430308649, 0.0 ], [ 79.123246043143268, 18.216996546484097, 0.0 ], [ 79.128471538675612, 18.214621765511847, 0.0 ], [ 79.133989886295083, 18.208298927452798, 0.0 ], [ 79.137159771592039, 18.206271470882086, 0.0 ], [ 79.137840871436239, 18.204925404003653, 0.0 ], [ 79.137856273049564, 18.200658715383248, 0.0 ], [ 79.140230179623089, 18.196394819804233, 0.0 ], [ 79.140023180259021, 18.192620418913631, 0.0 ], [ 79.14093425256965, 18.187865972160477, 0.0 ], [ 79.146200440464852, 18.183422814505164, 0.0 ], [ 79.145858273697954, 18.170992120680932, 0.0 ], [ 79.154849630650745, 18.168768903529685, 0.0 ], [ 79.160161777958677, 18.166472630056511, 0.0 ], [ 79.161241859943786, 18.164668041788325, 0.0 ], [ 79.1624833604766, 18.157191743427976, 0.0 ], [ 79.17080444393784, 18.162234158255064, 0.0 ], [ 79.187842631428708, 18.170221800815508, 0.0 ], [ 79.191323075018303, 18.16464488047141, 0.0 ], [ 79.192521062302148, 18.163865581437729, 0.0 ], [ 79.206263000250914, 18.161696360277677, 0.0 ], [ 79.212259693183313, 18.16162564599145, 0.0 ], [ 79.210626494418889, 18.174909447568634, 0.0 ], [ 79.223467440538641, 18.177782811248939, 0.0 ], [ 79.226426185627815, 18.179060694868017, 0.0 ], [ 79.229061545188245, 18.181431859319645, 0.0 ], [ 79.244481396718569, 18.18398920506106, 0.0 ], [ 79.242189362334287, 18.177202385067755, 0.0 ], [ 79.244296958305966, 18.169223926176343, 0.0 ], [ 79.250466139933323, 18.163111057562649, 0.0 ], [ 79.250889848017351, 18.154168859566358, 0.0 ], [ 79.256583745109097, 18.154667506556649, 0.0 ], [ 79.28741713892056, 18.15354904949989, 0.0 ], [ 79.290547998570915, 18.151161962317669, 0.0 ], [ 79.290839641671383, 18.142350571040399, 0.0 ], [ 79.296375510268334, 18.137379577217679, 0.0 ], [ 79.296763188593545, 18.135003423448676, 0.0 ], [ 79.301209601234689, 18.129987050309971, 0.0 ], [ 79.29384885187558, 18.125909441662589, 0.0 ], [ 79.290601211613335, 18.121221459540106, 0.0 ], [ 79.29298465030385, 18.100838649946091, 0.0 ], [ 79.290881466642404, 18.089296194655571, 0.0 ], [ 79.283166024501867, 18.070974416653581, 0.0 ], [ 79.279780102117712, 18.067626324888209, 0.0 ], [ 79.281823189226429, 18.065733830964774, 0.0 ], [ 79.278628794100698, 18.062065123475779, 0.0 ], [ 79.273206894430359, 18.051138410622983, 0.0 ], [ 79.266180271852534, 18.039533596869713, 0.0 ], [ 79.261577428947959, 18.034538330215323, 0.0 ], [ 79.259535632971861, 18.024883731487893, 0.0 ], [ 79.260878170459861, 18.011252417537893, 0.0 ], [ 79.260774410476856, 18.002985277962164, 0.0 ], [ 79.255300180605815, 18.002233842716485, 0.0 ], [ 79.248614266098826, 18.003812910531376, 0.0 ], [ 79.235940733581444, 18.003405426054194, 0.0 ], [ 79.230302977182888, 18.001703602225945, 0.0 ], [ 79.232851162287872, 17.994484188861392, 0.0 ], [ 79.227137141979583, 17.994255533553577, 0.0 ], [ 79.213803925920658, 17.996223317481054, 0.0 ], [ 79.20346449815429, 17.999017407624404, 0.0 ], [ 79.192997314234461, 17.999672399361852, 0.0 ], [ 79.1923228690966, 18.00163439632685, 0.0 ], [ 79.189110689375809, 17.999526546840606, 0.0 ], [ 79.184236112755599, 17.993873929667778, 0.0 ], [ 79.174287516219295, 17.994002361159346, 0.0 ], [ 79.162895158744519, 17.991129144497236, 0.0 ], [ 79.153465995506551, 17.991982638325641, 0.0 ], [ 79.139004850412462, 17.978063881680697, 0.0 ], [ 79.143788488337989, 17.965913102643132, 0.0 ], [ 79.137290797996428, 17.95764097042764, 0.0 ], [ 79.131472657835332, 17.946782963460429, 0.0 ], [ 79.126077933909741, 17.945021628488252, 0.0 ], [ 79.121349136386897, 17.941235162398595, 0.0 ], [ 79.115137419833601, 17.929483596650051, 0.0 ], [ 79.105952751663438, 17.92158616931345, 0.0 ], [ 79.102236548665289, 17.914325244314622, 0.0 ], [ 79.113301161429973, 17.906044118261754, 0.0 ], [ 79.124291094881968, 17.902218822234506, 0.0 ], [ 79.118385703493274, 17.900074360767842, 0.0 ], [ 79.111694077133166, 17.898968771100698, 0.0 ], [ 79.103295123238183, 17.88568812026967, 0.0 ], [ 79.093195727018767, 17.87537913053254, 0.0 ], [ 79.092135224069409, 17.873170820177393, 0.0 ], [ 79.080398164689882, 17.873400558446217, 0.0 ], [ 79.072741182813331, 17.875356569883937, 0.0 ], [ 79.071615658934107, 17.873690171608771, 0.0 ], [ 79.068796163784754, 17.874521079199123, 0.0 ], [ 79.068079623782978, 17.873738850279786, 0.0 ], [ 79.064955610533957, 17.873586816578364, 0.0 ], [ 79.059350321722889, 17.870642573345549, 0.0 ], [ 79.054692126402117, 17.869218907526683, 0.0 ], [ 79.048348212562303, 17.860872289717328, 0.0 ], [ 79.043760120958837, 17.860868218474248, 0.0 ], [ 79.043757541899794, 17.863123724114025, 0.0 ], [ 79.03930405471597, 17.869742686477434, 0.0 ], [ 79.039148086504682, 17.872295493590482, 0.0 ], [ 79.020170990614332, 17.876102077083072, 0.0 ], [ 79.019899768257304, 17.875128398805693, 0.0 ], [ 79.016202196051324, 17.872187212888388, 0.0 ], [ 79.010917393466627, 17.864429879507401, 0.0 ], [ 79.005723124762056, 17.861573074153078, 0.0 ], [ 79.003104338064844, 17.858345317127451, 0.0 ], [ 79.000270595238305, 17.848059967150586, 0.0 ], [ 79.001428976157015, 17.847801368603793, 0.0 ], [ 79.001097699026275, 17.845840717025229, 0.0 ], [ 78.998651130028804, 17.844797294322849, 0.0 ], [ 78.992469629120436, 17.84929070435188, 0.0 ], [ 78.989096575945013, 17.853579900158696, 0.0 ], [ 78.987611141263599, 17.857951592289076, 0.0 ], [ 78.981868827973358, 17.858538019684506, 0.0 ], [ 78.975531669220445, 17.860928535375638, 0.0 ], [ 78.972825272035379, 17.863413623321161, 0.0 ], [ 78.971369526870149, 17.868087918370158, 0.0 ], [ 78.968063790788861, 17.868666632823683, 0.0 ], [ 78.962202415594447, 17.86577362381739, 0.0 ], [ 78.957835798010308, 17.86685566250193, 0.0 ], [ 78.950098328247336, 17.871739188554312, 0.0 ], [ 78.945590619595777, 17.879428655691274, 0.0 ], [ 78.936842464624974, 17.876234852903121, 0.0 ], [ 78.931525487935531, 17.878004869005583, 0.0 ], [ 78.923137110962301, 17.873213844646056, 0.0 ], [ 78.921060200449702, 17.873142192621895, 0.0 ], [ 78.920285600173344, 17.866445961470454, 0.0 ], [ 78.917982655566433, 17.863785896680632, 0.0 ], [ 78.91645841240468, 17.854593417159784, 0.0 ], [ 78.917376697169729, 17.848757599097691, 0.0 ], [ 78.922396701698418, 17.838570115925609, 0.0 ], [ 78.922171535234781, 17.836526887963892, 0.0 ], [ 78.912197145913225, 17.842598709578162, 0.0 ], [ 78.905645042186109, 17.844567189278905, 0.0 ], [ 78.902595524789533, 17.844474939266188, 0.0 ], [ 78.900572331826638, 17.843207904159662, 0.0 ], [ 78.898892715971527, 17.839891556789023, 0.0 ], [ 78.895409249949367, 17.839587270420168, 0.0 ], [ 78.888711250302052, 17.841623438896011, 0.0 ], [ 78.882395996122284, 17.834672478262725, 0.0 ], [ 78.877484369458827, 17.833733295813325, 0.0 ], [ 78.878196947925645, 17.826325309622263, 0.0 ], [ 78.874660284749169, 17.825403480427799, 0.0 ], [ 78.867670870141339, 17.825377270833268, 0.0 ], [ 78.868136259581334, 17.816534507178606, 0.0 ], [ 78.865957919654832, 17.811197333669089, 0.0 ], [ 78.868140792956879, 17.808610257603959, 0.0 ], [ 78.866708202255069, 17.808373287346818, 0.0 ], [ 78.869225428678192, 17.793949706757051, 0.0 ], [ 78.86916533482399, 17.787557289916244, 0.0 ], [ 78.868428282153587, 17.785969501750358, 0.0 ], [ 78.86970874415077, 17.785192704057803, 0.0 ], [ 78.865825047179754, 17.769942531575023, 0.0 ], [ 78.859731286087126, 17.750971055159535, 0.0 ], [ 78.858111289088058, 17.748483143068018, 0.0 ], [ 78.84132789495969, 17.752706848418153, 0.0 ], [ 78.827379827019385, 17.739700839895601, 0.0 ], [ 78.821643979760765, 17.739642271863243, 0.0 ], [ 78.822410840547349, 17.735471304721674, 0.0 ], [ 78.82076631169268, 17.733053387365239, 0.0 ], [ 78.821463256494894, 17.73044142399657, 0.0 ], [ 78.823354437775663, 17.729936390625159, 0.0 ], [ 78.81562444168938, 17.722610935548488, 0.0 ], [ 78.814866790001957, 17.704282761055602, 0.0 ], [ 78.815487092317667, 17.702352725618237, 0.0 ], [ 78.809429274776193, 17.703100524656318, 0.0 ], [ 78.805638214523896, 17.706809140002584, 0.0 ], [ 78.804577314952027, 17.70622201407301, 0.0 ], [ 78.802439255936108, 17.706928326413447, 0.0 ], [ 78.802168454836774, 17.70824629224547, 0.0 ], [ 78.800408218096095, 17.709443838632723, 0.0 ], [ 78.792807245672023, 17.710251109590118, 0.0 ], [ 78.790305985178861, 17.711496963608237, 0.0 ], [ 78.781953111238522, 17.711429949487236, 0.0 ], [ 78.783860264479387, 17.709637000157393, 0.0 ], [ 78.784281188249182, 17.705729980797141, 0.0 ], [ 78.788520537720373, 17.702047965234307, 0.0 ], [ 78.785159337378687, 17.701311287044845, 0.0 ], [ 78.781379702079306, 17.696118225154326, 0.0 ], [ 78.776690917582584, 17.691907811957858, 0.0 ], [ 78.768081574451131, 17.686793030802235, 0.0 ], [ 78.763123496854149, 17.686951677484597, 0.0 ], [ 78.752697523259414, 17.685722855261989, 0.0 ], [ 78.745281756833393, 17.683831146224112, 0.0 ], [ 78.738057828271693, 17.673197655411755, 0.0 ], [ 78.734111300074829, 17.671551149863081, 0.0 ], [ 78.729671850142026, 17.668101206663842, 0.0 ], [ 78.723727703364531, 17.668354769476871, 0.0 ], [ 78.718024267255998, 17.669631746042832, 0.0 ], [ 78.712819755881071, 17.676170460405643, 0.0 ], [ 78.708467274286249, 17.684407038603791, 0.0 ], [ 78.705222425073899, 17.686477461350702, 0.0 ], [ 78.685277820414797, 17.68850151653745, 0.0 ], [ 78.685892729488131, 17.693411718931308, 0.0 ], [ 78.669503660588802, 17.698439074882412, 0.0 ], [ 78.666431033807584, 17.695650556035496, 0.0 ], [ 78.659117608675928, 17.697472819668015, 0.0 ], [ 78.650206412942964, 17.676654509553085, 0.0 ], [ 78.639392508956703, 17.672198059547881, 0.0 ], [ 78.637997506901826, 17.670612675562694, 0.0 ], [ 78.634120403224415, 17.66920000252215, 0.0 ], [ 78.623379088808079, 17.672519026882807, 0.0 ], [ 78.616938283711576, 17.672408110689847, 0.0 ], [ 78.614002012440835, 17.680076623161384, 0.0 ], [ 78.605367543374115, 17.686369921236942, 0.0 ], [ 78.600074721404198, 17.688931421751047, 0.0 ], [ 78.600117859980557, 17.693244603746987, 0.0 ], [ 78.595743480498868, 17.693969651906677, 0.0 ], [ 78.595528106981575, 17.695748907245569, 0.0 ], [ 78.594280731978486, 17.696461058522765, 0.0 ], [ 78.580709933443615, 17.697108092917265, 0.0 ], [ 78.575200763150391, 17.695702316100249, 0.0 ], [ 78.572415245903272, 17.69166270071311, 0.0 ] ] ] } },
{ "type": "Feature", "properties": { "DISTRICT": "SURYAPET", "Dist_LGD": "696" }, "geometry": { "type": "Polygon", "coordinates": [ [ [ 79.658483670209009, 16.854823439102859, 0.0 ], [ 79.648326554703161, 16.863384195846582, 0.0 ], [ 79.645852519650219, 16.866417630975217, 0.0 ], [ 79.645020493597372, 16.868765781900304, 0.0 ], [ 79.644750392754617, 16.876891000369547, 0.0 ], [ 79.641790217037027, 16.887967283394328, 0.0 ], [ 79.633825499355652, 16.901582702125197, 0.0 ], [ 79.626519430664729, 16.907295874501795, 0.0 ], [ 79.622347124469471, 16.9127911097648, 0.0 ], [ 79.619091666762301, 16.918068503779462, 0.0 ], [ 79.616834340696684, 16.923865485793304, 0.0 ], [ 79.614154759611139, 16.939948311117647, 0.0 ], [ 79.614709284608793, 16.961868870298069, 0.0 ], [ 79.616626915115489, 16.970134020894072, 0.0 ], [ 79.615603462043154, 16.984600152579024, 0.0 ], [ 79.6098149397301, 16.995831203188967, 0.0 ], [ 79.605481870284677, 16.999986806018704, 0.0 ], [ 79.603327465526306, 17.013860114196959, 0.0 ], [ 79.599024670169513, 17.026693260959249, 0.0 ], [ 79.598330339479432, 17.031555963864083, 0.0 ], [ 79.601178670364405, 17.044961843712723, 0.0 ], [ 79.599477426780595, 17.050014645582095, 0.0 ], [ 79.595948312447803, 17.053852329462035, 0.0 ], [ 79.592860120956942, 17.059912067031174, 0.0 ], [ 79.592471975155391, 17.06355051495359, 0.0 ], [ 79.593951057739758, 17.075182482112631, 0.0 ], [ 79.592124619481552, 17.083829543019188, 0.0 ], [ 79.588472526016204, 17.088679368848943, 0.0 ], [ 79.58289756783627, 17.101524542676962, 0.0 ], [ 79.573485216786764, 17.113281164353118, 0.0 ], [ 79.56917773963707, 17.12028018818723, 0.0 ], [ 79.565719123030476, 17.128698140672071, 0.0 ], [ 79.561756707981232, 17.14209221767965, 0.0 ], [ 79.551552327334633, 17.153572919904015, 0.0 ], [ 79.538701872175338, 17.164390028715161, 0.0 ], [ 79.533351060723206, 17.171681920261332, 0.0 ], [ 79.525385167477111, 17.186436039455245, 0.0 ], [ 79.5244960393849, 17.191193282419047, 0.0 ], [ 79.525287128247825, 17.203382751476106, 0.0 ], [ 79.524316136186528, 17.213249025904549, 0.0 ], [ 79.520758720205265, 17.226616672703422, 0.0 ], [ 79.519763198316653, 17.233561648198297, 0.0 ], [ 79.502333628849797, 17.231296911381232, 0.0 ], [ 79.498464017083592, 17.233151102168069, 0.0 ], [ 79.49398894523128, 17.233638544578348, 0.0 ], [ 79.495664313659091, 17.250958364443232, 0.0 ], [ 79.493099974489951, 17.257460546488851, 0.0 ], [ 79.495663463111825, 17.259529937954859, 0.0 ], [ 79.497205322949128, 17.262620895538976, 0.0 ], [ 79.494680887437539, 17.268554806819132, 0.0 ], [ 79.491051785967628, 17.282463917676925, 0.0 ], [ 79.486456155526852, 17.294767692001038, 0.0 ], [ 79.48431937727554, 17.312988049462241, 0.0 ], [ 79.475090851525323, 17.330649789231888, 0.0 ], [ 79.471001910684038, 17.334785264020152, 0.0 ], [ 79.463644041039061, 17.340116522815485, 0.0 ], [ 79.453720884440358, 17.345276693093972, 0.0 ], [ 79.450991577818527, 17.352099605949881, 0.0 ], [ 79.441977113620382, 17.364081883210289, 0.0 ], [ 79.421856503505012, 17.376450944488234, 0.0 ], [ 79.418982370100551, 17.384497904729876, 0.0 ], [ 79.41452525373424, 17.391786212770384, 0.0 ], [ 79.41241140577408, 17.399357645826605, 0.0 ], [ 79.413157398254029, 17.402413311314685, 0.0 ], [ 79.416105145548229, 17.406728042047963, 0.0 ], [ 79.422702207710614, 17.412019696470097, 0.0 ], [ 79.424743954979249, 17.415859498499824, 0.0 ], [ 79.422893194706575, 17.426154059400524, 0.0 ], [ 79.419801909631659, 17.433309079298084, 0.0 ], [ 79.411100676615987, 17.444698952712681, 0.0 ], [ 79.406783362528614, 17.451960495195383, 0.0 ], [ 79.391086283919066, 17.465650931517885, 0.0 ], [ 79.377408957329763, 17.473414534167826, 0.0 ], [ 79.376109970738568, 17.474845415314345, 0.0 ], [ 79.373141726251916, 17.482294130055184, 0.0 ], [ 79.366210670294464, 17.486534388965005, 0.0 ], [ 79.369007885163938, 17.491662560848305, 0.0 ], [ 79.362994566464664, 17.500991652337198, 0.0 ], [ 79.373025961852477, 17.503298545630244, 0.0 ], [ 79.373220973929008, 17.504628738099168, 0.0 ], [ 79.376910766938593, 17.507008198419161, 0.0 ], [ 79.37888685584555, 17.511416872791951, 0.0 ], [ 79.383728863820522, 17.511940249091236, 0.0 ], [ 79.402097182569889, 17.502419240223858, 0.0 ], [ 79.407558861737471, 17.501421055452919, 0.0 ], [ 79.412548635201702, 17.498837862681039, 0.0 ], [ 79.417730237995031, 17.500744915971168, 0.0 ], [ 79.421597316933983, 17.500984488145694, 0.0 ], [ 79.424579428537271, 17.50274174118886, 0.0 ], [ 79.429350174899398, 17.511780746048942, 0.0 ], [ 79.430212854691305, 17.516902818613794, 0.0 ], [ 79.444315127926856, 17.514405150446358, 0.0 ], [ 79.444083173023174, 17.512853283824331, 0.0 ], [ 79.44928979266011, 17.51285638762764, 0.0 ], [ 79.453366786902052, 17.511746115930716, 0.0 ], [ 79.462393914704037, 17.513684556871826, 0.0 ], [ 79.472400819177452, 17.514564902069747, 0.0 ], [ 79.485104943455894, 17.510109139170336, 0.0 ], [ 79.489011541896247, 17.507265868275589, 0.0 ], [ 79.494894605819937, 17.500277020127854, 0.0 ], [ 79.500856533083507, 17.496217920261813, 0.0 ], [ 79.509405120687774, 17.495832792283412, 0.0 ], [ 79.516786937472858, 17.494157958533975, 0.0 ], [ 79.521806421213185, 17.494764267609401, 0.0 ], [ 79.522091519310038, 17.496167053982035, 0.0 ], [ 79.524662642987579, 17.499280295504224, 0.0 ], [ 79.524719158140755, 17.502137882843972, 0.0 ], [ 79.523295821876431, 17.504107113570107, 0.0 ], [ 79.523340416499977, 17.505563076991887, 0.0 ], [ 79.526081831615869, 17.512388826059357, 0.0 ], [ 79.530724145317734, 17.517880399009432, 0.0 ], [ 79.540461263788657, 17.524204054396396, 0.0 ], [ 79.541550461626386, 17.526962255416155, 0.0 ], [ 79.545938690472937, 17.522845191785816, 0.0 ], [ 79.551362001541605, 17.515115801013273, 0.0 ], [ 79.551329832958359, 17.512986241838259, 0.0 ], [ 79.553900571061405, 17.50850376169155, 0.0 ], [ 79.562965073857782, 17.50098056337805, 0.0 ], [ 79.565981701888219, 17.497570860809915, 0.0 ], [ 79.570035464340478, 17.502154844010736, 0.0 ], [ 79.576755697058687, 17.503861278920546, 0.0 ], [ 79.584188909554413, 17.503233235365194, 0.0 ], [ 79.590495268209679, 17.499706737006896, 0.0 ], [ 79.59325844894957, 17.499230174964545, 0.0 ], [ 79.596135165879261, 17.499667389148929, 0.0 ], [ 79.597243194138258, 17.501548287119093, 0.0 ], [ 79.594351210481932, 17.506463991725976, 0.0 ], [ 79.594131263364432, 17.510211005364315, 0.0 ], [ 79.591133419067788, 17.51658195857587, 0.0 ], [ 79.591371566082572, 17.519074041677246, 0.0 ], [ 79.589891536158333, 17.520202520217126, 0.0 ], [ 79.59185967910453, 17.522552774598132, 0.0 ], [ 79.589636914998721, 17.524288354385916, 0.0 ], [ 79.589681517644365, 17.528909033847238, 0.0 ], [ 79.592175205251195, 17.528707176218262, 0.0 ], [ 79.595108301553438, 17.527241268939914, 0.0 ], [ 79.599160159585466, 17.516077912482167, 0.0 ], [ 79.599231877807014, 17.511742682719529, 0.0 ], [ 79.602678178085867, 17.508226191292152, 0.0 ], [ 79.603653188736743, 17.499002886731009, 0.0 ], [ 79.609623210262171, 17.496821603875052, 0.0 ], [ 79.612816605170977, 17.500180453359484, 0.0 ], [ 79.616289520344452, 17.499014876014133, 0.0 ], [ 79.62078684776435, 17.500543420403943, 0.0 ], [ 79.626401242520387, 17.496732674500162, 0.0 ], [ 79.629602531154603, 17.490918082145985, 0.0 ], [ 79.639152588481181, 17.486571389478947, 0.0 ], [ 79.642013150800423, 17.487460006860843, 0.0 ], [ 79.650213674372509, 17.493334067712642, 0.0 ], [ 79.653884374510184, 17.493217572905078, 0.0 ], [ 79.65543564577257, 17.494010367970358, 0.0 ], [ 79.658716886630813, 17.488019364975088, 0.0 ], [ 79.659104861386041, 17.484345276480582, 0.0 ], [ 79.657890057683787, 17.480877275516075, 0.0 ], [ 79.65649069645589, 17.471047371033844, 0.0 ], [ 79.66120876404932, 17.46934794412681, 0.0 ], [ 79.66296007228523, 17.467397214738256, 0.0 ], [ 79.670888003359678, 17.465248994586588, 0.0 ], [ 79.690258817262901, 17.454888623717618, 0.0 ], [ 79.692516296010311, 17.455742613415001, 0.0 ], [ 79.697381030361527, 17.454906513376486, 0.0 ], [ 79.697061067489344, 17.455972299300264, 0.0 ], [ 79.6998678334744, 17.456132062820821, 0.0 ], [ 79.700681833350842, 17.450578517242754, 0.0 ], [ 79.700282104908695, 17.448085958750703, 0.0 ], [ 79.702583952938852, 17.447303375174382, 0.0 ], [ 79.704750766942666, 17.444955962054401, 0.0 ], [ 79.707002110625595, 17.447333391109755, 0.0 ], [ 79.707905874877412, 17.446310421236838, 0.0 ], [ 79.710135943907744, 17.445780657294961, 0.0 ], [ 79.718358041856163, 17.434449257886676, 0.0 ], [ 79.719850046728709, 17.434721476451788, 0.0 ], [ 79.73040621202, 17.428434741666315, 0.0 ], [ 79.737628418058733, 17.430327876915086, 0.0 ], [ 79.743628865474349, 17.429101393248221, 0.0 ], [ 79.748551479971695, 17.434272346931596, 0.0 ], [ 79.75200934781671, 17.439828027642683, 0.0 ], [ 79.752519311646282, 17.439468135498288, 0.0 ], [ 79.762003854422446, 17.429857495900297, 0.0 ], [ 79.761009826504548, 17.426160283352509, 0.0 ], [ 79.762226848543264, 17.408097723153563, 0.0 ], [ 79.767273266711456, 17.406112166452026, 0.0 ], [ 79.772472817832281, 17.399614864117122, 0.0 ], [ 79.775548483796157, 17.403278475476831, 0.0 ], [ 79.782728057153477, 17.399993188324817, 0.0 ], [ 79.793127331664735, 17.396939915561202, 0.0 ], [ 79.796982262112735, 17.393489409542816, 0.0 ], [ 79.79452887687853, 17.388259256793155, 0.0 ], [ 79.791431822853241, 17.383944724928259, 0.0 ], [ 79.787682706815204, 17.384203492287455, 0.0 ], [ 79.786699249276509, 17.382708223607445, 0.0 ], [ 79.781167707886624, 17.381089075982711, 0.0 ], [ 79.779285395838187, 17.376918597620197, 0.0 ], [ 79.777656173384287, 17.369249491330471, 0.0 ], [ 79.796204711616269, 17.354196763617534, 0.0 ], [ 79.795102079232521, 17.3505217572331, 0.0 ], [ 79.794604736135852, 17.342164726604363, 0.0 ], [ 79.792916420987382, 17.33774627295287, 0.0 ], [ 79.792862184918604, 17.335779291095065, 0.0 ], [ 79.794636466927827, 17.330703157609452, 0.0 ], [ 79.792811726137501, 17.326279663281472, 0.0 ], [ 79.803552359008819, 17.325397145512973, 0.0 ], [ 79.801687478815779, 17.312351362033283, 0.0 ], [ 79.804646109644651, 17.307636210834005, 0.0 ], [ 79.807697285484608, 17.304648391475876, 0.0 ], [ 79.809082933474087, 17.301460746006207, 0.0 ], [ 79.813116592780389, 17.297422543691763, 0.0 ], [ 79.814909488523753, 17.293458536238031, 0.0 ], [ 79.818790520432685, 17.289957818571235, 0.0 ], [ 79.819084451119451, 17.287964723729718, 0.0 ], [ 79.817426189734476, 17.284346777036134, 0.0 ], [ 79.818027726317013, 17.28189357883419, 0.0 ], [ 79.830467718566382, 17.270475581179049, 0.0 ], [ 79.83228397593264, 17.271968812209913, 0.0 ], [ 79.832788830462206, 17.271563532856142, 0.0 ], [ 79.834447957069173, 17.274991471331489, 0.0 ], [ 79.836068590950035, 17.274462942998461, 0.0 ], [ 79.836541620811744, 17.277941452072433, 0.0 ], [ 79.83810611769826, 17.278733021144468, 0.0 ], [ 79.838201785613151, 17.279682879379585, 0.0 ], [ 79.840405706773865, 17.279255625818102, 0.0 ], [ 79.845141577554813, 17.277443558351631, 0.0 ], [ 79.845903773777522, 17.276089483766874, 0.0 ], [ 79.868123682681968, 17.262280034497838, 0.0 ], [ 79.869725821117257, 17.263062490638745, 0.0 ], [ 79.86985334480498, 17.264392180762655, 0.0 ], [ 79.871495055339608, 17.266078984735511, 0.0 ], [ 79.872817695116311, 17.266001505872755, 0.0 ], [ 79.874288623921558, 17.265137705502617, 0.0 ], [ 79.874827097887817, 17.263023249387111, 0.0 ], [ 79.881394811860616, 17.259090581261642, 0.0 ], [ 79.886984606907589, 17.259296611023846, 0.0 ], [ 79.890099787391293, 17.256258067952064, 0.0 ], [ 79.889538733654518, 17.259643064284955, 0.0 ], [ 79.894296465341483, 17.256527759035553, 0.0 ], [ 79.900680060506104, 17.254117737382934, 0.0 ], [ 79.900228648684788, 17.246294306545764, 0.0 ], [ 79.902232221248369, 17.24661187553966, 0.0 ], [ 79.899704699463356, 17.236028929207176, 0.0 ], [ 79.897321726087085, 17.236745588162833, 0.0 ], [ 79.895739027419168, 17.231170563009918, 0.0 ], [ 79.901876829050366, 17.211817453967093, 0.0 ], [ 79.886246215357403, 17.209376606881872, 0.0 ], [ 79.881952389002137, 17.198417319044456, 0.0 ], [ 79.876566255065711, 17.193857453659504, 0.0 ], [ 79.877608809775438, 17.192951647922019, 0.0 ], [ 79.881050952714261, 17.173898367023771, 0.0 ], [ 79.885040644720206, 17.173629640627119, 0.0 ], [ 79.888676907808943, 17.171998703832966, 0.0 ], [ 79.890741137356571, 17.167686439413476, 0.0 ], [ 79.898934121109349, 17.15555994136966, 0.0 ], [ 79.909764987006454, 17.151149972356642, 0.0 ], [ 79.912522951559438, 17.14892388833767, 0.0 ], [ 79.918388061511706, 17.129731661860614, 0.0 ], [ 79.921847830753265, 17.128592619792006, 0.0 ], [ 79.925244876066301, 17.129623741017198, 0.0 ], [ 79.931890646040401, 17.127692670364311, 0.0 ], [ 79.939274737668995, 17.130655867973626, 0.0 ], [ 79.943505521763882, 17.134569226875055, 0.0 ], [ 79.946188830700819, 17.135268065815524, 0.0 ], [ 79.951005696145828, 17.129773039658307, 0.0 ], [ 79.958664830999282, 17.126898746503549, 0.0 ], [ 79.962056823336241, 17.12467814175459, 0.0 ], [ 79.964398981858608, 17.119371004980998, 0.0 ], [ 79.969797944695344, 17.112181371883082, 0.0 ], [ 79.985699576799604, 17.096507170486053, 0.0 ], [ 79.991353934114429, 17.086346725538515, 0.0 ], [ 79.992343611645552, 17.081800178908068, 0.0 ], [ 79.995448872086001, 17.077254102843774, 0.0 ], [ 80.0059602768237, 17.068284805631144, 0.0 ], [ 80.008878088091464, 17.067048071589483, 0.0 ], [ 80.012971474923191, 17.06756845175164, 0.0 ], [ 80.015682316871661, 17.066394461109567, 0.0 ], [ 80.022575265366399, 17.058180265135611, 0.0 ], [ 80.02728940114855, 17.054672739813675, 0.0 ], [ 80.030296745964094, 17.053205304119132, 0.0 ], [ 80.035963785810992, 17.054117561704111, 0.0 ], [ 80.037916149927426, 17.053484288573898, 0.0 ], [ 80.039763642580454, 17.051453455697839, 0.0 ], [ 80.040734481826803, 17.048367121595454, 0.0 ], [ 80.039762865137476, 17.043752697256277, 0.0 ], [ 80.040347134616056, 17.03909195245901, 0.0 ], [ 80.038124512878781, 17.032770007845684, 0.0 ], [ 80.036870292400565, 17.024442521522499, 0.0 ], [ 80.039317220175278, 17.023254079134652, 0.0 ], [ 80.039275139644801, 17.021151327872481, 0.0 ], [ 80.041566378260185, 17.020147885555563, 0.0 ], [ 80.043578306256805, 17.017999711599913, 0.0 ], [ 80.04632949733454, 17.017245913514191, 0.0 ], [ 80.045794879976867, 17.014689936828095, 0.0 ], [ 80.049669521905685, 17.013857132568031, 0.0 ], [ 80.051327367403573, 17.012336687262852, 0.0 ], [ 80.050958340535388, 17.011354713024922, 0.0 ], [ 80.055134419628232, 17.010174199284016, 0.0 ], [ 80.060138458673805, 17.010772445568033, 0.0 ], [ 80.061997426921764, 17.009627721327639, 0.0 ], [ 80.05955279371733, 17.003640116196593, 0.0 ], [ 80.059935393654911, 17.000651982272661, 0.0 ], [ 80.056151399693135, 16.99893936277515, 0.0 ], [ 80.057593594947349, 16.997088352254643, 0.0 ], [ 80.056427409352921, 16.995326932305957, 0.0 ], [ 80.060522634405473, 16.99020297043797, 0.0 ], [ 80.061187169144972, 16.987256052758614, 0.0 ], [ 80.060349395171784, 16.983614159452834, 0.0 ], [ 80.055533664136476, 16.972764981428575, 0.0 ], [ 80.055695700638111, 16.969699457259978, 0.0 ], [ 80.057427515374641, 16.964317397825546, 0.0 ], [ 80.052446900241762, 16.960151307350579, 0.0 ], [ 80.048218630278853, 16.949710157372643, 0.0 ], [ 80.048492691528153, 16.946988416571266, 0.0 ], [ 80.051895282819004, 16.942383256789739, 0.0 ], [ 80.050396411651619, 16.936257281903806, 0.0 ], [ 80.044544149022087, 16.929543156316875, 0.0 ], [ 80.03955052148369, 16.917354557046856, 0.0 ], [ 80.037508283639099, 16.918842393284468, 0.0 ], [ 80.031447614823648, 16.917160540675351, 0.0 ], [ 80.027058492905496, 16.917820112869663, 0.0 ], [ 80.024555943814093, 16.915340880594826, 0.0 ], [ 80.017382959592524, 16.915256923650205, 0.0 ], [ 80.012416354751807, 16.89296546606818, 0.0 ], [ 80.004578046281367, 16.881330054079275, 0.0 ], [ 80.005082748969045, 16.876736814448499, 0.0 ], [ 80.001558977466374, 16.867969285785964, 0.0 ], [ 79.998761471473017, 16.865498151441674, 0.0 ], [ 80.00363021659679, 16.8641800652737, 0.0 ], [ 80.003950231836754, 16.862078051247401, 0.0 ], [ 80.017038462576792, 16.854515553807662, 0.0 ], [ 80.017896186502924, 16.85518217296255, 0.0 ], [ 80.029004698321003, 16.852308394443412, 0.0 ], [ 80.041347050900015, 16.853868371828288, 0.0 ], [ 80.046841982846786, 16.853626892975939, 0.0 ], [ 80.046401381652103, 16.838969734401001, 0.0 ], [ 80.048174847751042, 16.833515288611316, 0.0 ], [ 80.051186826020071, 16.830514396723466, 0.0 ], [ 80.059495062591552, 16.825471573299549, 0.0 ], [ 80.066338404268791, 16.822406006951482, 0.0 ], [ 80.070791302989832, 16.821587423513932, 0.0 ], [ 80.071061216893412, 16.818377265997107, 0.0 ], [ 80.071950681776912, 16.817415854376875, 0.0 ], [ 80.073251150446183, 16.817477211041801, 0.0 ], [ 80.070799445695343, 16.813524481914676, 0.0 ], [ 80.069806446524126, 16.808154592634242, 0.0 ], [ 80.070599211446023, 16.801978880384695, 0.0 ], [ 80.066449725766859, 16.786699050215766, 0.0 ], [ 80.063144346384945, 16.780533061624411, 0.0 ], [ 80.056746648638367, 16.771841676115326, 0.0 ], [ 80.05385952304529, 16.765721586162876, 0.0 ], [ 80.053451378269685, 16.763545537082699, 0.0 ], [ 80.055301703208457, 16.750670072336703, 0.0 ], [ 80.055111881748203, 16.745328899478899, 0.0 ], [ 80.051020390334273, 16.740653319514344, 0.0 ], [ 80.039777796500445, 16.731412916253948, 0.0 ], [ 80.036641482923571, 16.727946561351398, 0.0 ], [ 80.034090087452498, 16.723292034418193, 0.0 ], [ 80.03233419826438, 16.717617222321586, 0.0 ], [ 80.030538282425141, 16.715067217523227, 0.0 ], [ 80.025323465304368, 16.711614241402959, 0.0 ], [ 80.0221442761503, 16.710616713656876, 0.0 ], [ 80.007581822893869, 16.709127305509284, 0.0 ], [ 80.002408813323285, 16.706089831059167, 0.0 ], [ 80.000566176550151, 16.703638905070036, 0.0 ], [ 79.99741126798709, 16.70238329949872, 0.0 ], [ 79.994994494595801, 16.698777847297052, 0.0 ], [ 79.987712848564698, 16.682136383483595, 0.0 ], [ 79.979381146576429, 16.665632221714759, 0.0 ], [ 79.965658634950032, 16.646387252946596, 0.0 ], [ 79.961610432551879, 16.64287214842787, 0.0 ], [ 79.947511391702037, 16.635319793109726, 0.0 ], [ 79.936022747082561, 16.632255103449328, 0.0 ], [ 79.930545847212656, 16.63157115224773, 0.0 ], [ 79.914522570574334, 16.632983844319277, 0.0 ], [ 79.908897277601369, 16.634872167607558, 0.0 ], [ 79.895742832442309, 16.647524945068753, 0.0 ], [ 79.893726171123859, 16.65040442969774, 0.0 ], [ 79.890383252676997, 16.660402870554975, 0.0 ], [ 79.885948732173617, 16.686384502109362, 0.0 ], [ 79.883447171803013, 16.691103083143581, 0.0 ], [ 79.878361049515306, 16.696967246617501, 0.0 ], [ 79.858852498572347, 16.704945449337906, 0.0 ], [ 79.851068311736839, 16.706129277365697, 0.0 ], [ 79.847036904178822, 16.704850694351453, 0.0 ], [ 79.828162586991638, 16.694073964452826, 0.0 ], [ 79.821094395005872, 16.69180387766491, 0.0 ], [ 79.817269062801159, 16.692157925368118, 0.0 ], [ 79.813922905219442, 16.693662182018169, 0.0 ], [ 79.811202708895237, 16.695973293870757, 0.0 ], [ 79.798878894302902, 16.710969726490898, 0.0 ], [ 79.793117216037928, 16.725123487099573, 0.0 ], [ 79.788573448982604, 16.729273383283491, 0.0 ], [ 79.784090577057171, 16.730832057126843, 0.0 ], [ 79.779127782086718, 16.731403177636192, 0.0 ], [ 79.772775205580032, 16.730861489926212, 0.0 ], [ 79.768569250050703, 16.72855879345985, 0.0 ], [ 79.744622541887637, 16.719371615406928, 0.0 ], [ 79.741795366854191, 16.716245698993728, 0.0 ], [ 79.739494696247021, 16.710462461691776, 0.0 ], [ 79.729331272512937, 16.6957961796926, 0.0 ], [ 79.725521988205656, 16.691974492281027, 0.0 ], [ 79.722904554296477, 16.690567531836344, 0.0 ], [ 79.713899595723419, 16.689534996100353, 0.0 ], [ 79.706928237974566, 16.691562233765175, 0.0 ], [ 79.698871150268488, 16.691676725278612, 0.0 ], [ 79.685527346881045, 16.69485490844605, 0.0 ], [ 79.681553727645465, 16.694663277932701, 0.0 ], [ 79.679159991066072, 16.69369531238771, 0.0 ], [ 79.699840647732771, 16.718741924703998, 0.0 ], [ 79.688687374829257, 16.722882768230225, 0.0 ], [ 79.674470791343879, 16.724361075277919, 0.0 ], [ 79.668072673114892, 16.73362492334304, 0.0 ], [ 79.668868473714525, 16.743025351083066, 0.0 ], [ 79.670882953667657, 16.748374039264274, 0.0 ], [ 79.670524539160127, 16.751013620997838, 0.0 ], [ 79.673463916301515, 16.756347805279482, 0.0 ], [ 79.674159833097235, 16.763893632311262, 0.0 ], [ 79.673519949945245, 16.779940635531695, 0.0 ], [ 79.666477955037834, 16.803374408738375, 0.0 ], [ 79.665865597673005, 16.814962489824037, 0.0 ], [ 79.668342002393814, 16.828959323311331, 0.0 ], [ 79.667959779213362, 16.841642524148693, 0.0 ], [ 79.664998366479608, 16.847903176244255, 0.0 ], [ 79.658483670209009, 16.854823439102859, 0.0 ] ] ] } },
{ "type": "Feature", "properties": { "DISTRICT": "VIKARABAD", "Dist_LGD": "698" }, "geometry": { "type": "Polygon", "coordinates": [ [ [ 77.533277904837078, 16.931652167777994, 0.0 ], [ 77.525017335635297, 16.925788698523572, 0.0 ], [ 77.515919077919165, 16.933697674872143, 0.0 ], [ 77.515913743149213, 16.938088853392745, 0.0 ], [ 77.519104909194326, 16.940517060270246, 0.0 ], [ 77.52406912908836, 16.947198483854148, 0.0 ], [ 77.523160202899916, 16.948583162812849, 0.0 ], [ 77.52103243450324, 16.948209649746545, 0.0 ], [ 77.509354070551865, 16.95049702748501, 0.0 ], [ 77.500711829594209, 16.9499456466061, 0.0 ], [ 77.472355322674403, 16.957393404960648, 0.0 ], [ 77.478297888600764, 16.968366960826309, 0.0 ], [ 77.481341314618547, 16.970430221442644, 0.0 ], [ 77.482203326080906, 16.972996766053569, 0.0 ], [ 77.482746478500701, 16.98722831430198, 0.0 ], [ 77.479055261590517, 16.99450422600037, 0.0 ], [ 77.479516229714989, 16.996017536714046, 0.0 ], [ 77.486558852385826, 17.00321167989495, 0.0 ], [ 77.491874561844526, 17.003660564869644, 0.0 ], [ 77.493195346982418, 17.005801363625459, 0.0 ], [ 77.495896021808917, 17.006847991830671, 0.0 ], [ 77.497827540606835, 17.009327254904793, 0.0 ], [ 77.502201353904823, 17.009369433038223, 0.0 ], [ 77.502531615751622, 17.014104526796419, 0.0 ], [ 77.500621597843107, 17.019285517357382, 0.0 ], [ 77.497699212454563, 17.02162087086591, 0.0 ], [ 77.494946030032125, 17.027089282575762, 0.0 ], [ 77.496651266803781, 17.04272061959399, 0.0 ], [ 77.488106072909218, 17.047171176663049, 0.0 ], [ 77.487656571197377, 17.049529821851461, 0.0 ], [ 77.489836474830923, 17.050536143357132, 0.0 ], [ 77.486518190163792, 17.054586087434114, 0.0 ], [ 77.486406458249476, 17.056298471426825, 0.0 ], [ 77.483453555157638, 17.058906924507596, 0.0 ], [ 77.481874107018044, 17.065097409043798, 0.0 ], [ 77.479926808410511, 17.068803162806695, 0.0 ], [ 77.478983393150656, 17.072627530409868, 0.0 ], [ 77.481941154377381, 17.075845696642347, 0.0 ], [ 77.480980051368704, 17.079234687953594, 0.0 ], [ 77.476559795249869, 17.079431170797836, 0.0 ], [ 77.467252616784208, 17.086329969530432, 0.0 ], [ 77.466430954322519, 17.087242966380852, 0.0 ], [ 77.466445899557812, 17.08903660304464, 0.0 ], [ 77.462854414548474, 17.094084747171731, 0.0 ], [ 77.463215304501773, 17.10249709237344, 0.0 ], [ 77.464688261182118, 17.107759918173361, 0.0 ], [ 77.463622792930025, 17.109996776508879, 0.0 ], [ 77.459191918545443, 17.109099535575226, 0.0 ], [ 77.457426249262298, 17.111151405711222, 0.0 ], [ 77.455631617744658, 17.111450294937889, 0.0 ], [ 77.454275199934756, 17.114852855873465, 0.0 ], [ 77.449553364890676, 17.115017241159286, 0.0 ], [ 77.445795710855407, 17.117955234911467, 0.0 ], [ 77.442290161382601, 17.116569367076732, 0.0 ], [ 77.438489206120735, 17.116846146973419, 0.0 ], [ 77.436003139021551, 17.114980954083475, 0.0 ], [ 77.414993362207156, 17.122499353055932, 0.0 ], [ 77.406658364196815, 17.124511231416736, 0.0 ], [ 77.403821568196292, 17.132915066201164, 0.0 ], [ 77.384542419061461, 17.140027961718832, 0.0 ], [ 77.377747610380538, 17.140091339834317, 0.0 ], [ 77.378992921570003, 17.147830623959624, 0.0 ], [ 77.378226967636891, 17.15257449718851, 0.0 ], [ 77.366896722727361, 17.154413040934987, 0.0 ], [ 77.365919152485134, 17.155967169118032, 0.0 ], [ 77.366816574478349, 17.158980702920765, 0.0 ], [ 77.365458376884931, 17.15955892672001, 0.0 ], [ 77.36372430799284, 17.158781726899786, 0.0 ], [ 77.36387914576342, 17.162183765378078, 0.0 ], [ 77.362445637589076, 17.163828204096717, 0.0 ], [ 77.366768992074455, 17.169304250548841, 0.0 ], [ 77.36620014519545, 17.172209269557133, 0.0 ], [ 77.370006879617435, 17.17579218746506, 0.0 ], [ 77.37190079798215, 17.181127957011874, 0.0 ], [ 77.372018262815942, 17.182411060631679, 0.0 ], [ 77.369456539237007, 17.186323526147774, 0.0 ], [ 77.3714399083253, 17.189969583098296, 0.0 ], [ 77.373352908787581, 17.19086870318991, 0.0 ], [ 77.373959182123173, 17.194550845934849, 0.0 ], [ 77.372271707173454, 17.19556283077004, 0.0 ], [ 77.376046146821238, 17.197026706934956, 0.0 ], [ 77.381743136131348, 17.197654660521934, 0.0 ], [ 77.383609205374952, 17.196900113767111, 0.0 ], [ 77.386025256747843, 17.19711236815608, 0.0 ], [ 77.387393040306065, 17.196073175939087, 0.0 ], [ 77.390227432363915, 17.196384753897355, 0.0 ], [ 77.392488299498709, 17.195734012918194, 0.0 ], [ 77.393893612745558, 17.194396589161816, 0.0 ], [ 77.396498703700217, 17.204778606101641, 0.0 ], [ 77.396409502823005, 17.207529596772247, 0.0 ], [ 77.397739946847892, 17.208338290027758, 0.0 ], [ 77.398388898041603, 17.210312640995916, 0.0 ], [ 77.400626514280205, 17.209440334425874, 0.0 ], [ 77.401862959104136, 17.210027535178479, 0.0 ], [ 77.402502171059552, 17.209277522314693, 0.0 ], [ 77.403747860361804, 17.209892102684499, 0.0 ], [ 77.401999446261286, 17.212033827865604, 0.0 ], [ 77.401976217674459, 17.214121121353401, 0.0 ], [ 77.39593552918646, 17.213864245288995, 0.0 ], [ 77.388762046450026, 17.215324073811274, 0.0 ], [ 77.382961171738714, 17.217976349237034, 0.0 ], [ 77.380187648380982, 17.222530490090019, 0.0 ], [ 77.397869740862973, 17.233318299959368, 0.0 ], [ 77.404945810230146, 17.236529704840176, 0.0 ], [ 77.408270528729474, 17.241205280467245, 0.0 ], [ 77.410390805662047, 17.240414305934003, 0.0 ], [ 77.411448155739293, 17.237671745990372, 0.0 ], [ 77.420418608698071, 17.23762484783984, 0.0 ], [ 77.421055030342927, 17.24493472075698, 0.0 ], [ 77.422543171571306, 17.250759283479336, 0.0 ], [ 77.426329704442438, 17.256462406443905, 0.0 ], [ 77.431803448896829, 17.258073943850174, 0.0 ], [ 77.435782181833645, 17.260182790353198, 0.0 ], [ 77.438966694823378, 17.263498110124704, 0.0 ], [ 77.441225232717812, 17.267889047011344, 0.0 ], [ 77.443996115374034, 17.270549260118688, 0.0 ], [ 77.450814763346671, 17.270533356183844, 0.0 ], [ 77.453558550179423, 17.276098598933011, 0.0 ], [ 77.456996736643191, 17.277231381397726, 0.0 ], [ 77.458535223749976, 17.278997290395168, 0.0 ], [ 77.458688897188992, 17.280729684606971, 0.0 ], [ 77.45487781865576, 17.287241497537192, 0.0 ], [ 77.437925907536865, 17.291918842550885, 0.0 ], [ 77.43827481332103, 17.294633997867287, 0.0 ], [ 77.43934269316199, 17.29556435956172, 0.0 ], [ 77.440463200463896, 17.299087973534881, 0.0 ], [ 77.440506283090173, 17.301301732301436, 0.0 ], [ 77.442975389070327, 17.301219617898383, 0.0 ], [ 77.443502935963693, 17.303451287337914, 0.0 ], [ 77.44487666006215, 17.304544161205506, 0.0 ], [ 77.445597426488504, 17.307738071760078, 0.0 ], [ 77.447652668616499, 17.307497912553149, 0.0 ], [ 77.448081503175473, 17.309688942090144, 0.0 ], [ 77.448843415441587, 17.309620903009709, 0.0 ], [ 77.451494627252288, 17.317702453819518, 0.0 ], [ 77.452190689735772, 17.317553104753166, 0.0 ], [ 77.452454263137611, 17.327474825404476, 0.0 ], [ 77.453914544780844, 17.329597066209178, 0.0 ], [ 77.454624795461598, 17.329488355882194, 0.0 ], [ 77.454951016826357, 17.331021778935281, 0.0 ], [ 77.456011073727268, 17.331236328226591, 0.0 ], [ 77.457057610041815, 17.347409933721408, 0.0 ], [ 77.45486724911423, 17.351784099880913, 0.0 ], [ 77.451678027698037, 17.352679849401589, 0.0 ], [ 77.452135896473578, 17.356479212835133, 0.0 ], [ 77.451911056185722, 17.358896359112329, 0.0 ], [ 77.451064424733829, 17.359380085944913, 0.0 ], [ 77.452382977570409, 17.362492409556744, 0.0 ], [ 77.451936937223138, 17.364724406124903, 0.0 ], [ 77.452855448227169, 17.367385087008042, 0.0 ], [ 77.452636519272076, 17.372761433418354, 0.0 ], [ 77.453606244638507, 17.373989925841407, 0.0 ], [ 77.461651484703964, 17.373440031578468, 0.0 ], [ 77.46650156607852, 17.371942513832941, 0.0 ], [ 77.479095947527924, 17.370721193117451, 0.0 ], [ 77.477344657255159, 17.368743251090873, 0.0 ], [ 77.475998896791012, 17.368409598131397, 0.0 ], [ 77.476532874411163, 17.363711656358692, 0.0 ], [ 77.474431453981239, 17.361512744026829, 0.0 ], [ 77.47643062815888, 17.360811429735747, 0.0 ], [ 77.478743567807527, 17.357426283091669, 0.0 ], [ 77.48381852043093, 17.354997425776524, 0.0 ], [ 77.488200813156709, 17.358726859585481, 0.0 ], [ 77.50262521324774, 17.357065217033661, 0.0 ], [ 77.507747177188733, 17.35945845058076, 0.0 ], [ 77.51094626996229, 17.35968622076641, 0.0 ], [ 77.511477396809425, 17.360581044203929, 0.0 ], [ 77.515758823517018, 17.360384719573428, 0.0 ], [ 77.524103042455806, 17.364170834321392, 0.0 ], [ 77.529801906891436, 17.370711345138098, 0.0 ], [ 77.530321967504506, 17.374689880826708, 0.0 ], [ 77.532316819818604, 17.375144735430155, 0.0 ], [ 77.533236347006422, 17.380108445217477, 0.0 ], [ 77.532704266273299, 17.380889783682829, 0.0 ], [ 77.529721568699799, 17.38020615089318, 0.0 ], [ 77.526130570802124, 17.382002473611461, 0.0 ], [ 77.526402336348781, 17.384071790830077, 0.0 ], [ 77.524971486768962, 17.384902349611046, 0.0 ], [ 77.525215339582218, 17.386379813460572, 0.0 ], [ 77.524114171430369, 17.386614176735964, 0.0 ], [ 77.524285473125005, 17.387996232927669, 0.0 ], [ 77.537234613896928, 17.402250685980764, 0.0 ], [ 77.537844140306547, 17.406092762975508, 0.0 ], [ 77.536073827736587, 17.407980423787816, 0.0 ], [ 77.52983378618444, 17.408176255810726, 0.0 ], [ 77.514173758630477, 17.41418124081439, 0.0 ], [ 77.512998426046735, 17.430870327428146, 0.0 ], [ 77.53259745332646, 17.442377632159534, 0.0 ], [ 77.537301032083548, 17.443746850513048, 0.0 ], [ 77.552688703973487, 17.437050417376955, 0.0 ], [ 77.561508964415964, 17.437613721830257, 0.0 ], [ 77.575861816830653, 17.430714422518186, 0.0 ], [ 77.575192117715432, 17.445768191766955, 0.0 ], [ 77.576186074012213, 17.456167635162934, 0.0 ], [ 77.584238847186583, 17.454503756070906, 0.0 ], [ 77.587002427750789, 17.451947153721839, 0.0 ], [ 77.594661455161244, 17.449002801955135, 0.0 ], [ 77.597707415383184, 17.44624277304807, 0.0 ], [ 77.602918314736556, 17.444151637855427, 0.0 ], [ 77.614271363217995, 17.445946412005704, 0.0 ], [ 77.614003051935228, 17.464532620464464, 0.0 ], [ 77.613000221058428, 17.466827608477921, 0.0 ], [ 77.615231100675899, 17.472890680916759, 0.0 ], [ 77.617340006550961, 17.47388472020733, 0.0 ], [ 77.622188774231702, 17.473274998027357, 0.0 ], [ 77.638241396694553, 17.473518728065603, 0.0 ], [ 77.640510631244183, 17.476464212050484, 0.0 ], [ 77.644785228907963, 17.477566232770435, 0.0 ], [ 77.647657943735865, 17.487170847628501, 0.0 ], [ 77.647875505119416, 17.496075442581066, 0.0 ], [ 77.649952247733452, 17.499888252015282, 0.0 ], [ 77.657131593253354, 17.506583512010799, 0.0 ], [ 77.654504477872777, 17.495889415820056, 0.0 ], [ 77.653327382895355, 17.493894688555027, 0.0 ], [ 77.652315480347269, 17.482734313911955, 0.0 ], [ 77.655439712305963, 17.483082840830331, 0.0 ], [ 77.657364856931039, 17.480918485469097, 0.0 ], [ 77.670527422845367, 17.477889000868124, 0.0 ], [ 77.676633592171029, 17.478384584792998, 0.0 ], [ 77.685483416961873, 17.47544093089514, 0.0 ], [ 77.688613989770758, 17.475340639652597, 0.0 ], [ 77.689631801912327, 17.482811463114587, 0.0 ], [ 77.689171782924362, 17.486778251374986, 0.0 ], [ 77.688005112425586, 17.48942605082242, 0.0 ], [ 77.692255796684847, 17.49632115397414, 0.0 ], [ 77.692518692823285, 17.498934619387018, 0.0 ], [ 77.688798566767403, 17.510938948765713, 0.0 ], [ 77.68706174613726, 17.512439645228088, 0.0 ], [ 77.687662529827364, 17.520548896449043, 0.0 ], [ 77.690626505601188, 17.526538450048754, 0.0 ], [ 77.695001600056742, 17.528167923840595, 0.0 ], [ 77.70077917294806, 17.527551327221651, 0.0 ], [ 77.701531729134075, 17.525522531461132, 0.0 ], [ 77.703655938565333, 17.526420710381213, 0.0 ], [ 77.705854026022266, 17.524626331187871, 0.0 ], [ 77.709522832826408, 17.526029833347742, 0.0 ], [ 77.71017375375088, 17.528229662368471, 0.0 ], [ 77.743743271435008, 17.549549747783061, 0.0 ], [ 77.746724083079656, 17.549159436193218, 0.0 ], [ 77.754215794076401, 17.554910969161639, 0.0 ], [ 77.761399387916171, 17.558249508142239, 0.0 ], [ 77.760273920574235, 17.573037725868836, 0.0 ], [ 77.761565910496316, 17.579429246101544, 0.0 ], [ 77.765127939404593, 17.584624586462841, 0.0 ], [ 77.769996600023433, 17.584347836875317, 0.0 ], [ 77.772871395011606, 17.593562623435758, 0.0 ], [ 77.774244897107721, 17.601252627532475, 0.0 ], [ 77.767497056843169, 17.612880694926311, 0.0 ], [ 77.761863459801489, 17.613527446216921, 0.0 ], [ 77.761716315985709, 17.615623340706989, 0.0 ], [ 77.760527211744176, 17.615693987340883, 0.0 ], [ 77.757700029176462, 17.61456356242217, 0.0 ], [ 77.749648876289584, 17.613777296883505, 0.0 ], [ 77.749949222934191, 17.617918000083648, 0.0 ], [ 77.745733830405285, 17.617960755411499, 0.0 ], [ 77.746612743439215, 17.624544483119738, 0.0 ], [ 77.749661453561743, 17.624655291074127, 0.0 ], [ 77.752351868888013, 17.623776673751792, 0.0 ], [ 77.756496759383452, 17.625430517345489, 0.0 ], [ 77.758806827597567, 17.625451107317989, 0.0 ], [ 77.762402603894131, 17.627943197350969, 0.0 ], [ 77.764491971579787, 17.626541304545409, 0.0 ], [ 77.768849635730817, 17.627148719761681, 0.0 ], [ 77.771478582270973, 17.626273579321204, 0.0 ], [ 77.776314428372459, 17.627076726232605, 0.0 ], [ 77.781998985980721, 17.630956033371614, 0.0 ], [ 77.783590049565277, 17.638974018612288, 0.0 ], [ 77.790304247126301, 17.637978876938341, 0.0 ], [ 77.791511641695465, 17.632831065364666, 0.0 ], [ 77.79435203710301, 17.628246622286238, 0.0 ], [ 77.797158956235876, 17.626084835601585, 0.0 ], [ 77.799877453240057, 17.625205954309255, 0.0 ], [ 77.799237193010512, 17.626843575787522, 0.0 ], [ 77.803916602879511, 17.628060081903335, 0.0 ], [ 77.810397062668045, 17.627915766399695, 0.0 ], [ 77.815976739761751, 17.626742727347555, 0.0 ], [ 77.819134841237329, 17.630268170641958, 0.0 ], [ 77.819795530635247, 17.629878581511822, 0.0 ], [ 77.822992570812445, 17.632278723970117, 0.0 ], [ 77.82598722686005, 17.629124343807188, 0.0 ], [ 77.829982953547074, 17.628274691916484, 0.0 ], [ 77.833819239113836, 17.625628082793419, 0.0 ], [ 77.834311017383712, 17.626212885347027, 0.0 ], [ 77.835666251853581, 17.62537535655381, 0.0 ], [ 77.839135316912845, 17.621629945066985, 0.0 ], [ 77.843238062082293, 17.619131133648516, 0.0 ], [ 77.849276286201473, 17.618880608244346, 0.0 ], [ 77.851624061454558, 17.617146586080207, 0.0 ], [ 77.855991489766367, 17.613185886270784, 0.0 ], [ 77.855427809094024, 17.610231157370222, 0.0 ], [ 77.852888620824032, 17.608680573791364, 0.0 ], [ 77.857940463596975, 17.61059683171305, 0.0 ], [ 77.858445634391444, 17.612642114841655, 0.0 ], [ 77.861840741409921, 17.61329895421823, 0.0 ], [ 77.862839496986723, 17.616869422132094, 0.0 ], [ 77.8660444816893, 17.618346713350686, 0.0 ], [ 77.866688890365296, 17.620244285275454, 0.0 ], [ 77.867495599461876, 17.619829460231426, 0.0 ], [ 77.866235093731405, 17.616789331207695, 0.0 ], [ 77.867372769227444, 17.614574450611197, 0.0 ], [ 77.867552011724129, 17.61105465392497, 0.0 ], [ 77.874996849362219, 17.603256927865061, 0.0 ], [ 77.873170919142837, 17.600901620392118, 0.0 ], [ 77.870221032636138, 17.600101195172318, 0.0 ], [ 77.868776951190085, 17.597045159954881, 0.0 ], [ 77.871185236563022, 17.594285247986548, 0.0 ], [ 77.870817296305589, 17.593245418949142, 0.0 ], [ 77.872408764835626, 17.589869590491222, 0.0 ], [ 77.871169387218785, 17.589130958692479, 0.0 ], [ 77.871620301698812, 17.585732040378968, 0.0 ], [ 77.872828285558853, 17.582826262069752, 0.0 ], [ 77.876405483033892, 17.581459655559847, 0.0 ], [ 77.882210032986109, 17.581327453184727, 0.0 ], [ 77.886187207197921, 17.580358954455676, 0.0 ], [ 77.897365055500515, 17.582398957227426, 0.0 ], [ 77.913017474613198, 17.576499212206162, 0.0 ], [ 77.922006318868938, 17.575079783069004, 0.0 ], [ 77.926891274536686, 17.572801344446379, 0.0 ], [ 77.929459955781027, 17.572461484535427, 0.0 ], [ 77.932442693229859, 17.567487969083285, 0.0 ], [ 77.936591408314641, 17.567791028471344, 0.0 ], [ 77.936191700741617, 17.565914371303872, 0.0 ], [ 77.934196908548159, 17.563819752147889, 0.0 ], [ 77.933870667023228, 17.561012652974838, 0.0 ], [ 77.935164415517875, 17.559034342092186, 0.0 ], [ 77.936010698240338, 17.555224073208922, 0.0 ], [ 77.940263052072439, 17.551169816786679, 0.0 ], [ 77.939032511154494, 17.542166793131493, 0.0 ], [ 77.936738978852802, 17.539155249772321, 0.0 ], [ 77.944031519370597, 17.538650364619581, 0.0 ], [ 77.962429351753258, 17.534353194957614, 0.0 ], [ 77.968009342871227, 17.530318733863925, 0.0 ], [ 77.968541046714321, 17.52782919242766, 0.0 ], [ 77.974316913504751, 17.51806839725899, 0.0 ], [ 77.972910149399965, 17.513865008293187, 0.0 ], [ 77.966912559833958, 17.507206404595248, 0.0 ], [ 77.966051008224355, 17.504958051804209, 0.0 ], [ 77.967689793202069, 17.491874579488925, 0.0 ], [ 77.964662552955502, 17.484758201197959, 0.0 ], [ 77.980892606912818, 17.4841095086812, 0.0 ], [ 77.980907937115106, 17.486221141812056, 0.0 ], [ 77.982658758741593, 17.489678022075324, 0.0 ], [ 77.984104702306837, 17.490820908841432, 0.0 ], [ 77.98499563065721, 17.494832860288433, 0.0 ], [ 77.9882895383017, 17.499225683564564, 0.0 ], [ 77.987711747333478, 17.502772652561994, 0.0 ], [ 77.991090610602569, 17.507170940514278, 0.0 ], [ 77.992704405590089, 17.504038578030418, 0.0 ], [ 77.994294766599694, 17.503478581764092, 0.0 ], [ 77.995307305693004, 17.500935929231538, 0.0 ], [ 77.998741856377634, 17.498747201847589, 0.0 ], [ 78.007847429467418, 17.496339911941615, 0.0 ], [ 78.004769606981739, 17.491597182371983, 0.0 ], [ 78.005504870051354, 17.490837175320969, 0.0 ], [ 78.000579740699564, 17.48317004273386, 0.0 ], [ 78.002004219908855, 17.481934270816271, 0.0 ], [ 78.004330396533149, 17.475360289792675, 0.0 ], [ 78.008373275301608, 17.473083561719672, 0.0 ], [ 78.020014505220871, 17.469737770329559, 0.0 ], [ 78.022662293983558, 17.465251582959731, 0.0 ], [ 78.031119843311018, 17.468523723690364, 0.0 ], [ 78.030714495717021, 17.471539348362363, 0.0 ], [ 78.040509806680461, 17.47147615153316, 0.0 ], [ 78.041310451325955, 17.47073939732282, 0.0 ], [ 78.039535293241173, 17.466907481507896, 0.0 ], [ 78.040922393471405, 17.458084006227804, 0.0 ], [ 78.045489406591457, 17.458285799705941, 0.0 ], [ 78.046118437395975, 17.453563626435614, 0.0 ], [ 78.047768703227945, 17.451552497627265, 0.0 ], [ 78.057022362820817, 17.44913120226466, 0.0 ], [ 78.062997493217892, 17.448968951015484, 0.0 ], [ 78.063346622424646, 17.447399541386304, 0.0 ], [ 78.068568355019679, 17.443403323680371, 0.0 ], [ 78.072349632933339, 17.437790072586711, 0.0 ], [ 78.073016774701699, 17.429841761031046, 0.0 ], [ 78.071500969864758, 17.426797782008045, 0.0 ], [ 78.072342651171581, 17.424248252451285, 0.0 ], [ 78.072233898608943, 17.413612345777473, 0.0 ], [ 78.07143224817824, 17.411785624991449, 0.0 ], [ 78.069603683373046, 17.409974248049348, 0.0 ], [ 78.064168993828133, 17.411087894254766, 0.0 ], [ 78.058072452969625, 17.410502666991654, 0.0 ], [ 78.057393936665903, 17.411665993893017, 0.0 ], [ 78.05130255538333, 17.412179424057037, 0.0 ], [ 78.047141726893699, 17.401401964804961, 0.0 ], [ 78.043729537439532, 17.397085302059878, 0.0 ], [ 78.036004353168394, 17.390837867252831, 0.0 ], [ 78.036189290555583, 17.388108975040257, 0.0 ], [ 78.034568856450193, 17.386643277261239, 0.0 ], [ 78.032925271012587, 17.379150124920049, 0.0 ], [ 78.031018680562809, 17.377229004567674, 0.0 ], [ 78.028012798618704, 17.375860306963258, 0.0 ], [ 78.025215309849173, 17.370284310221301, 0.0 ], [ 78.022083531934697, 17.370315657864733, 0.0 ], [ 78.021756905781643, 17.367847705160148, 0.0 ], [ 78.023256188546341, 17.366192126635294, 0.0 ], [ 78.023026869088341, 17.364209019195126, 0.0 ], [ 78.021477749742715, 17.363092204780095, 0.0 ], [ 78.020862489775013, 17.355497826409898, 0.0 ], [ 78.017115207433051, 17.346130520978718, 0.0 ], [ 78.017229081511402, 17.344454791582461, 0.0 ], [ 78.012638426186967, 17.344581658004294, 0.0 ], [ 78.00816748314115, 17.341852614513382, 0.0 ], [ 78.005653318429694, 17.338138028680589, 0.0 ], [ 78.006765299920843, 17.337328155415001, 0.0 ], [ 78.005378643745757, 17.328250431652386, 0.0 ], [ 78.007850280512315, 17.327497129199557, 0.0 ], [ 78.007895016955317, 17.325092056234123, 0.0 ], [ 78.009559701397919, 17.32039990698204, 0.0 ], [ 78.012968820469723, 17.31996044424714, 0.0 ], [ 78.013623988510446, 17.3135698498808, 0.0 ], [ 78.014837645794287, 17.312146127620629, 0.0 ], [ 78.032573476105341, 17.30888854566663, 0.0 ], [ 78.031594005776583, 17.303292865428279, 0.0 ], [ 78.035627389699727, 17.301842909447991, 0.0 ], [ 78.037972075316446, 17.299545809646148, 0.0 ], [ 78.042027368646316, 17.298597836649069, 0.0 ], [ 78.044124726628581, 17.296483099909377, 0.0 ], [ 78.047204538549707, 17.295614351126307, 0.0 ], [ 78.045761628973409, 17.284130604110889, 0.0 ], [ 78.043452981883263, 17.275277427818821, 0.0 ], [ 78.046676822034243, 17.273017576729558, 0.0 ], [ 78.048587489930824, 17.26623879232115, 0.0 ], [ 78.059476808501145, 17.251903022647674, 0.0 ], [ 78.058181104504357, 17.2489943052881, 0.0 ], [ 78.050885082309705, 17.243864112045525, 0.0 ], [ 78.051043425578527, 17.235681393789001, 0.0 ], [ 78.047060996720617, 17.236553467568033, 0.0 ], [ 78.044425008893299, 17.234366085562105, 0.0 ], [ 78.044493955123215, 17.232612473121289, 0.0 ], [ 78.051963252421572, 17.212811262304118, 0.0 ], [ 78.046999931162532, 17.20862115761232, 0.0 ], [ 78.043936808413022, 17.19431922812343, 0.0 ], [ 78.040921155372871, 17.188677233959094, 0.0 ], [ 78.041521910032756, 17.188037527161196, 0.0 ], [ 78.045341807698463, 17.188045393097415, 0.0 ], [ 78.043817966220672, 17.185378041355793, 0.0 ], [ 78.042956654509652, 17.179760793572108, 0.0 ], [ 78.042974345168446, 17.17382365522624, 0.0 ], [ 78.044291963308055, 17.168882769311029, 0.0 ], [ 78.041229032619356, 17.166667842145213, 0.0 ], [ 78.032027364442129, 17.168618882477851, 0.0 ], [ 78.023579372077194, 17.168226819189883, 0.0 ], [ 78.023463009679304, 17.167379943485056, 0.0 ], [ 78.021629629574718, 17.166540019422481, 0.0 ], [ 78.016126565540205, 17.16575699000914, 0.0 ], [ 78.013090957771482, 17.152490180591691, 0.0 ], [ 78.01117997026509, 17.150735995969281, 0.0 ], [ 78.011408600751054, 17.14790335339427, 0.0 ], [ 78.004054743884737, 17.147717742769107, 0.0 ], [ 78.002595931861563, 17.141473836901451, 0.0 ], [ 77.998761173681785, 17.13382737064611, 0.0 ], [ 77.996639328186447, 17.131667957508451, 0.0 ], [ 77.994212029364363, 17.131340900301478, 0.0 ], [ 77.991741622833558, 17.128490097561656, 0.0 ], [ 77.991598771553697, 17.122722730568601, 0.0 ], [ 77.993447741525813, 17.122663129199296, 0.0 ], [ 77.992974150289939, 17.114065620951983, 0.0 ], [ 77.991105359987372, 17.111990568444188, 0.0 ], [ 77.992341815497753, 17.10980286582188, 0.0 ], [ 77.990088282751572, 17.103612724205512, 0.0 ], [ 77.983685687599461, 17.104188326915708, 0.0 ], [ 77.98235920212548, 17.1020111203215, 0.0 ], [ 77.979507642669304, 17.101801070952177, 0.0 ], [ 77.975343750635574, 17.09977555300441, 0.0 ], [ 77.971904593562925, 17.101018951080995, 0.0 ], [ 77.96267974294274, 17.099471100030176, 0.0 ], [ 77.954229530248995, 17.099483323122598, 0.0 ], [ 77.954286306801279, 17.095816526603699, 0.0 ], [ 77.951040025722776, 17.093774407085284, 0.0 ], [ 77.948574588061462, 17.092799734377806, 0.0 ], [ 77.947830969831571, 17.093220428489555, 0.0 ], [ 77.946741421710257, 17.091665319938951, 0.0 ], [ 77.942739639666755, 17.089148211470118, 0.0 ], [ 77.936782246880881, 17.086616385005932, 0.0 ], [ 77.934190685953396, 17.08630937084282, 0.0 ], [ 77.933903632648125, 17.085609577631569, 0.0 ], [ 77.93823657855431, 17.082170664083371, 0.0 ], [ 77.949264002565982, 17.080969073919608, 0.0 ], [ 77.949095502760201, 17.07582534454491, 0.0 ], [ 77.942172644980346, 17.075611151904685, 0.0 ], [ 77.934549463010981, 17.070689704243843, 0.0 ], [ 77.924244855156957, 17.066273662990383, 0.0 ], [ 77.922953168117772, 17.063662358864018, 0.0 ], [ 77.923533170833934, 17.057062461791421, 0.0 ], [ 77.922822787483767, 17.052074946542099, 0.0 ], [ 77.926823904992119, 17.050242079770452, 0.0 ], [ 77.929511234359282, 17.050012253627013, 0.0 ], [ 77.932293712903942, 17.048246018924704, 0.0 ], [ 77.932266321947182, 17.047472435290043, 0.0 ], [ 77.931112010490423, 17.047304701261496, 0.0 ], [ 77.931914575143239, 17.043805186498865, 0.0 ], [ 77.930715133588336, 17.039897238910747, 0.0 ], [ 77.932343666360907, 17.037936035368148, 0.0 ], [ 77.933022711864183, 17.03308740625295, 0.0 ], [ 77.934535140950501, 17.032097117186101, 0.0 ], [ 77.935021600648582, 17.028308855355512, 0.0 ], [ 77.938494042043175, 17.027324192176, 0.0 ], [ 77.940278465418643, 17.024211717596526, 0.0 ], [ 77.943997158954886, 17.021629000486936, 0.0 ], [ 77.946420990067423, 17.020654148673568, 0.0 ], [ 77.950816585145461, 17.020607373172247, 0.0 ], [ 77.948356316644094, 17.017122940514014, 0.0 ], [ 77.953647649765387, 17.014680983779229, 0.0 ], [ 77.958830800715276, 17.013689293339201, 0.0 ], [ 77.967810482901953, 17.014248576109416, 0.0 ], [ 77.968471680047557, 17.012904246444936, 0.0 ], [ 77.978346580873236, 17.010357854952595, 0.0 ], [ 77.977542471100946, 17.007449651817748, 0.0 ], [ 77.978114846255778, 17.004598347839185, 0.0 ], [ 77.983784143702962, 16.996421398194322, 0.0 ], [ 77.994847363659787, 16.987936984308007, 0.0 ], [ 77.998896790906912, 16.982879045589229, 0.0 ], [ 77.999774262764134, 16.980022273225035, 0.0 ], [ 77.996478309889071, 16.966104639430299, 0.0 ], [ 77.995273922786836, 16.963996579536516, 0.0 ], [ 77.993342341726375, 16.962911072439017, 0.0 ], [ 77.986387504188542, 16.961458764890459, 0.0 ], [ 77.985593767556082, 16.959210826801524, 0.0 ], [ 77.987831198257652, 16.953263285533779, 0.0 ], [ 77.990031498149122, 16.951322098762152, 0.0 ], [ 77.994123890520143, 16.94949354705826, 0.0 ], [ 77.998763507484199, 16.952668601174484, 0.0 ], [ 78.010874111060801, 16.94992084357629, 0.0 ], [ 78.012227588525107, 16.943569315153741, 0.0 ], [ 78.008489704606802, 16.944140608153237, 0.0 ], [ 78.005654549718145, 16.936496260832271, 0.0 ], [ 78.004629477417311, 16.936194766779991, 0.0 ], [ 78.007295642596333, 16.934168352952664, 0.0 ], [ 78.010074996473179, 16.923921658910693, 0.0 ], [ 78.011287996439336, 16.909713021842528, 0.0 ], [ 78.00877259724956, 16.902818572907695, 0.0 ], [ 78.004357905857745, 16.901622696880477, 0.0 ], [ 78.003171663167237, 16.900333368139734, 0.0 ], [ 77.999709688058971, 16.899211911290379, 0.0 ], [ 77.992426139685833, 16.900143678259223, 0.0 ], [ 77.988056747662583, 16.899092648298247, 0.0 ], [ 77.985527364951309, 16.898153723774207, 0.0 ], [ 77.98293675725381, 16.895391556373209, 0.0 ], [ 77.980615141635212, 16.890701415375368, 0.0 ], [ 77.980430069571241, 16.880921803033793, 0.0 ], [ 77.978503956428426, 16.87691017004396, 0.0 ], [ 77.982949846948031, 16.874136367279569, 0.0 ], [ 77.983317623091764, 16.872919664881046, 0.0 ], [ 77.990406682547203, 16.870959275667307, 0.0 ], [ 77.989048468504009, 16.864019417419886, 0.0 ], [ 77.980271878302588, 16.849208548441631, 0.0 ], [ 77.977639952230163, 16.847160321112725, 0.0 ], [ 77.96786967321097, 16.849879720608421, 0.0 ], [ 77.964411065210598, 16.853691635107371, 0.0 ], [ 77.960170913036464, 16.860560444442047, 0.0 ], [ 77.959526105505191, 16.863220963772207, 0.0 ], [ 77.954891983153573, 16.86856083602315, 0.0 ], [ 77.948261236040238, 16.872099306488579, 0.0 ], [ 77.942840451290067, 16.882643788921087, 0.0 ], [ 77.936391454562951, 16.888770892096577, 0.0 ], [ 77.933740141225087, 16.895780305881964, 0.0 ], [ 77.931855022310913, 16.907063595707481, 0.0 ], [ 77.921496020399715, 16.914291638466917, 0.0 ], [ 77.91673152313237, 16.919728573438601, 0.0 ], [ 77.903333030218917, 16.9264845839411, 0.0 ], [ 77.89890344949815, 16.92677867948392, 0.0 ], [ 77.889809095628522, 16.924898950047162, 0.0 ], [ 77.88347994144705, 16.927787856095804, 0.0 ], [ 77.87742305334578, 16.928911658236135, 0.0 ], [ 77.869634855901737, 16.927739181779085, 0.0 ], [ 77.871813668989262, 16.932763402452771, 0.0 ], [ 77.87790041826851, 16.941051011434936, 0.0 ], [ 77.880542812952896, 16.95152128755533, 0.0 ], [ 77.88424636699348, 16.958174026324446, 0.0 ], [ 77.883207810576963, 16.961367561705512, 0.0 ], [ 77.878422265658287, 16.968218829393802, 0.0 ], [ 77.874203253166826, 16.968858722530129, 0.0 ], [ 77.870489948086217, 16.967876706759181, 0.0 ], [ 77.86961902155285, 16.966595092401437, 0.0 ], [ 77.868797180274541, 16.958458286311, 0.0 ], [ 77.865689183155993, 16.953336609126563, 0.0 ], [ 77.863549171499486, 16.951731932319099, 0.0 ], [ 77.85784432254431, 16.949662243533755, 0.0 ], [ 77.854727701927558, 16.94941543775245, 0.0 ], [ 77.84911669401049, 16.95086514135852, 0.0 ], [ 77.847067291083604, 16.953010285849363, 0.0 ], [ 77.843605549931993, 16.96093097532291, 0.0 ], [ 77.841709916062598, 16.961074586140551, 0.0 ], [ 77.8403147749314, 16.962363367446088, 0.0 ], [ 77.835230910654857, 16.962732783822485, 0.0 ], [ 77.829377891142272, 16.965621507738742, 0.0 ], [ 77.826769096976605, 16.965892519329596, 0.0 ], [ 77.831929256311028, 16.977874757817258, 0.0 ], [ 77.834386919430017, 16.987954180948293, 0.0 ], [ 77.825195591790134, 16.987173959023146, 0.0 ], [ 77.819958311992394, 16.989726422184148, 0.0 ], [ 77.813520239019212, 16.99485958603659, 0.0 ], [ 77.798921904171081, 16.992847721171032, 0.0 ], [ 77.798463584308948, 16.999191194474413, 0.0 ], [ 77.778376841164231, 16.999711828331971, 0.0 ], [ 77.768430156740152, 17.003018760539433, 0.0 ], [ 77.762879447388784, 17.002964720474935, 0.0 ], [ 77.762505264884282, 17.00639757014066, 0.0 ], [ 77.761132325801, 17.009391111046213, 0.0 ], [ 77.760974962456572, 17.014187120924259, 0.0 ], [ 77.763246864744147, 17.016097641636332, 0.0 ], [ 77.765876217487573, 17.022060229342955, 0.0 ], [ 77.75966080122322, 17.02250788957355, 0.0 ], [ 77.751893919263026, 17.024351930125942, 0.0 ], [ 77.74022293632386, 17.029942103320408, 0.0 ], [ 77.737730401443656, 17.029129804034707, 0.0 ], [ 77.735238665541345, 17.029683312503586, 0.0 ], [ 77.731175573638765, 17.029162380618708, 0.0 ], [ 77.734108339805132, 17.033941339548402, 0.0 ], [ 77.72763904177144, 17.038725164823671, 0.0 ], [ 77.721484202758248, 17.039062369514337, 0.0 ], [ 77.714672817981167, 17.040511364109051, 0.0 ], [ 77.711724031763978, 17.033073002503105, 0.0 ], [ 77.705934413346981, 17.030478128413652, 0.0 ], [ 77.70421856045725, 17.0267953986279, 0.0 ], [ 77.699898980291778, 17.026491925697435, 0.0 ], [ 77.69233146242064, 17.024387694436719, 0.0 ], [ 77.687357583664379, 17.020909271801472, 0.0 ], [ 77.686806641234185, 17.021817588049558, 0.0 ], [ 77.685718929332182, 17.020975164328149, 0.0 ], [ 77.676583719561179, 17.028162971453355, 0.0 ], [ 77.673480104048508, 17.028454278828264, 0.0 ], [ 77.672363186791543, 17.031258913113739, 0.0 ], [ 77.668784263842653, 17.03434026094936, 0.0 ], [ 77.661744498687469, 17.034742516381819, 0.0 ], [ 77.657850329450937, 17.03210344363109, 0.0 ], [ 77.654137617599147, 17.027184727579339, 0.0 ], [ 77.651305029436912, 17.02080001111991, 0.0 ], [ 77.648784842653683, 17.020933969345215, 0.0 ], [ 77.649358586898529, 17.018134993618055, 0.0 ], [ 77.646776064090702, 17.018483956945172, 0.0 ], [ 77.645447217104604, 17.019762729171511, 0.0 ], [ 77.641097489627171, 17.018920385335637, 0.0 ], [ 77.640311937336662, 17.01598531057283, 0.0 ], [ 77.637865272987241, 17.014503472428292, 0.0 ], [ 77.635969724358503, 17.01189535194095, 0.0 ], [ 77.633296384081831, 17.005792773276426, 0.0 ], [ 77.630729033150203, 17.002421843228252, 0.0 ], [ 77.632664122892535, 17.001374014936399, 0.0 ], [ 77.638010050713319, 17.002710458099827, 0.0 ], [ 77.641362900915937, 17.006255589419322, 0.0 ], [ 77.642661496164408, 17.005223813364172, 0.0 ], [ 77.648098455210388, 17.008332764145749, 0.0 ], [ 77.653157352913794, 17.007227822330805, 0.0 ], [ 77.654287603627637, 17.005714528126536, 0.0 ], [ 77.653320781899765, 17.003411599447396, 0.0 ], [ 77.651939703538218, 17.000969819636232, 0.0 ], [ 77.644941882867968, 16.995417990136115, 0.0 ], [ 77.646920516458749, 16.993793901168434, 0.0 ], [ 77.644212506975421, 16.990609967037024, 0.0 ], [ 77.635476084958242, 16.987344890201303, 0.0 ], [ 77.630476971767351, 16.987254938621856, 0.0 ], [ 77.624067129118913, 16.984635715976335, 0.0 ], [ 77.623514604456091, 16.977740749738977, 0.0 ], [ 77.625071692858754, 16.975057365376657, 0.0 ], [ 77.622761050113525, 16.96916520342096, 0.0 ], [ 77.623549500332757, 16.960868168820678, 0.0 ], [ 77.623156915543476, 16.953207431619553, 0.0 ], [ 77.615367580443404, 16.949369826723551, 0.0 ], [ 77.609549176156889, 16.94977474590852, 0.0 ], [ 77.605476715849761, 16.948398822676292, 0.0 ], [ 77.603728266768101, 16.946920097827469, 0.0 ], [ 77.602938876341213, 16.936289351969744, 0.0 ], [ 77.593320066889419, 16.930939202711841, 0.0 ], [ 77.595122436983999, 16.928829176944976, 0.0 ], [ 77.594845973217275, 16.925596340673323, 0.0 ], [ 77.595963926805666, 16.924019774980394, 0.0 ], [ 77.59547828283705, 16.920625819667627, 0.0 ], [ 77.596581603352121, 16.914621282881505, 0.0 ], [ 77.588462611584674, 16.914044617783741, 0.0 ], [ 77.583956847667707, 16.912802464206266, 0.0 ], [ 77.580129849964408, 16.909819344896071, 0.0 ], [ 77.578940461081288, 16.906076498503673, 0.0 ], [ 77.568447180361105, 16.907867756642077, 0.0 ], [ 77.566015725120948, 16.911823068936787, 0.0 ], [ 77.558601449405955, 16.904651893577537, 0.0 ], [ 77.557740703123869, 16.902514459512439, 0.0 ], [ 77.555668470118221, 16.90255369494411, 0.0 ], [ 77.553765380173743, 16.903214681723753, 0.0 ], [ 77.546677921872472, 16.90970107956376, 0.0 ], [ 77.545201861555483, 16.913212657672801, 0.0 ], [ 77.545495179052025, 16.917458890815467, 0.0 ], [ 77.543746124296462, 16.919429010543389, 0.0 ], [ 77.543063079078593, 16.921744066428531, 0.0 ], [ 77.540126921083171, 16.923602656805308, 0.0 ], [ 77.537828036071971, 16.9305759551685, 0.0 ], [ 77.533277904837078, 16.931652167777994, 0.0 ] ], [ [ 77.668635718276718, 17.044830999454277, 0.0 ], [ 77.668176382525843, 17.043191246588503, 0.0 ], [ 77.668106608449818, 17.042942160086138, 0.0 ], [ 77.668635718276718, 17.044830999454277, 0.0 ] ], [ [ 77.994827895352287, 17.166611102431983, 0.0 ], [ 77.990552537293937, 17.162360095569529, 0.0 ], [ 77.992571486347671, 17.159697851605234, 0.0 ], [ 77.994027308186816, 17.159539295763857, 0.0 ], [ 78.000177534143418, 17.163630267112541, 0.0 ], [ 78.001472158668506, 17.165851573966311, 0.0 ], [ 77.999475673394727, 17.169471585137366, 0.0 ], [ 77.997013904595093, 17.170558288741066, 0.0 ], [ 77.994827895352287, 17.166611102431983, 0.0 ] ] ] } },
{ "type": "Feature", "properties": { "DISTRICT": "WANAPARTHY", "Dist_LGD": "693" }, "geometry": { "type": "Polygon", "coordinates": [ [ [ 77.883116973126931, 16.232334094758475, 0.0 ], [ 77.8736341861661, 16.23885200975846, 0.0 ], [ 77.869674662481003, 16.240164298501991, 0.0 ], [ 77.866213440986641, 16.242360185110126, 0.0 ], [ 77.861504003390024, 16.247589008267617, 0.0 ], [ 77.856897540063997, 16.251041363717423, 0.0 ], [ 77.843249993552789, 16.258288495295307, 0.0 ], [ 77.840677236690183, 16.261933459042417, 0.0 ], [ 77.832587398622721, 16.266689464997732, 0.0 ], [ 77.828814913968898, 16.270726196640439, 0.0 ], [ 77.823738865268524, 16.273850875994864, 0.0 ], [ 77.812414611301492, 16.283260111266365, 0.0 ], [ 77.803766103477273, 16.289030177404296, 0.0 ], [ 77.792162413699842, 16.295119477096009, 0.0 ], [ 77.775006417861832, 16.307111710063285, 0.0 ], [ 77.762342508843517, 16.313850632488947, 0.0 ], [ 77.73857206555077, 16.324746691941339, 0.0 ], [ 77.728819958456498, 16.331976547769809, 0.0 ], [ 77.720225346395964, 16.334253329196571, 0.0 ], [ 77.705004574361709, 16.336713207169279, 0.0 ], [ 77.703250100956694, 16.337581312988405, 0.0 ], [ 77.700331394288369, 16.340817398729264, 0.0 ], [ 77.694300231185139, 16.342464149682584, 0.0 ], [ 77.68636999935373, 16.347423245669439, 0.0 ], [ 77.685214379513553, 16.348548637350689, 0.0 ], [ 77.684930084379801, 16.351941938795129, 0.0 ], [ 77.679877378748358, 16.356868285332308, 0.0 ], [ 77.677594601834741, 16.360772626133468, 0.0 ], [ 77.674286399147007, 16.362522063644668, 0.0 ], [ 77.666471158220247, 16.364263322683328, 0.0 ], [ 77.664767615931723, 16.36399255963558, 0.0 ], [ 77.666818715506437, 16.366265913022644, 0.0 ], [ 77.665751867806478, 16.368989344313558, 0.0 ], [ 77.66526358469936, 16.379952880626053, 0.0 ], [ 77.669008058496672, 16.385775876385352, 0.0 ], [ 77.672570390135263, 16.38907280768845, 0.0 ], [ 77.676246091950475, 16.391284857980903, 0.0 ], [ 77.68307919210983, 16.393756232532134, 0.0 ], [ 77.684923164337476, 16.397313758508421, 0.0 ], [ 77.688745015483761, 16.400393241771553, 0.0 ], [ 77.694139500367001, 16.401432952255092, 0.0 ], [ 77.705242603348694, 16.40163503684122, 0.0 ], [ 77.713188336653047, 16.400624004368471, 0.0 ], [ 77.712651249078078, 16.401553821203617, 0.0 ], [ 77.713414559566502, 16.405509437107785, 0.0 ], [ 77.711534697055413, 16.408817704921134, 0.0 ], [ 77.711289415498271, 16.411184931827535, 0.0 ], [ 77.714134943983439, 16.413864242271622, 0.0 ], [ 77.716837073202299, 16.420845575201589, 0.0 ], [ 77.717127688052315, 16.431421700505325, 0.0 ], [ 77.72230194357482, 16.431527454291817, 0.0 ], [ 77.723645870261734, 16.420453371680058, 0.0 ], [ 77.72825673608105, 16.414571192257323, 0.0 ], [ 77.741787844511762, 16.401431423873049, 0.0 ], [ 77.742615385358832, 16.399485432300374, 0.0 ], [ 77.748793278859409, 16.401798501625045, 0.0 ], [ 77.751090227304303, 16.403905100549316, 0.0 ], [ 77.750645945357405, 16.39760619281023, 0.0 ], [ 77.748798145335471, 16.391367977288297, 0.0 ], [ 77.749246811146435, 16.388246847806933, 0.0 ], [ 77.759162630178153, 16.391862437123361, 0.0 ], [ 77.761927042840114, 16.394227383679628, 0.0 ], [ 77.759016324825765, 16.403760503562903, 0.0 ], [ 77.758865626628364, 16.409557037577731, 0.0 ], [ 77.755647609215345, 16.414865956876586, 0.0 ], [ 77.754307794885833, 16.421574201964233, 0.0 ], [ 77.764140118101423, 16.422890826060723, 0.0 ], [ 77.793495380374893, 16.422159325563452, 0.0 ], [ 77.793552650371367, 16.420029794928222, 0.0 ], [ 77.790696990902944, 16.411616824389537, 0.0 ], [ 77.792158684329365, 16.408225192725922, 0.0 ], [ 77.796917983929617, 16.405938570397513, 0.0 ], [ 77.80224802417446, 16.397878651391057, 0.0 ], [ 77.81720822929725, 16.391745453708346, 0.0 ], [ 77.826803549998402, 16.396294519955653, 0.0 ], [ 77.831886256245369, 16.397416952893781, 0.0 ], [ 77.828481299711498, 16.399043011852548, 0.0 ], [ 77.826342795121676, 16.401946921889628, 0.0 ], [ 77.823549203328739, 16.407551748769365, 0.0 ], [ 77.825325980504175, 16.408872213519071, 0.0 ], [ 77.829068804434641, 16.410000391753325, 0.0 ], [ 77.836188285213936, 16.414056518174863, 0.0 ], [ 77.847084527680551, 16.41884723823846, 0.0 ], [ 77.85371572675399, 16.419178901592062, 0.0 ], [ 77.867965470714267, 16.426619854616799, 0.0 ], [ 77.863307953802035, 16.43780598768976, 0.0 ], [ 77.863890239206881, 16.446849930797189, 0.0 ], [ 77.87414757968196, 16.447357039183473, 0.0 ], [ 77.880089016225114, 16.449587984231826, 0.0 ], [ 77.89028666971528, 16.449654781656648, 0.0 ], [ 77.891572713708072, 16.45129435707225, 0.0 ], [ 77.89596714499443, 16.451434321937455, 0.0 ], [ 77.90057953021082, 16.44997118299047, 0.0 ], [ 77.90276701992164, 16.44471979866195, 0.0 ], [ 77.916464812034931, 16.442684419642482, 0.0 ], [ 77.919213252232609, 16.44683824367241, 0.0 ], [ 77.922640756785952, 16.449593654933022, 0.0 ], [ 77.924017757868739, 16.451826536538213, 0.0 ], [ 77.924162443859231, 16.45366464139693, 0.0 ], [ 77.92062289729526, 16.463784424665299, 0.0 ], [ 77.922471061645808, 16.466195001200568, 0.0 ], [ 77.927610852936141, 16.469957055318407, 0.0 ], [ 77.930735721060358, 16.474038363224874, 0.0 ], [ 77.931394638269893, 16.476719369159042, 0.0 ], [ 77.931055269714079, 16.48226478420748, 0.0 ], [ 77.933737210122729, 16.490515189559272, 0.0 ], [ 77.935777486975311, 16.49440691411802, 0.0 ], [ 77.940643033259448, 16.499942044559177, 0.0 ], [ 77.941111594473895, 16.501834560708858, 0.0 ], [ 77.967386710426567, 16.501433109861551, 0.0 ], [ 77.967969108206134, 16.504285625763657, 0.0 ], [ 77.977367257664852, 16.502148936493793, 0.0 ], [ 77.983139848150884, 16.50231743326432, 0.0 ], [ 77.98604870319673, 16.504676908146923, 0.0 ], [ 77.985437721402207, 16.507624227096802, 0.0 ], [ 77.986945134516048, 16.510636814970045, 0.0 ], [ 77.985509914892035, 16.515693928214024, 0.0 ], [ 77.989537515973339, 16.518636971709341, 0.0 ], [ 77.992995002227218, 16.516020077945829, 0.0 ], [ 77.995366293249518, 16.516317224714083, 0.0 ], [ 77.994318909617235, 16.52034589741989, 0.0 ], [ 77.996227588983942, 16.528479564834992, 0.0 ], [ 77.997996367309085, 16.531309514176545, 0.0 ], [ 78.007279666816402, 16.532463553533645, 0.0 ], [ 78.018706469816479, 16.528712383932191, 0.0 ], [ 78.01957336522689, 16.530237623981641, 0.0 ], [ 78.019069556416142, 16.531900680224862, 0.0 ], [ 78.020162181623093, 16.533387854866469, 0.0 ], [ 78.013951653987945, 16.545508608398737, 0.0 ], [ 77.998766501403907, 16.553425953777829, 0.0 ], [ 77.997825480987487, 16.554789698485742, 0.0 ], [ 77.998015234440743, 16.55831526157397, 0.0 ], [ 78.002392635665103, 16.56444534908384, 0.0 ], [ 78.002516412957604, 16.566522738901007, 0.0 ], [ 78.003885209245254, 16.567817800752195, 0.0 ], [ 78.009422880930472, 16.566626490000473, 0.0 ], [ 78.022740105287625, 16.566723648529582, 0.0 ], [ 78.0237599552555, 16.56804253937463, 0.0 ], [ 78.014315558404775, 16.577312276113904, 0.0 ], [ 78.012594291361765, 16.580666105216363, 0.0 ], [ 78.013771017796998, 16.585170969427153, 0.0 ], [ 78.022020544211784, 16.58893091182156, 0.0 ], [ 78.00858904157765, 16.595164172916547, 0.0 ], [ 78.006816612834754, 16.594754502824856, 0.0 ], [ 78.00514054708124, 16.591546282607503, 0.0 ], [ 78.004271679337918, 16.591269218589371, 0.0 ], [ 78.003699233523477, 16.59462739366553, 0.0 ], [ 78.000425091941111, 16.594652203505223, 0.0 ], [ 78.00013128571949, 16.598221722108537, 0.0 ], [ 77.998167567986414, 16.599591716053659, 0.0 ], [ 77.998493795592651, 16.602340676643934, 0.0 ], [ 78.00002239301115, 16.602747665221955, 0.0 ], [ 78.000124072813861, 16.607312279426306, 0.0 ], [ 78.008414606862658, 16.615677327154476, 0.0 ], [ 78.012260103973404, 16.617237495210937, 0.0 ], [ 78.021455379782367, 16.616010854188932, 0.0 ], [ 78.025516366855896, 16.616487863172036, 0.0 ], [ 78.031061848742453, 16.622024875846357, 0.0 ], [ 78.037535953566817, 16.624981160391822, 0.0 ], [ 78.038129015427856, 16.625951260568993, 0.0 ], [ 78.051189785366972, 16.625107239658245, 0.0 ], [ 78.056018933673727, 16.623417134551421, 0.0 ], [ 78.057927496092844, 16.626505544531923, 0.0 ], [ 78.062767720828745, 16.624295345203926, 0.0 ], [ 78.069108302627498, 16.624811211450979, 0.0 ], [ 78.068922546341241, 16.618178806229633, 0.0 ], [ 78.07024962609141, 16.614788508211106, 0.0 ], [ 78.076858710326533, 16.609065841014161, 0.0 ], [ 78.089632608756048, 16.604340314862238, 0.0 ], [ 78.101671952444264, 16.59825340168608, 0.0 ], [ 78.111408952094493, 16.598643559069739, 0.0 ], [ 78.113231816276553, 16.597623844463993, 0.0 ], [ 78.116143635851685, 16.598077171979103, 0.0 ], [ 78.119013939089839, 16.592257056907844, 0.0 ], [ 78.125243976832621, 16.591743356692529, 0.0 ], [ 78.122964244508964, 16.585919806099099, 0.0 ], [ 78.116227105555296, 16.573302647112712, 0.0 ], [ 78.118607639534176, 16.573451602814576, 0.0 ], [ 78.119689618729609, 16.563450452693587, 0.0 ], [ 78.122319745597565, 16.563118081315206, 0.0 ], [ 78.123066987335562, 16.563764173511725, 0.0 ], [ 78.122686665602529, 16.552507294510583, 0.0 ], [ 78.116466867280863, 16.544504650873918, 0.0 ], [ 78.112377191266688, 16.541089289709337, 0.0 ], [ 78.111187858367188, 16.537851208940786, 0.0 ], [ 78.108595091624466, 16.52970810789089, 0.0 ], [ 78.10684782751774, 16.515645146216784, 0.0 ], [ 78.104282293893561, 16.50567981479098, 0.0 ], [ 78.104221378276094, 16.501038771369469, 0.0 ], [ 78.103140345636035, 16.499339528194326, 0.0 ], [ 78.103738541883985, 16.495628575870651, 0.0 ], [ 78.102661105845968, 16.49171319299148, 0.0 ], [ 78.099964821858862, 16.48752626817361, 0.0 ], [ 78.124044428505002, 16.474753590413552, 0.0 ], [ 78.125005676663235, 16.471996349762122, 0.0 ], [ 78.131306365899334, 16.469963728022222, 0.0 ], [ 78.130163933731666, 16.466730636464149, 0.0 ], [ 78.133665183428562, 16.465566759493402, 0.0 ], [ 78.147905954544783, 16.456412655510881, 0.0 ], [ 78.156515576556686, 16.454061102643305, 0.0 ], [ 78.162279110059544, 16.453780975398757, 0.0 ], [ 78.176100307259489, 16.44983068321822, 0.0 ], [ 78.192588184318424, 16.450652898521046, 0.0 ], [ 78.195919999885803, 16.44666836386817, 0.0 ], [ 78.200840868105459, 16.447490600786747, 0.0 ], [ 78.20092792398485, 16.439599228664513, 0.0 ], [ 78.19857250751177, 16.433006614990958, 0.0 ], [ 78.199075191760357, 16.427666102511921, 0.0 ], [ 78.201734287535146, 16.417021075745073, 0.0 ], [ 78.201460843882373, 16.409510307659485, 0.0 ], [ 78.209839908223785, 16.409840629100991, 0.0 ], [ 78.222276484841743, 16.412651922841356, 0.0 ], [ 78.230299875812094, 16.417866816465228, 0.0 ], [ 78.233237828695195, 16.418685350988291, 0.0 ], [ 78.246864848549464, 16.415804761465939, 0.0 ], [ 78.258211623700461, 16.40818200257738, 0.0 ], [ 78.262442639543153, 16.40263349811951, 0.0 ], [ 78.257587259201756, 16.397967394996037, 0.0 ], [ 78.252239519034006, 16.391094900438329, 0.0 ], [ 78.263555744072107, 16.387275183402252, 0.0 ], [ 78.269207615510425, 16.386228004531485, 0.0 ], [ 78.270722713134816, 16.396216721658465, 0.0 ], [ 78.270170611096091, 16.400322946271874, 0.0 ], [ 78.274167267526877, 16.399806457128658, 0.0 ], [ 78.277575786423981, 16.403786104996549, 0.0 ], [ 78.281543112185318, 16.40015506600815, 0.0 ], [ 78.288328218981547, 16.400538046123952, 0.0 ], [ 78.296677578810034, 16.393008635580308, 0.0 ], [ 78.303087287625004, 16.391731727239339, 0.0 ], [ 78.309709056206003, 16.388652334381725, 0.0 ], [ 78.314397297709178, 16.381613496835946, 0.0 ], [ 78.315017263777207, 16.36960725725384, 0.0 ], [ 78.313647524466731, 16.362989811297652, 0.0 ], [ 78.312004223192019, 16.360363214769873, 0.0 ], [ 78.308671384918995, 16.348718740190218, 0.0 ], [ 78.304566087384956, 16.349300363929547, 0.0 ], [ 78.303546595691657, 16.350411518471308, 0.0 ], [ 78.301541719860381, 16.347880532817648, 0.0 ], [ 78.301019876582245, 16.345527790962858, 0.0 ], [ 78.298730472010789, 16.342044094201086, 0.0 ], [ 78.297338479863157, 16.334137280291518, 0.0 ], [ 78.295510135612005, 16.333019203544499, 0.0 ], [ 78.291779878782023, 16.333183906055819, 0.0 ], [ 78.290988837017451, 16.332289143406499, 0.0 ], [ 78.290704652715831, 16.330477081572059, 0.0 ], [ 78.292407939000697, 16.329784745677635, 0.0 ], [ 78.292877605503278, 16.326316056415905, 0.0 ], [ 78.28872713687133, 16.326376814705259, 0.0 ], [ 78.281281129334886, 16.329180153980491, 0.0 ], [ 78.26374690241515, 16.333120744814384, 0.0 ], [ 78.259174759718448, 16.313343735473605, 0.0 ], [ 78.258449085529989, 16.306293962082151, 0.0 ], [ 78.259682985675909, 16.303062148261713, 0.0 ], [ 78.255292170808289, 16.297658054101532, 0.0 ], [ 78.256454399068488, 16.28974628403812, 0.0 ], [ 78.265917992568916, 16.284965207534089, 0.0 ], [ 78.262993348426278, 16.278028805670491, 0.0 ], [ 78.261521348977169, 16.276927731303772, 0.0 ], [ 78.259928989160699, 16.273242935483282, 0.0 ], [ 78.252935590112074, 16.273435712812336, 0.0 ], [ 78.244907636561678, 16.268275802972997, 0.0 ], [ 78.238781272407081, 16.26965776973914, 0.0 ], [ 78.234334969780519, 16.267434789954176, 0.0 ], [ 78.233274710258542, 16.265152966475956, 0.0 ], [ 78.22797302542034, 16.262002563982836, 0.0 ], [ 78.228436179499937, 16.277530123845395, 0.0 ], [ 78.215326661374391, 16.287895832357236, 0.0 ], [ 78.211710615467609, 16.288372475589615, 0.0 ], [ 78.211488967341595, 16.280405219535318, 0.0 ], [ 78.20495709680327, 16.268613155762971, 0.0 ], [ 78.209222901158483, 16.266853549852204, 0.0 ], [ 78.220549592174507, 16.260049190283389, 0.0 ], [ 78.220130289875655, 16.254155977415838, 0.0 ], [ 78.218590069404001, 16.247859703389903, 0.0 ], [ 78.217117094790396, 16.24492739330822, 0.0 ], [ 78.212975346851309, 16.24107410967574, 0.0 ], [ 78.210665735680934, 16.241269740253816, 0.0 ], [ 78.203065373335235, 16.245084000483264, 0.0 ], [ 78.200299468898436, 16.24569263527523, 0.0 ], [ 78.200113190464805, 16.235844604524136, 0.0 ], [ 78.192540095481135, 16.228059728823325, 0.0 ], [ 78.196389605008235, 16.22432501033509, 0.0 ], [ 78.199935358105719, 16.222147250322074, 0.0 ], [ 78.200897557518601, 16.214681303078709, 0.0 ], [ 78.200330615600222, 16.212721251384519, 0.0 ], [ 78.1967237193344, 16.208905434019716, 0.0 ], [ 78.20219025129235, 16.204550420415753, 0.0 ], [ 78.211260226091625, 16.201057421666494, 0.0 ], [ 78.210355598585366, 16.196316655227559, 0.0 ], [ 78.210956208640567, 16.183242839166621, 0.0 ], [ 78.209249099377018, 16.180307124586953, 0.0 ], [ 78.227251091099745, 16.174901624485869, 0.0 ], [ 78.227305232281438, 16.168149525021466, 0.0 ], [ 78.226513229228402, 16.163355689046377, 0.0 ], [ 78.22184105995288, 16.155363219319728, 0.0 ], [ 78.212148468884052, 16.130337438058231, 0.0 ], [ 78.210390625857329, 16.121308655814602, 0.0 ], [ 78.206135721336025, 16.107327451131265, 0.0 ], [ 78.21301060116734, 16.101087774710027, 0.0 ], [ 78.215865921424509, 16.0952794234049, 0.0 ], [ 78.214252373347421, 16.094434344978033, 0.0 ], [ 78.211470043698213, 16.090677353581864, 0.0 ], [ 78.206998652081481, 16.090185752038376, 0.0 ], [ 78.202169540995669, 16.088274480951139, 0.0 ], [ 78.196529861288923, 16.089692172110681, 0.0 ], [ 78.195434533228479, 16.089341021006373, 0.0 ], [ 78.192719732727809, 16.080631907275425, 0.0 ], [ 78.186721032472761, 16.081557028639928, 0.0 ], [ 78.179362026489599, 16.085189851888099, 0.0 ], [ 78.178469816663778, 16.084678025127175, 0.0 ], [ 78.177833752743979, 16.080274733181056, 0.0 ], [ 78.179653738118517, 16.077861307253709, 0.0 ], [ 78.180098337166683, 16.075848920225418, 0.0 ], [ 78.176379886324597, 16.070231363785116, 0.0 ], [ 78.176110057397082, 16.06811612370409, 0.0 ], [ 78.179593968554641, 16.06580694415176, 0.0 ], [ 78.179828209823242, 16.062982699209673, 0.0 ], [ 78.186922135780918, 16.059948484112045, 0.0 ], [ 78.190293847730842, 16.060021523645457, 0.0 ], [ 78.19278453317996, 16.061432670284134, 0.0 ], [ 78.202443889389301, 16.054563288604648, 0.0 ], [ 78.202296274470555, 16.051164977542836, 0.0 ], [ 78.203687910309398, 16.050949390773695, 0.0 ], [ 78.203836745236828, 16.049815721023297, 0.0 ], [ 78.202145261077817, 16.046843899217563, 0.0 ], [ 78.197243463826936, 16.044438678834631, 0.0 ], [ 78.195195176127214, 16.044013860576985, 0.0 ], [ 78.193434355259427, 16.045003358854057, 0.0 ], [ 78.190067883299264, 16.042103602974311, 0.0 ], [ 78.198119459932713, 16.041105780653314, 0.0 ], [ 78.203362543550256, 16.039086638174364, 0.0 ], [ 78.205358407028243, 16.037982054605898, 0.0 ], [ 78.208874249633212, 16.033641944065888, 0.0 ], [ 78.213078668506427, 16.033248721114724, 0.0 ], [ 78.215541272134956, 16.03059766289379, 0.0 ], [ 78.217968682743106, 16.030176143167385, 0.0 ], [ 78.217673654184509, 16.024537311993736, 0.0 ], [ 78.215619391603539, 16.016532136755512, 0.0 ], [ 78.213262518846705, 16.010848487042399, 0.0 ], [ 78.231570094667433, 16.00762609252325, 0.0 ], [ 78.229009081259818, 16.002591749924203, 0.0 ], [ 78.229596847198422, 16.001494555387996, 0.0 ], [ 78.231862524995904, 16.001695074929629, 0.0 ], [ 78.234381166594645, 16.0038931174041, 0.0 ], [ 78.233797047623298, 16.009169669947653, 0.0 ], [ 78.235185939639251, 16.00957351472811, 0.0 ], [ 78.250077316412145, 16.00858347322459, 0.0 ], [ 78.256555326626284, 16.008878413911265, 0.0 ], [ 78.259952894574653, 15.999144858783382, 0.0 ], [ 78.259886928320313, 15.995883051146025, 0.0 ], [ 78.258237762712284, 15.991211511833994, 0.0 ], [ 78.252601168579417, 15.981924897939997, 0.0 ], [ 78.251291610589021, 15.975398163905135, 0.0 ], [ 78.247853166127186, 15.970200649381392, 0.0 ], [ 78.241171525870101, 15.956302739478488, 0.0 ], [ 78.235016300470406, 15.95041592893106, 0.0 ], [ 78.225056761156267, 15.945288587615543, 0.0 ], [ 78.216961551844619, 15.943527868600071, 0.0 ], [ 78.200542191538659, 15.943653131252022, 0.0 ], [ 78.183665467000992, 15.944925427272137, 0.0 ], [ 78.169899888017781, 15.947551341467591, 0.0 ], [ 78.163425189245899, 15.947552376916718, 0.0 ], [ 78.159804265301048, 15.94856168426802, 0.0 ], [ 78.151867079544544, 15.954009853378439, 0.0 ], [ 78.146659367761288, 15.962640639354431, 0.0 ], [ 78.143882647031788, 15.972433700656151, 0.0 ], [ 78.143441462656241, 15.981221437108074, 0.0 ], [ 78.142222379483755, 15.987788798408387, 0.0 ], [ 78.139600577788158, 15.993169017723384, 0.0 ], [ 78.136141938918698, 15.996558859768369, 0.0 ], [ 78.125070722574563, 16.002274038791217, 0.0 ], [ 78.113599612624341, 16.0023033738123, 0.0 ], [ 78.105335730813721, 16.005095718123851, 0.0 ], [ 78.088303305119979, 16.008285489317299, 0.0 ], [ 78.072074111023198, 16.013432574013166, 0.0 ], [ 78.069510616554936, 16.014637869453232, 0.0 ], [ 78.056838977511063, 16.025107498595197, 0.0 ], [ 78.05084340987311, 16.028891792742861, 0.0 ], [ 78.046593932828088, 16.032895234226707, 0.0 ], [ 78.045846563729683, 16.037346248081622, 0.0 ], [ 78.043648980991605, 16.041065827781757, 0.0 ], [ 78.039274441281691, 16.045700809349164, 0.0 ], [ 78.036422494960433, 16.051240018477454, 0.0 ], [ 78.029356460903784, 16.060117727543414, 0.0 ], [ 78.026477358668174, 16.062553682421658, 0.0 ], [ 78.016153411831127, 16.066313478367242, 0.0 ], [ 78.014377367472918, 16.067685742290255, 0.0 ], [ 78.012613233255777, 16.071450752085486, 0.0 ], [ 77.993930726517291, 16.087639951413443, 0.0 ], [ 77.981842806472358, 16.091268719882247, 0.0 ], [ 77.973892070533097, 16.0954708619429, 0.0 ], [ 77.96733743892527, 16.101331289608353, 0.0 ], [ 77.961541725391555, 16.108543912315199, 0.0 ], [ 77.94716556875521, 16.11893685245186, 0.0 ], [ 77.943650791841179, 16.125882536784111, 0.0 ], [ 77.942990374226483, 16.131727325901416, 0.0 ], [ 77.941037293930492, 16.13801788651514, 0.0 ], [ 77.941120915607428, 16.142406221114474, 0.0 ], [ 77.94268006892159, 16.147775760265375, 0.0 ], [ 77.942049892828777, 16.150183469643778, 0.0 ], [ 77.942464805805059, 16.1535626343844, 0.0 ], [ 77.939616274738086, 16.160683576296528, 0.0 ], [ 77.935676024765741, 16.163910545429506, 0.0 ], [ 77.931178294586175, 16.175100238921925, 0.0 ], [ 77.932371849926568, 16.177973246159358, 0.0 ], [ 77.931511778951489, 16.182938178474295, 0.0 ], [ 77.932185132543125, 16.192001362902399, 0.0 ], [ 77.931402607017375, 16.19422625559195, 0.0 ], [ 77.920971526814114, 16.205533633367022, 0.0 ], [ 77.908436301396733, 16.216199686507057, 0.0 ], [ 77.899794078398855, 16.221580225355833, 0.0 ], [ 77.893786834599766, 16.223433150880624, 0.0 ], [ 77.883116973126931, 16.232334094758475, 0.0 ] ] ] } },
{ "type": "Feature", "properties": { "DISTRICT": "WARANGAL", "Dist_LGD": "540" }, "geometry": { "type": "Polygon", "coordinates": [ [ [ 79.577865853052742, 17.620695575214338, 0.0 ], [ 79.572306967878106, 17.617814365072192, 0.0 ], [ 79.563690503655991, 17.618491115901648, 0.0 ], [ 79.559866393998576, 17.620608036169234, 0.0 ], [ 79.551890976095322, 17.627141502227733, 0.0 ], [ 79.550448855994148, 17.627012904222877, 0.0 ], [ 79.545832464084583, 17.630084675755835, 0.0 ], [ 79.540472172240058, 17.637890601315672, 0.0 ], [ 79.536449337656222, 17.630268554269367, 0.0 ], [ 79.524459875185329, 17.633107429438059, 0.0 ], [ 79.52222111022725, 17.661360745220403, 0.0 ], [ 79.508879398615747, 17.661692562791561, 0.0 ], [ 79.503544574267551, 17.661089165635524, 0.0 ], [ 79.489822736880967, 17.662896186365607, 0.0 ], [ 79.491113601921839, 17.665881557546633, 0.0 ], [ 79.481319988124753, 17.674840087927699, 0.0 ], [ 79.483938434754577, 17.678252173446065, 0.0 ], [ 79.489730283577074, 17.690010625751814, 0.0 ], [ 79.490563131359906, 17.696809121425911, 0.0 ], [ 79.489528993335909, 17.698879184855599, 0.0 ], [ 79.480996745900384, 17.70531217083153, 0.0 ], [ 79.486884078949032, 17.711492675266516, 0.0 ], [ 79.495009158938586, 17.715509151725904, 0.0 ], [ 79.498941934871056, 17.716639648927639, 0.0 ], [ 79.502289515594498, 17.715406247230749, 0.0 ], [ 79.504186357297442, 17.724190874795713, 0.0 ], [ 79.495335641104788, 17.738334831107025, 0.0 ], [ 79.490822300583957, 17.741789702358041, 0.0 ], [ 79.481001663776723, 17.745242057921104, 0.0 ], [ 79.486435666545248, 17.752649849429638, 0.0 ], [ 79.490483488621891, 17.754472725567478, 0.0 ], [ 79.493074221763052, 17.754326750362782, 0.0 ], [ 79.505340900416456, 17.748616006913881, 0.0 ], [ 79.505376314502882, 17.750930718764224, 0.0 ], [ 79.510872170958251, 17.766859146934671, 0.0 ], [ 79.514591433549825, 17.774086391933377, 0.0 ], [ 79.514927948933916, 17.792576284614537, 0.0 ], [ 79.51424126507429, 17.794946420948037, 0.0 ], [ 79.521853218509577, 17.793855768694929, 0.0 ], [ 79.525219796341631, 17.790557734118202, 0.0 ], [ 79.53581873874802, 17.790339109490585, 0.0 ], [ 79.548670420226784, 17.786802989079511, 0.0 ], [ 79.552879455869146, 17.786767452392816, 0.0 ], [ 79.564648551847725, 17.795412524810487, 0.0 ], [ 79.564095144080241, 17.80260198759315, 0.0 ], [ 79.560067945854328, 17.805979084667428, 0.0 ], [ 79.55916254646786, 17.807828417758138, 0.0 ], [ 79.574194556117178, 17.813372624952514, 0.0 ], [ 79.577748997026475, 17.811195643785744, 0.0 ], [ 79.5862790783615, 17.815644119067528, 0.0 ], [ 79.594082760891425, 17.823171994747248, 0.0 ], [ 79.596770883509947, 17.823585637481639, 0.0 ], [ 79.60003694795769, 17.822496516535089, 0.0 ], [ 79.613616155008728, 17.821088665417467, 0.0 ], [ 79.621576071258062, 17.828787905566713, 0.0 ], [ 79.620901708696849, 17.841319783379429, 0.0 ], [ 79.616785395457256, 17.8456512644687, 0.0 ], [ 79.616470774757161, 17.847385693614228, 0.0 ], [ 79.614533169330329, 17.850026493592779, 0.0 ], [ 79.616195138178909, 17.85199965355455, 0.0 ], [ 79.616330585933397, 17.854404989316702, 0.0 ], [ 79.618537222022141, 17.859137695965888, 0.0 ], [ 79.617173500694818, 17.868470762411697, 0.0 ], [ 79.614160828899699, 17.868715900209626, 0.0 ], [ 79.607380511287445, 17.872213441231128, 0.0 ], [ 79.604280405228863, 17.87708676781676, 0.0 ], [ 79.593778972153459, 17.880748990927039, 0.0 ], [ 79.589807413334142, 17.883087197147848, 0.0 ], [ 79.59354851896363, 17.890773669068587, 0.0 ], [ 79.593621861953622, 17.897382336188439, 0.0 ], [ 79.588025955099425, 17.897674973861619, 0.0 ], [ 79.583909998758656, 17.899497050182973, 0.0 ], [ 79.566453070410262, 17.912977255602886, 0.0 ], [ 79.559957028400078, 17.916741123734312, 0.0 ], [ 79.559074403020688, 17.917690890974121, 0.0 ], [ 79.559047674417059, 17.921275193391732, 0.0 ], [ 79.558081464300784, 17.923856360373982, 0.0 ], [ 79.555589431225471, 17.926584513426302, 0.0 ], [ 79.554170469593856, 17.930040583993353, 0.0 ], [ 79.559576330190637, 17.932125542283345, 0.0 ], [ 79.564953375229891, 17.931407829209231, 0.0 ], [ 79.569395959364229, 17.929587593675944, 0.0 ], [ 79.568860578676933, 17.934936875945112, 0.0 ], [ 79.566167119966806, 17.939359474014481, 0.0 ], [ 79.567149717378484, 17.941413318576881, 0.0 ], [ 79.569111085041001, 17.953458697168745, 0.0 ], [ 79.570863907035417, 17.956665826395302, 0.0 ], [ 79.569002363457216, 17.960741883874732, 0.0 ], [ 79.571501325157939, 17.966596929536117, 0.0 ], [ 79.573046925469555, 17.968316674952757, 0.0 ], [ 79.575271305666675, 17.97523230825464, 0.0 ], [ 79.580193505848371, 17.975172765424034, 0.0 ], [ 79.581150040776379, 17.977403288887661, 0.0 ], [ 79.582196623919046, 17.977745667935384, 0.0 ], [ 79.582359095579591, 17.979300932249487, 0.0 ], [ 79.581092586427076, 17.981467374674434, 0.0 ], [ 79.581880962804163, 17.982859855959376, 0.0 ], [ 79.582146199821494, 17.987189297985417, 0.0 ], [ 79.588242027868688, 17.985366821121524, 0.0 ], [ 79.589580203846467, 17.990651344375728, 0.0 ], [ 79.592714065540221, 17.993730277953183, 0.0 ], [ 79.593894006073199, 17.99617755402722, 0.0 ], [ 79.594991854219529, 18.00142157175241, 0.0 ], [ 79.592686169950611, 18.00998382512449, 0.0 ], [ 79.594064740853128, 18.020477885053747, 0.0 ], [ 79.596688654358346, 18.025212954982486, 0.0 ], [ 79.594280169000342, 18.030331095661833, 0.0 ], [ 79.595495332793448, 18.032147431499155, 0.0 ], [ 79.595938759779926, 18.034847569268255, 0.0 ], [ 79.597631349617288, 18.036169241352354, 0.0 ], [ 79.599704029770947, 18.034547047923052, 0.0 ], [ 79.601006622495078, 18.031508761264877, 0.0 ], [ 79.604016707721982, 18.030193536189927, 0.0 ], [ 79.611924586625065, 18.032872774581918, 0.0 ], [ 79.620839862541061, 18.039705361646604, 0.0 ], [ 79.629417978889919, 18.038339734030401, 0.0 ], [ 79.641865963509801, 18.038180467255032, 0.0 ], [ 79.642660466785173, 18.042874361571215, 0.0 ], [ 79.646047347831768, 18.038919967715643, 0.0 ], [ 79.650990911658511, 18.042239126846848, 0.0 ], [ 79.661746944167348, 18.037072770858607, 0.0 ], [ 79.66662304772251, 18.033886225944972, 0.0 ], [ 79.665997400751536, 18.032808669425084, 0.0 ], [ 79.670899472494213, 18.028178664493872, 0.0 ], [ 79.670911372401747, 18.02706965467598, 0.0 ], [ 79.671659781662001, 18.027112567119094, 0.0 ], [ 79.670559909829905, 18.023360671261923, 0.0 ], [ 79.676382534109891, 18.015349193906214, 0.0 ], [ 79.676644851470186, 18.010174365428547, 0.0 ], [ 79.678418001218589, 18.007579143967224, 0.0 ], [ 79.683696329506276, 18.005547980779397, 0.0 ], [ 79.683315743915145, 18.004764864734188, 0.0 ], [ 79.68422883738161, 18.004456432436168, 0.0 ], [ 79.684485960718376, 18.005255492543331, 0.0 ], [ 79.686912117862647, 18.005153029976224, 0.0 ], [ 79.686034691654513, 18.00385890692742, 0.0 ], [ 79.692455787319176, 18.001381800895665, 0.0 ], [ 79.699778310290853, 17.999825555910995, 0.0 ], [ 79.701111076987587, 17.998478783012679, 0.0 ], [ 79.701474594883948, 17.996657631822675, 0.0 ], [ 79.707954098037078, 17.995257991079978, 0.0 ], [ 79.70884269144203, 17.996850494033726, 0.0 ], [ 79.711438463171774, 17.996506415817258, 0.0 ], [ 79.713392982586655, 17.999468968838027, 0.0 ], [ 79.714819348701312, 17.998782727688969, 0.0 ], [ 79.716379781671861, 18.000897905437547, 0.0 ], [ 79.719241183623055, 18.002548618071948, 0.0 ], [ 79.730806640299662, 18.005166577699352, 0.0 ], [ 79.731328979409213, 18.007427406303936, 0.0 ], [ 79.735238893212582, 18.009590421264587, 0.0 ], [ 79.740828772639503, 18.015839011444164, 0.0 ], [ 79.744964967188082, 18.023284989487124, 0.0 ], [ 79.746991241697003, 18.0319377566451, 0.0 ], [ 79.748150893110378, 18.033066748396557, 0.0 ], [ 79.74848830443311, 18.034863887066333, 0.0 ], [ 79.747858288042607, 18.040414588606502, 0.0 ], [ 79.749334589696844, 18.042110480318872, 0.0 ], [ 79.749881102748475, 18.045118988921146, 0.0 ], [ 79.745906525092494, 18.050175347042497, 0.0 ], [ 79.744294870187787, 18.05375150217677, 0.0 ], [ 79.744635177233775, 18.054489952521433, 0.0 ], [ 79.746545646260401, 18.054771798575583, 0.0 ], [ 79.748567761041002, 18.057163183852687, 0.0 ], [ 79.749602742104159, 18.057744877109833, 0.0 ], [ 79.762428221455664, 18.055981622295722, 0.0 ], [ 79.769054712350297, 18.054146741651746, 0.0 ], [ 79.777029774661628, 18.054304916218591, 0.0 ], [ 79.779254755729866, 18.049273037427746, 0.0 ], [ 79.785540150446579, 18.048887336396312, 0.0 ], [ 79.792105535088439, 18.04499879655069, 0.0 ], [ 79.79364437924275, 18.047219411562526, 0.0 ], [ 79.793587943627102, 18.051110625280707, 0.0 ], [ 79.79199225729819, 18.052036255950277, 0.0 ], [ 79.792558729989565, 18.056110413057695, 0.0 ], [ 79.793742184533144, 18.056783204881391, 0.0 ], [ 79.792252633068571, 18.057130801922579, 0.0 ], [ 79.792238711724849, 18.058332999385573, 0.0 ], [ 79.791153200425398, 18.05802211528156, 0.0 ], [ 79.792009467124714, 18.059037271322325, 0.0 ], [ 79.790268076463036, 18.059741146361258, 0.0 ], [ 79.79211276418313, 18.061844343311051, 0.0 ], [ 79.792445835102754, 18.063797835465891, 0.0 ], [ 79.791376187441401, 18.068205434874329, 0.0 ], [ 79.789162723039638, 18.071411660915253, 0.0 ], [ 79.785611191779296, 18.073456126715833, 0.0 ], [ 79.784559325430635, 18.078636662108725, 0.0 ], [ 79.785375885831741, 18.082586988694182, 0.0 ], [ 79.788225695069869, 18.081708270324466, 0.0 ], [ 79.790436866320789, 18.078255154686222, 0.0 ], [ 79.795013388122229, 18.076191628806185, 0.0 ], [ 79.809326812743052, 18.07634599018165, 0.0 ], [ 79.814494183863388, 18.091895303172219, 0.0 ], [ 79.816612223643887, 18.092986748906508, 0.0 ], [ 79.823223584720523, 18.09438619469076, 0.0 ], [ 79.82333898362424, 18.093803613668424, 0.0 ], [ 79.827046993811038, 18.094312433434393, 0.0 ], [ 79.82722950201493, 18.093481421146866, 0.0 ], [ 79.831007885461503, 18.092752002346476, 0.0 ], [ 79.837224535162292, 18.094900103812698, 0.0 ], [ 79.849590259905654, 18.094034115944122, 0.0 ], [ 79.862941013244779, 18.095403002008055, 0.0 ], [ 79.86384025409086, 18.093539073643729, 0.0 ], [ 79.887152423539234, 18.098198896556255, 0.0 ], [ 79.884493142093575, 18.085721819434887, 0.0 ], [ 79.89054296489897, 18.085382210640354, 0.0 ], [ 79.893279974004912, 18.083595744309541, 0.0 ], [ 79.90753855244381, 18.084675132514811, 0.0 ], [ 79.936330010808518, 18.083604862319518, 0.0 ], [ 79.950760242587293, 18.085915684855998, 0.0 ], [ 79.953891796403838, 18.088174477391018, 0.0 ], [ 79.957796289010886, 18.089476905182863, 0.0 ], [ 79.965100219047812, 18.100608766278754, 0.0 ], [ 79.975446563611484, 18.107232756976178, 0.0 ], [ 79.979479773641103, 18.11191117828605, 0.0 ], [ 79.991892825286769, 18.107543517295174, 0.0 ], [ 79.981227360653321, 18.060596294301135, 0.0 ], [ 79.984869431087816, 18.053757933094602, 0.0 ], [ 79.980788171098553, 18.039104395213894, 0.0 ], [ 79.979350051707911, 18.020249384158969, 0.0 ], [ 79.988243239942904, 18.00481333563544, 0.0 ], [ 79.992305685016674, 18.002960931898865, 0.0 ], [ 79.993954821842294, 18.000908277403003, 0.0 ], [ 79.992153851608137, 17.999593277520447, 0.0 ], [ 79.986364676262312, 17.991651804238433, 0.0 ], [ 79.985282222226488, 17.977560940441681, 0.0 ], [ 79.983878061833565, 17.970940555495051, 0.0 ], [ 79.988019192462573, 17.969427293007396, 0.0 ], [ 79.987648110923331, 17.965028606032927, 0.0 ], [ 79.985848271624832, 17.961638842905007, 0.0 ], [ 79.986351736697941, 17.956921363949576, 0.0 ], [ 79.985694430073295, 17.953669940442659, 0.0 ], [ 79.980908649701874, 17.949057166039061, 0.0 ], [ 79.976729941951973, 17.952378029532902, 0.0 ], [ 79.979247969888831, 17.946675595681644, 0.0 ], [ 79.983519858026042, 17.941953579535902, 0.0 ], [ 79.985841512308269, 17.93539179142876, 0.0 ], [ 79.985621167409278, 17.931187644548437, 0.0 ], [ 79.989385188072461, 17.927304956911581, 0.0 ], [ 79.99058920570549, 17.920071371030229, 0.0 ], [ 79.99424218010607, 17.917010990329658, 0.0 ], [ 79.994221617907527, 17.91398701717511, 0.0 ], [ 79.98874027941163, 17.904839024832217, 0.0 ], [ 79.991081735682229, 17.899492933643781, 0.0 ], [ 79.990967074122665, 17.896373835559999, 0.0 ], [ 79.994038417540338, 17.89167567112683, 0.0 ], [ 79.994186321380297, 17.889468798364931, 0.0 ], [ 79.991785270931487, 17.886684715655615, 0.0 ], [ 79.991166387078849, 17.881412830677505, 0.0 ], [ 79.989395105763137, 17.881444640132695, 0.0 ], [ 79.98865086617154, 17.879306235645142, 0.0 ], [ 79.986508836698619, 17.878869657888547, 0.0 ], [ 79.984564512819858, 17.876716579847276, 0.0 ], [ 79.98141723945055, 17.876333162334774, 0.0 ], [ 79.982859829905664, 17.873545956257686, 0.0 ], [ 79.980114532681924, 17.87099001939513, 0.0 ], [ 79.975381942883445, 17.861404765905622, 0.0 ], [ 79.96087823001109, 17.864284188846057, 0.0 ], [ 79.952750301185162, 17.860737866786998, 0.0 ], [ 79.952130186304416, 17.856301982778664, 0.0 ], [ 79.952846002663094, 17.85180177631813, 0.0 ], [ 79.951555337293627, 17.844114073191239, 0.0 ], [ 79.947208611293576, 17.835677283546325, 0.0 ], [ 79.942818200298674, 17.839426650716277, 0.0 ], [ 79.939415266737115, 17.841031516566542, 0.0 ], [ 79.938680316158397, 17.840613673778464, 0.0 ], [ 79.934399402532534, 17.834093294488468, 0.0 ], [ 79.934719093309425, 17.826355528208815, 0.0 ], [ 79.930932695579642, 17.818706261229941, 0.0 ], [ 79.923395531847163, 17.814102461836264, 0.0 ], [ 79.917774883695969, 17.809404375782659, 0.0 ], [ 79.915376072602285, 17.798847304494018, 0.0 ], [ 79.909952353479383, 17.804179987057442, 0.0 ], [ 79.910974732987455, 17.804720709862973, 0.0 ], [ 79.909188217696837, 17.808802083738382, 0.0 ], [ 79.90894094415863, 17.812548714571605, 0.0 ], [ 79.910689055857972, 17.813435031320463, 0.0 ], [ 79.901422844000223, 17.814290772466919, 0.0 ], [ 79.894888594592814, 17.813734436918601, 0.0 ], [ 79.892839134856004, 17.812670882670911, 0.0 ], [ 79.891276333412719, 17.809868401794631, 0.0 ], [ 79.886498438128839, 17.809099773922757, 0.0 ], [ 79.887444018244651, 17.811525449579459, 0.0 ], [ 79.883088846680764, 17.80988103431547, 0.0 ], [ 79.875566579811746, 17.808453387947647, 0.0 ], [ 79.877895288538795, 17.800310052891756, 0.0 ], [ 79.882620671404752, 17.790713538149962, 0.0 ], [ 79.88344437300303, 17.779360825453089, 0.0 ], [ 79.894985374627041, 17.768603673351222, 0.0 ], [ 79.898086723632332, 17.768078963005493, 0.0 ], [ 79.900350752005167, 17.766715716633694, 0.0 ], [ 79.902878112142389, 17.764082834631015, 0.0 ], [ 79.903725256804677, 17.76168034818475, 0.0 ], [ 79.902125588519425, 17.750962484435064, 0.0 ], [ 79.903671222813728, 17.746853144872119, 0.0 ], [ 79.898949710836547, 17.741239133609021, 0.0 ], [ 79.896654513822284, 17.735166126161477, 0.0 ], [ 79.893377527702967, 17.730102934157852, 0.0 ], [ 79.889609386881261, 17.731362542728029, 0.0 ], [ 79.888732795962781, 17.73264377408977, 0.0 ], [ 79.884099737559765, 17.734407088329608, 0.0 ], [ 79.882141788046511, 17.736010727212236, 0.0 ], [ 79.878747163605198, 17.736950190951237, 0.0 ], [ 79.876251802242123, 17.739863162922571, 0.0 ], [ 79.873307163307857, 17.741685278029991, 0.0 ], [ 79.869234848994807, 17.742362272141179, 0.0 ], [ 79.868891073137263, 17.741880313646053, 0.0 ], [ 79.872088431186427, 17.73926314272898, 0.0 ], [ 79.864289675593298, 17.735212425495089, 0.0 ], [ 79.864171161520133, 17.7339463624084, 0.0 ], [ 79.866885402812002, 17.730437540941313, 0.0 ], [ 79.861336366085723, 17.728061326036624, 0.0 ], [ 79.861314865334904, 17.723097697096993, 0.0 ], [ 79.863533089913261, 17.722702001990861, 0.0 ], [ 79.863580978488798, 17.719564946779624, 0.0 ], [ 79.852476951594468, 17.718320143332061, 0.0 ], [ 79.844612780559331, 17.71870745324555, 0.0 ], [ 79.824858145614385, 17.713424729392035, 0.0 ], [ 79.821504756287894, 17.713373442264711, 0.0 ], [ 79.818972819385763, 17.709007534268817, 0.0 ], [ 79.824750501408374, 17.696005926523721, 0.0 ], [ 79.82441622316216, 17.695164799745914, 0.0 ], [ 79.822175499673392, 17.69533845275274, 0.0 ], [ 79.819011196156296, 17.699306541143184, 0.0 ], [ 79.809291397048668, 17.700491380016356, 0.0 ], [ 79.805415450256703, 17.70024823807838, 0.0 ], [ 79.791046126597891, 17.708771743215145, 0.0 ], [ 79.783836185943045, 17.705909127386569, 0.0 ], [ 79.781865675364131, 17.703077099610187, 0.0 ], [ 79.778856304911386, 17.703161931493206, 0.0 ], [ 79.771294463636579, 17.697191726392131, 0.0 ], [ 79.771447082644329, 17.689095809790331, 0.0 ], [ 79.767768104375676, 17.686678265752267, 0.0 ], [ 79.762346732627975, 17.689914452111388, 0.0 ], [ 79.759599424813871, 17.6905740245667, 0.0 ], [ 79.753241090654967, 17.690823118590728, 0.0 ], [ 79.749837901344009, 17.687913492534864, 0.0 ], [ 79.741547666568252, 17.688942079244672, 0.0 ], [ 79.733005575047017, 17.691673647244542, 0.0 ], [ 79.725268313972492, 17.695949295057929, 0.0 ], [ 79.722844430688269, 17.69589080091616, 0.0 ], [ 79.724411558085677, 17.699133218100204, 0.0 ], [ 79.72154196952755, 17.700840638606955, 0.0 ], [ 79.715441496591652, 17.697843788682363, 0.0 ], [ 79.716716407956014, 17.6950999671384, 0.0 ], [ 79.713635774699327, 17.689451451773724, 0.0 ], [ 79.714129834700813, 17.683843158349703, 0.0 ], [ 79.708138895389425, 17.683084126248339, 0.0 ], [ 79.70818073491175, 17.682071738601767, 0.0 ], [ 79.705227912078527, 17.682227993847206, 0.0 ], [ 79.705267312719485, 17.682960518068843, 0.0 ], [ 79.698442788344323, 17.682762954388469, 0.0 ], [ 79.694620436243383, 17.684790892675604, 0.0 ], [ 79.689938954348776, 17.683896635204622, 0.0 ], [ 79.686486308787906, 17.675503078389955, 0.0 ], [ 79.682962882063862, 17.670225998364888, 0.0 ], [ 79.680559553380846, 17.658338080578169, 0.0 ], [ 79.678833382540773, 17.654757866211948, 0.0 ], [ 79.67773064358596, 17.649256090093829, 0.0 ], [ 79.670521471903839, 17.649055130923724, 0.0 ], [ 79.665932158999553, 17.650549742112219, 0.0 ], [ 79.661433914342908, 17.649520834604903, 0.0 ], [ 79.65808657655991, 17.642876627055497, 0.0 ], [ 79.653832647658291, 17.626114936100464, 0.0 ], [ 79.640493236766432, 17.624168906877397, 0.0 ], [ 79.635821093404161, 17.622759797681034, 0.0 ], [ 79.626851906065028, 17.622408664469738, 0.0 ], [ 79.621491233052339, 17.623485459139506, 0.0 ], [ 79.616293115421342, 17.621101895136917, 0.0 ], [ 79.613871154903038, 17.636159858880376, 0.0 ], [ 79.587013330377928, 17.629509713033215, 0.0 ], [ 79.577697346532759, 17.628475113837901, 0.0 ], [ 79.577281524540794, 17.623649655987055, 0.0 ], [ 79.577865853052742, 17.620695575214338, 0.0 ] ] ] } },
{ "type": "Feature", "properties": { "DISTRICT": "YADADRI BHUVANAGIRI", "Dist_LGD": "697" }, "geometry": { "type": "Polygon", "coordinates": [ [ [ 78.819423791503624, 17.232195323567321, 0.0 ], [ 78.812754360079936, 17.234077878670128, 0.0 ], [ 78.809258644952408, 17.238422632907387, 0.0 ], [ 78.80775505399653, 17.238713659066018, 0.0 ], [ 78.806608554699991, 17.240712137303998, 0.0 ], [ 78.800440581047368, 17.24224109440323, 0.0 ], [ 78.79793317404598, 17.243808168034384, 0.0 ], [ 78.790902700469189, 17.244389458885706, 0.0 ], [ 78.789625268455552, 17.242480121021774, 0.0 ], [ 78.787128277909559, 17.244996729920178, 0.0 ], [ 78.778014081841675, 17.246012967552431, 0.0 ], [ 78.776577385684817, 17.248330055662311, 0.0 ], [ 78.769647007491088, 17.250344788443876, 0.0 ], [ 78.763637751349734, 17.255147592655305, 0.0 ], [ 78.759685939420848, 17.256630114346724, 0.0 ], [ 78.757640580408832, 17.259624806835497, 0.0 ], [ 78.753306938071916, 17.261153822697807, 0.0 ], [ 78.754982365780549, 17.268035888002075, 0.0 ], [ 78.752278694786483, 17.277839312825616, 0.0 ], [ 78.752527152182083, 17.281648549278671, 0.0 ], [ 78.749990961516048, 17.285285641507983, 0.0 ], [ 78.746852499740186, 17.286259110277381, 0.0 ], [ 78.745073349352367, 17.2878451877909, 0.0 ], [ 78.741107904032802, 17.296014612546518, 0.0 ], [ 78.741280868690254, 17.297725244192957, 0.0 ], [ 78.744087103319401, 17.296563750818571, 0.0 ], [ 78.74616674822343, 17.296653211635746, 0.0 ], [ 78.749121918990454, 17.298847847195798, 0.0 ], [ 78.75198999689826, 17.302375627081855, 0.0 ], [ 78.759706990130169, 17.302655809140376, 0.0 ], [ 78.762267530070758, 17.303716604915451, 0.0 ], [ 78.753245861237247, 17.329506141821671, 0.0 ], [ 78.748673574204901, 17.329640433591507, 0.0 ], [ 78.745087502610758, 17.331089472891072, 0.0 ], [ 78.742946472893891, 17.329403411790725, 0.0 ], [ 78.7406145352642, 17.329587613666401, 0.0 ], [ 78.739109258707714, 17.32735516368567, 0.0 ], [ 78.73115505716315, 17.326656227910529, 0.0 ], [ 78.720083104291859, 17.328720838907174, 0.0 ], [ 78.719551838379161, 17.331239397743477, 0.0 ], [ 78.721373254975916, 17.331295282482717, 0.0 ], [ 78.721318561651401, 17.332655825964501, 0.0 ], [ 78.714147955688816, 17.334300524293656, 0.0 ], [ 78.713889303702885, 17.339443855641459, 0.0 ], [ 78.707133743523187, 17.34664410579887, 0.0 ], [ 78.707800022090723, 17.3525864090151, 0.0 ], [ 78.716088066455242, 17.3591443049086, 0.0 ], [ 78.730799572269703, 17.352570599529042, 0.0 ], [ 78.732393683364847, 17.354351718058393, 0.0 ], [ 78.730027463518837, 17.358315451278511, 0.0 ], [ 78.730144322947552, 17.359455814669612, 0.0 ], [ 78.731734503465958, 17.361684553015884, 0.0 ], [ 78.731853914126603, 17.367255968670253, 0.0 ], [ 78.733456757564227, 17.368083158884598, 0.0 ], [ 78.734463767928347, 17.373924136053596, 0.0 ], [ 78.737325120601113, 17.380919887033862, 0.0 ], [ 78.737748591264534, 17.388831347716092, 0.0 ], [ 78.737162807584937, 17.390621451831979, 0.0 ], [ 78.739137115506949, 17.396266967053752, 0.0 ], [ 78.740925587107668, 17.400061492890039, 0.0 ], [ 78.742479498783396, 17.401132350496699, 0.0 ], [ 78.749102289830063, 17.401498849086398, 0.0 ], [ 78.751610586944878, 17.403811810590472, 0.0 ], [ 78.754802588322733, 17.404981841180945, 0.0 ], [ 78.756012418317027, 17.417773563649448, 0.0 ], [ 78.757240532824738, 17.419501738524811, 0.0 ], [ 78.759490549552211, 17.427088801259796, 0.0 ], [ 78.758913403803064, 17.43056101702669, 0.0 ], [ 78.752718431054987, 17.434407755136927, 0.0 ], [ 78.751445044709726, 17.43619222539844, 0.0 ], [ 78.751160208097517, 17.438554585855744, 0.0 ], [ 78.752024950570345, 17.444064022740502, 0.0 ], [ 78.758549368903545, 17.454104973421988, 0.0 ], [ 78.760720630126755, 17.460542649820155, 0.0 ], [ 78.757704069166252, 17.462837596077399, 0.0 ], [ 78.757059883745271, 17.462172304898697, 0.0 ], [ 78.757085275554942, 17.463022457045977, 0.0 ], [ 78.75440119534538, 17.465564100579655, 0.0 ], [ 78.751463754460843, 17.471666253955263, 0.0 ], [ 78.74761065292202, 17.470554117191433, 0.0 ], [ 78.729189334381033, 17.471744806776666, 0.0 ], [ 78.725377163321212, 17.470813380494246, 0.0 ], [ 78.719558468234197, 17.471913255952593, 0.0 ], [ 78.716970050879752, 17.468505237572334, 0.0 ], [ 78.709199304073607, 17.476528671608417, 0.0 ], [ 78.709651407608987, 17.484819884519933, 0.0 ], [ 78.706544408096264, 17.485069565025618, 0.0 ], [ 78.708979036112567, 17.50223439507916, 0.0 ], [ 78.707472906294527, 17.505671400204772, 0.0 ], [ 78.712247914426328, 17.512710167057598, 0.0 ], [ 78.712408788966144, 17.52091293722567, 0.0 ], [ 78.702559169106337, 17.534001613729938, 0.0 ], [ 78.700580167971083, 17.535421251723047, 0.0 ], [ 78.701004315702335, 17.540049949395847, 0.0 ], [ 78.698004425620113, 17.541882783354776, 0.0 ], [ 78.69500318599934, 17.551541607356899, 0.0 ], [ 78.70566757830791, 17.557843370920367, 0.0 ], [ 78.699266518139368, 17.55894688586918, 0.0 ], [ 78.68911452276086, 17.562518523261044, 0.0 ], [ 78.688053733762786, 17.565610973922194, 0.0 ], [ 78.676564489969735, 17.576160766794679, 0.0 ], [ 78.678534122831948, 17.577677905911091, 0.0 ], [ 78.681580298686654, 17.578052017390419, 0.0 ], [ 78.691375192217095, 17.584704250525473, 0.0 ], [ 78.691534041400729, 17.588950852756934, 0.0 ], [ 78.693118432084233, 17.592472484921551, 0.0 ], [ 78.686615807583308, 17.595256579844321, 0.0 ], [ 78.690988318875426, 17.601618524009723, 0.0 ], [ 78.697763875909843, 17.606092708758517, 0.0 ], [ 78.697865945318, 17.608842314250069, 0.0 ], [ 78.699802711988823, 17.607909273138475, 0.0 ], [ 78.701908465185042, 17.611674871096039, 0.0 ], [ 78.701638365243568, 17.612341744008994, 0.0 ], [ 78.700050175562637, 17.611763230885423, 0.0 ], [ 78.698299292980465, 17.612480851500266, 0.0 ], [ 78.695530535457337, 17.61622338473747, 0.0 ], [ 78.69026434258015, 17.620324512783281, 0.0 ], [ 78.687650591949435, 17.621039182826344, 0.0 ], [ 78.685462224566976, 17.620107434388967, 0.0 ], [ 78.685307985623112, 17.622000333985184, 0.0 ], [ 78.701091784181472, 17.631862880489383, 0.0 ], [ 78.711402840644269, 17.63552554323174, 0.0 ], [ 78.711274070803128, 17.640339205309019, 0.0 ], [ 78.709978122519104, 17.644397103043243, 0.0 ], [ 78.711344251316163, 17.652306468457819, 0.0 ], [ 78.71830526222486, 17.657369205854316, 0.0 ], [ 78.722449851829353, 17.666775391607175, 0.0 ], [ 78.723831433993425, 17.668355640018653, 0.0 ], [ 78.729671850142026, 17.668101206663842, 0.0 ], [ 78.734111300074829, 17.671551149863081, 0.0 ], [ 78.738057828271693, 17.673197655411755, 0.0 ], [ 78.745281756833393, 17.683831146224112, 0.0 ], [ 78.752697523259414, 17.685722855261989, 0.0 ], [ 78.763123496854149, 17.686951677484597, 0.0 ], [ 78.768081574451131, 17.686793030802235, 0.0 ], [ 78.776690917582584, 17.691907811957858, 0.0 ], [ 78.781379702079306, 17.696118225154326, 0.0 ], [ 78.785159337378687, 17.701311287044845, 0.0 ], [ 78.788520537720373, 17.702047965234307, 0.0 ], [ 78.784281188249182, 17.705729980797141, 0.0 ], [ 78.783860264479387, 17.709637000157393, 0.0 ], [ 78.781953111238522, 17.711429949487236, 0.0 ], [ 78.790305985178861, 17.711496963608237, 0.0 ], [ 78.792807245672023, 17.710251109590118, 0.0 ], [ 78.800408218096095, 17.709443838632723, 0.0 ], [ 78.802168454836774, 17.70824629224547, 0.0 ], [ 78.802439255936108, 17.706928326413447, 0.0 ], [ 78.804577314952027, 17.70622201407301, 0.0 ], [ 78.805638214523896, 17.706809140002584, 0.0 ], [ 78.809429274776193, 17.703100524656318, 0.0 ], [ 78.815487092317667, 17.702352725618237, 0.0 ], [ 78.814866790001957, 17.704282761055602, 0.0 ], [ 78.81562444168938, 17.722610935548488, 0.0 ], [ 78.823354437775663, 17.729936390625159, 0.0 ], [ 78.821463256494894, 17.73044142399657, 0.0 ], [ 78.82076631169268, 17.733053387365239, 0.0 ], [ 78.822410840547349, 17.735471304721674, 0.0 ], [ 78.821643979760765, 17.739642271863243, 0.0 ], [ 78.827379827019385, 17.739700839895601, 0.0 ], [ 78.84132789495969, 17.752706848418153, 0.0 ], [ 78.858111289088058, 17.748483143068018, 0.0 ], [ 78.861965753754561, 17.756934583814381, 0.0 ], [ 78.86970874415077, 17.785192704057803, 0.0 ], [ 78.868428282153587, 17.785969501750358, 0.0 ], [ 78.86916533482399, 17.787557289916244, 0.0 ], [ 78.869315450064988, 17.792770569201362, 0.0 ], [ 78.867093551821952, 17.808570589473618, 0.0 ], [ 78.871275658841469, 17.807879258899384, 0.0 ], [ 78.875879930086342, 17.80977218456718, 0.0 ], [ 78.880759408249034, 17.809786560436493, 0.0 ], [ 78.891749419864027, 17.805850910145253, 0.0 ], [ 78.899693089582939, 17.805087826617203, 0.0 ], [ 78.900777630497132, 17.808074899899992, 0.0 ], [ 78.907135722647212, 17.812543316355832, 0.0 ], [ 78.921271295374012, 17.802373349359041, 0.0 ], [ 78.937831217060733, 17.79807401190061, 0.0 ], [ 78.946491739557061, 17.788951654832186, 0.0 ], [ 78.950935419721063, 17.787917025245566, 0.0 ], [ 78.957472329698163, 17.788303394090114, 0.0 ], [ 78.960548660665012, 17.79193291623719, 0.0 ], [ 78.965010747072299, 17.792163917115314, 0.0 ], [ 78.970795507693978, 17.794018041801568, 0.0 ], [ 78.976085347695147, 17.794602838296949, 0.0 ], [ 78.978194062053859, 17.795901665642358, 0.0 ], [ 78.97978529634554, 17.798200323578723, 0.0 ], [ 78.985987040475564, 17.796214673397337, 0.0 ], [ 78.990938304758814, 17.793587188985192, 0.0 ], [ 78.990693793106203, 17.791022316902058, 0.0 ], [ 78.993984178261286, 17.789603558554749, 0.0 ], [ 78.991901274490544, 17.785570190597614, 0.0 ], [ 79.001333073576021, 17.770818437341308, 0.0 ], [ 78.997514359624162, 17.761795770425998, 0.0 ], [ 78.996903011027598, 17.75661548946222, 0.0 ], [ 78.995206035420622, 17.753353310725082, 0.0 ], [ 78.995732030118276, 17.75120065631322, 0.0 ], [ 78.997712666695278, 17.748226525736225, 0.0 ], [ 79.000605573763607, 17.746248745290249, 0.0 ], [ 79.004026974593927, 17.742380572275284, 0.0 ], [ 79.004760585087013, 17.737105711449662, 0.0 ], [ 79.008856865199391, 17.73503219461087, 0.0 ], [ 79.008217334055473, 17.73353145167972, 0.0 ], [ 79.022376157521919, 17.718815828595481, 0.0 ], [ 79.025022833759422, 17.713097491051041, 0.0 ], [ 79.026858916683153, 17.712933853107796, 0.0 ], [ 79.03337507345951, 17.708204867494079, 0.0 ], [ 79.037504613948002, 17.70977022158057, 0.0 ], [ 79.040144544967191, 17.714399297988397, 0.0 ], [ 79.040439211952048, 17.720445397513327, 0.0 ], [ 79.046100747038835, 17.726003637088738, 0.0 ], [ 79.054689274394789, 17.72425824756289, 0.0 ], [ 79.068839586955733, 17.719190919284507, 0.0 ], [ 79.075513282104694, 17.714091103637131, 0.0 ], [ 79.082707939032517, 17.710612898917788, 0.0 ], [ 79.083923004069149, 17.706941150602734, 0.0 ], [ 79.089565491512545, 17.701503966798565, 0.0 ], [ 79.090389166532717, 17.698448965925621, 0.0 ], [ 79.089413139535722, 17.695788840790602, 0.0 ], [ 79.091309053873729, 17.69119934346454, 0.0 ], [ 79.094380324438873, 17.686445709960957, 0.0 ], [ 79.09798387069813, 17.684407963509322, 0.0 ], [ 79.098148599314726, 17.679169559749191, 0.0 ], [ 79.09971972535557, 17.677746803906942, 0.0 ], [ 79.10415711914699, 17.675135757410516, 0.0 ], [ 79.119167595414524, 17.669107790682034, 0.0 ], [ 79.123330527291145, 17.668583097773862, 0.0 ], [ 79.126805389246698, 17.673383921000269, 0.0 ], [ 79.130193196055259, 17.672442746503233, 0.0 ], [ 79.130523982183973, 17.664913306336057, 0.0 ], [ 79.129557019925528, 17.658193843941962, 0.0 ], [ 79.134806833763548, 17.643060312072425, 0.0 ], [ 79.138418575980722, 17.641017347908697, 0.0 ], [ 79.140456487214976, 17.638833214267695, 0.0 ], [ 79.14419176505487, 17.628441023097398, 0.0 ], [ 79.157694888813722, 17.622206260852462, 0.0 ], [ 79.157257059107309, 17.618672749632527, 0.0 ], [ 79.153732188590027, 17.613632380080226, 0.0 ], [ 79.153548570337108, 17.60328300057326, 0.0 ], [ 79.152071334365047, 17.598725683737666, 0.0 ], [ 79.153745003676931, 17.593885286986399, 0.0 ], [ 79.151261626794835, 17.587590068164111, 0.0 ], [ 79.155582243531057, 17.586487119001276, 0.0 ], [ 79.158135568213297, 17.584631541873801, 0.0 ], [ 79.163210730431658, 17.580694008409726, 0.0 ], [ 79.167380125407576, 17.575444164534282, 0.0 ], [ 79.177841787451541, 17.583475070095833, 0.0 ], [ 79.182927158494337, 17.594804215692129, 0.0 ], [ 79.184188428081981, 17.599328377360809, 0.0 ], [ 79.189690252234854, 17.599253748958766, 0.0 ], [ 79.202429460651601, 17.620344500606247, 0.0 ], [ 79.20536230875058, 17.623865908522458, 0.0 ], [ 79.208813377932117, 17.623859626275873, 0.0 ], [ 79.215290019328151, 17.61756056692829, 0.0 ], [ 79.218314886387176, 17.612782134739206, 0.0 ], [ 79.219532353529331, 17.607540729549278, 0.0 ], [ 79.218641824711199, 17.604583245157418, 0.0 ], [ 79.215852174297765, 17.602242754510684, 0.0 ], [ 79.214290972490971, 17.59950276091833, 0.0 ], [ 79.212787790799752, 17.594380590843333, 0.0 ], [ 79.218812514986297, 17.586374214573976, 0.0 ], [ 79.223413748787053, 17.583267052089635, 0.0 ], [ 79.230325111207577, 17.56912476070795, 0.0 ], [ 79.231177569521762, 17.563189532963975, 0.0 ], [ 79.245285309114479, 17.562656343644282, 0.0 ], [ 79.254941804841053, 17.559050999707608, 0.0 ], [ 79.257843013857965, 17.559366245860229, 0.0 ], [ 79.260455167447873, 17.562175403707965, 0.0 ], [ 79.262705133964147, 17.569363185538602, 0.0 ], [ 79.267437820161845, 17.571519928120225, 0.0 ], [ 79.275460372712075, 17.579767011842645, 0.0 ], [ 79.280797000356614, 17.574304672817046, 0.0 ], [ 79.289057838122289, 17.569238550051789, 0.0 ], [ 79.288187707684727, 17.568175718052991, 0.0 ], [ 79.28921843144883, 17.566120048158204, 0.0 ], [ 79.288167156031193, 17.565399735700968, 0.0 ], [ 79.29539563088899, 17.555657314581058, 0.0 ], [ 79.297101761261786, 17.554884779563679, 0.0 ], [ 79.304021060752419, 17.556311636503835, 0.0 ], [ 79.308051219449425, 17.554661408558228, 0.0 ], [ 79.312759584688919, 17.550736339585484, 0.0 ], [ 79.312516652490672, 17.546485253055934, 0.0 ], [ 79.311593470680023, 17.544843506412693, 0.0 ], [ 79.32036445046711, 17.540023078920218, 0.0 ], [ 79.319690280205791, 17.539286957779371, 0.0 ], [ 79.322581171981753, 17.532647991685138, 0.0 ], [ 79.322679756141881, 17.527987358932851, 0.0 ], [ 79.328597692942054, 17.524945659540379, 0.0 ], [ 79.337065064709279, 17.523423189606245, 0.0 ], [ 79.341747245850797, 17.521323700568473, 0.0 ], [ 79.343199482507686, 17.522773797450427, 0.0 ], [ 79.346293675511859, 17.521452323449743, 0.0 ], [ 79.355833558368317, 17.5218247052611, 0.0 ], [ 79.362168146955412, 17.520750902250118, 0.0 ], [ 79.377327251647742, 17.510803579137288, 0.0 ], [ 79.37888685584555, 17.511416872791951, 0.0 ], [ 79.376910766938593, 17.507008198419161, 0.0 ], [ 79.373220973929008, 17.504628738099168, 0.0 ], [ 79.373025961852477, 17.503298545630244, 0.0 ], [ 79.362994566464664, 17.500991652337198, 0.0 ], [ 79.369007885163938, 17.491662560848305, 0.0 ], [ 79.366210670294464, 17.486534388965005, 0.0 ], [ 79.373141726251916, 17.482294130055184, 0.0 ], [ 79.376109970738568, 17.474845415314345, 0.0 ], [ 79.377408957329763, 17.473414534167826, 0.0 ], [ 79.391086283919066, 17.465650931517885, 0.0 ], [ 79.406783362528614, 17.451960495195383, 0.0 ], [ 79.411100676615987, 17.444698952712681, 0.0 ], [ 79.419193129827519, 17.434382043488856, 0.0 ], [ 79.422893194706575, 17.426154059400524, 0.0 ], [ 79.424881306546965, 17.416579069755333, 0.0 ], [ 79.422702207710614, 17.412019696470097, 0.0 ], [ 79.417378184621796, 17.408163228530565, 0.0 ], [ 79.412906205238883, 17.401851393138386, 0.0 ], [ 79.412494934832935, 17.398729612078014, 0.0 ], [ 79.41452525373424, 17.391786212770384, 0.0 ], [ 79.418982370100551, 17.384497904729876, 0.0 ], [ 79.421856503505012, 17.376450944488234, 0.0 ], [ 79.441977113620382, 17.364081883210289, 0.0 ], [ 79.450991577818527, 17.352099605949881, 0.0 ], [ 79.453720884440358, 17.345276693093972, 0.0 ], [ 79.446528444209122, 17.346810194965379, 0.0 ], [ 79.424736845106892, 17.345702174200351, 0.0 ], [ 79.402135923435139, 17.348774564228801, 0.0 ], [ 79.390553429529746, 17.34726323944566, 0.0 ], [ 79.381374565023535, 17.344497917799792, 0.0 ], [ 79.373831496383644, 17.343861381178289, 0.0 ], [ 79.365919504041301, 17.345162293353411, 0.0 ], [ 79.353297496299589, 17.352455597931478, 0.0 ], [ 79.343449154927086, 17.35629982957925, 0.0 ], [ 79.332262648843738, 17.35945807241524, 0.0 ], [ 79.325514684440179, 17.360424749719026, 0.0 ], [ 79.295360008065984, 17.357068932457789, 0.0 ], [ 79.288614534444235, 17.357613969402099, 0.0 ], [ 79.276070455408586, 17.360114989878944, 0.0 ], [ 79.257127168409767, 17.360425889902665, 0.0 ], [ 79.250732569172087, 17.359063746082633, 0.0 ], [ 79.251013510983043, 17.357080500643345, 0.0 ], [ 79.249230310943929, 17.347594325376072, 0.0 ], [ 79.242758534027459, 17.343418823449852, 0.0 ], [ 79.239572051228052, 17.338243219950183, 0.0 ], [ 79.2396884573336, 17.337140390384747, 0.0 ], [ 79.24986318324558, 17.329936209302854, 0.0 ], [ 79.251518996313152, 17.327165221047458, 0.0 ], [ 79.251261988598728, 17.323157725436609, 0.0 ], [ 79.2481165757291, 17.315691631211983, 0.0 ], [ 79.243654876164669, 17.315788248961898, 0.0 ], [ 79.237462551996686, 17.317619082563862, 0.0 ], [ 79.228957571540633, 17.318187956065483, 0.0 ], [ 79.223919996106787, 17.314685368722682, 0.0 ], [ 79.219386163816466, 17.314088471304256, 0.0 ], [ 79.218505883309518, 17.309760647653412, 0.0 ], [ 79.219161584282645, 17.304483491004163, 0.0 ], [ 79.215901807419371, 17.289018407001901, 0.0 ], [ 79.213086896748976, 17.28260346543016, 0.0 ], [ 79.204760479149741, 17.269142109392803, 0.0 ], [ 79.205477066453582, 17.266089887674781, 0.0 ], [ 79.20504045122361, 17.262356939252332, 0.0 ], [ 79.197657539392537, 17.265807117543591, 0.0 ], [ 79.195411868785712, 17.268072250762469, 0.0 ], [ 79.185937945997665, 17.272390908503212, 0.0 ], [ 79.185811657440169, 17.273683295760677, 0.0 ], [ 79.184184073898621, 17.273569255307745, 0.0 ], [ 79.18180671618245, 17.259632654454407, 0.0 ], [ 79.178899343432875, 17.256702748264921, 0.0 ], [ 79.177956860857904, 17.251998970394386, 0.0 ], [ 79.175238790284908, 17.251728877912107, 0.0 ], [ 79.17570757261413, 17.255489235391831, 0.0 ], [ 79.171583082215378, 17.255820767008775, 0.0 ], [ 79.170332743871228, 17.25491769210845, 0.0 ], [ 79.165457949405109, 17.256944538934153, 0.0 ], [ 79.164798909099417, 17.256284781295399, 0.0 ], [ 79.163299214920229, 17.256763709322566, 0.0 ], [ 79.158390896495291, 17.260928893797182, 0.0 ], [ 79.158072755369005, 17.259276511310826, 0.0 ], [ 79.156728091376294, 17.25978802096348, 0.0 ], [ 79.157139918150136, 17.262191577235246, 0.0 ], [ 79.154636308377775, 17.263577474234776, 0.0 ], [ 79.155323570552284, 17.26492472110176, 0.0 ], [ 79.149756783913432, 17.271721609793097, 0.0 ], [ 79.154326489553114, 17.277908876722407, 0.0 ], [ 79.155639445341535, 17.281367106059157, 0.0 ], [ 79.152012865866922, 17.28106838155372, 0.0 ], [ 79.145073071181201, 17.282810381235841, 0.0 ], [ 79.142004749835721, 17.282090011349847, 0.0 ], [ 79.138190910889804, 17.280288704705935, 0.0 ], [ 79.137752378975506, 17.277012298312808, 0.0 ], [ 79.131309996819638, 17.277613078491761, 0.0 ], [ 79.129058920273025, 17.27647274057729, 0.0 ], [ 79.12099193495041, 17.276533729592828, 0.0 ], [ 79.116991050628712, 17.277950177194647, 0.0 ], [ 79.11053040371597, 17.265799388365885, 0.0 ], [ 79.108597464041836, 17.260302091974392, 0.0 ], [ 79.108347441867735, 17.255068956532831, 0.0 ], [ 79.10645661269119, 17.250987473527925, 0.0 ], [ 79.104802977313241, 17.249240018847711, 0.0 ], [ 79.103214012183926, 17.244377957364811, 0.0 ], [ 79.103444183699011, 17.242959927906412, 0.0 ], [ 79.088779525489485, 17.247384650621186, 0.0 ], [ 79.082280170469431, 17.2527403200184, 0.0 ], [ 79.073456656694304, 17.254074036481441, 0.0 ], [ 79.064062323795383, 17.258170862817771, 0.0 ], [ 79.055352901850796, 17.25737948684889, 0.0 ], [ 79.041866460894155, 17.266837226630766, 0.0 ], [ 79.036301612715789, 17.269041779706463, 0.0 ], [ 79.01194084132149, 17.273028387800267, 0.0 ], [ 79.008183083415631, 17.273318624182995, 0.0 ], [ 79.00595135367, 17.272208765075263, 0.0 ], [ 79.000038804723815, 17.272020956940349, 0.0 ], [ 78.997840957718893, 17.278192152946566, 0.0 ], [ 78.98184388353836, 17.27982453048855, 0.0 ], [ 78.980855118203152, 17.276833235622664, 0.0 ], [ 78.982788090033949, 17.275788955341007, 0.0 ], [ 78.980649475633129, 17.264469714152689, 0.0 ], [ 78.98179769168236, 17.26325709053507, 0.0 ], [ 78.982944124323268, 17.254945475989789, 0.0 ], [ 78.986528278313244, 17.250983497730889, 0.0 ], [ 78.984168213671751, 17.248149167756917, 0.0 ], [ 78.982775107078936, 17.247578616182267, 0.0 ], [ 78.978919171535296, 17.249061262828945, 0.0 ], [ 78.979160765289265, 17.243976149974305, 0.0 ], [ 78.977847195286444, 17.239210038179742, 0.0 ], [ 78.974640961925459, 17.232775365454263, 0.0 ], [ 78.97154364398645, 17.216574640360381, 0.0 ], [ 78.973762264081344, 17.215030594397167, 0.0 ], [ 78.957185042208991, 17.199098705961006, 0.0 ], [ 78.961144364365353, 17.198123537395961, 0.0 ], [ 78.962908993449133, 17.195658350770785, 0.0 ], [ 78.960592887280271, 17.191043023775091, 0.0 ], [ 78.9623226221035, 17.189418701508139, 0.0 ], [ 78.966360847700429, 17.187955619685116, 0.0 ], [ 78.972360768273461, 17.184051268000136, 0.0 ], [ 78.97063085579984, 17.179657299649659, 0.0 ], [ 78.977783644521097, 17.175657005739815, 0.0 ], [ 78.977391258891387, 17.17470468180246, 0.0 ], [ 78.979442523085922, 17.174045584378206, 0.0 ], [ 78.977936239561231, 17.168703582957271, 0.0 ], [ 78.98255879732244, 17.16458564595661, 0.0 ], [ 78.989251636428691, 17.160351106603521, 0.0 ], [ 78.992698062115963, 17.155604983541547, 0.0 ], [ 78.986342079451703, 17.146041502414661, 0.0 ], [ 78.975292031454956, 17.132361069106658, 0.0 ], [ 78.974557075001542, 17.128892097689221, 0.0 ], [ 78.972227651627392, 17.127274646644977, 0.0 ], [ 78.953841830554595, 17.133626266161116, 0.0 ], [ 78.952685861563225, 17.131714140317214, 0.0 ], [ 78.951468797716373, 17.132180104884871, 0.0 ], [ 78.951174658618541, 17.130120487360777, 0.0 ], [ 78.947291887461162, 17.126325577258928, 0.0 ], [ 78.947347034268944, 17.125290454191909, 0.0 ], [ 78.952223669031142, 17.122902230083373, 0.0 ], [ 78.948282122777641, 17.110465583717804, 0.0 ], [ 78.946898905056742, 17.10937468986511, 0.0 ], [ 78.94195746584063, 17.108691978418374, 0.0 ], [ 78.938464439683088, 17.106807873321074, 0.0 ], [ 78.930802488118758, 17.092317708057465, 0.0 ], [ 78.930056806278984, 17.089716599182371, 0.0 ], [ 78.930773985740899, 17.084675473810755, 0.0 ], [ 78.928325604520083, 17.081586980949098, 0.0 ], [ 78.914944315986787, 17.090979249000853, 0.0 ], [ 78.911375582121252, 17.090391967099841, 0.0 ], [ 78.902105785295049, 17.079108241246374, 0.0 ], [ 78.90105116635543, 17.074076403267497, 0.0 ], [ 78.903141270155473, 17.07259081716985, 0.0 ], [ 78.900543913486004, 17.06533623267423, 0.0 ], [ 78.897748392516036, 17.065690471253895, 0.0 ], [ 78.897379146701823, 17.063123814858422, 0.0 ], [ 78.894479613553216, 17.060103856812528, 0.0 ], [ 78.894754876862251, 17.049976774940358, 0.0 ], [ 78.892002850637695, 17.043891953938594, 0.0 ], [ 78.884179492142948, 17.045189284148137, 0.0 ], [ 78.880339654807557, 17.047393946884839, 0.0 ], [ 78.879511664687882, 17.057756548303999, 0.0 ], [ 78.876829013848791, 17.058690241438718, 0.0 ], [ 78.873432008966702, 17.061883979548284, 0.0 ], [ 78.867575332587435, 17.06458846384654, 0.0 ], [ 78.839486641431137, 17.075033997645765, 0.0 ], [ 78.832677152427848, 17.084115117637577, 0.0 ], [ 78.8281831677578, 17.09231874763838, 0.0 ], [ 78.819645976617764, 17.094340660384553, 0.0 ], [ 78.815405384518584, 17.096477669676357, 0.0 ], [ 78.818412848321529, 17.104396750718468, 0.0 ], [ 78.819189412547118, 17.109268361832875, 0.0 ], [ 78.827307935017416, 17.105131507235175, 0.0 ], [ 78.83340447010616, 17.103723283916654, 0.0 ], [ 78.833534453504356, 17.112813308934307, 0.0 ], [ 78.831915671510743, 17.114613917350891, 0.0 ], [ 78.82142772136703, 17.120301407633125, 0.0 ], [ 78.810155867247701, 17.125208963947497, 0.0 ], [ 78.804257153355536, 17.129747189833136, 0.0 ], [ 78.790603475562051, 17.135860155662652, 0.0 ], [ 78.788676436132548, 17.137893016859046, 0.0 ], [ 78.788540531746989, 17.136752477348821, 0.0 ], [ 78.785448223714567, 17.137568621304165, 0.0 ], [ 78.78067579255783, 17.143905979449165, 0.0 ], [ 78.780071643582005, 17.147916481067888, 0.0 ], [ 78.777862602705767, 17.148282992073614, 0.0 ], [ 78.774573730727141, 17.153252966667267, 0.0 ], [ 78.773697241833432, 17.155597212113236, 0.0 ], [ 78.777606921893664, 17.162452373608932, 0.0 ], [ 78.782747053175186, 17.160938347977961, 0.0 ], [ 78.785084284725485, 17.159365579693489, 0.0 ], [ 78.788873258344566, 17.162850610647155, 0.0 ], [ 78.78930511476635, 17.165115007884335, 0.0 ], [ 78.782255367335637, 17.179012521236597, 0.0 ], [ 78.780947235527123, 17.186598509135365, 0.0 ], [ 78.772645347058742, 17.189163103079199, 0.0 ], [ 78.772900539247161, 17.192778054953948, 0.0 ], [ 78.771948754811376, 17.19509905133809, 0.0 ], [ 78.759256293755328, 17.214240284293453, 0.0 ], [ 78.783126391343998, 17.207493145338834, 0.0 ], [ 78.794037791911919, 17.203560968968745, 0.0 ], [ 78.797947213699643, 17.203026987873208, 0.0 ], [ 78.800130947490928, 17.204021152336292, 0.0 ], [ 78.802523995637983, 17.208023929139124, 0.0 ], [ 78.80709624581408, 17.208101000971908, 0.0 ], [ 78.816252670770169, 17.212374248597921, 0.0 ], [ 78.816614588094879, 17.225616583090304, 0.0 ], [ 78.818952768985525, 17.228397869571662, 0.0 ], [ 78.820362874821868, 17.228567284022034, 0.0 ], [ 78.819423791503624, 17.232195323567321, 0.0 ] ] ] } }
]
}
